Starting Ollama server (logs redirected to ollama_18076604.log)...
Pulling model gemma4:31b...

───────────────────────────── PROCESSING 230 ITEMS ─────────────────────────────

[1;31m2026-07-31 17:42:41.144225966 [E:onnxruntime:Default, provider_bridge_ort.cc:2359 TryGetProviderInfo_CUDA] /onnxruntime_src/onnxruntime/core/session/provider_bridge_ort.cc:1952 onnxruntime::Provider& onnxruntime::ProviderLibrary::Get() [ONNXRuntimeError] : 1 : FAIL : Failed to load library /mnt/iusers01/fatpou01/chem02/b07755hv/.local/lib/python3.12/site-packages/onnxruntime/capi/libonnxruntime_providers_cuda.so with error: libcublasLt.so.12: cannot open shared object file: No such file or directory
[m
[0;93m2026-07-31 17:42:41.144251294 [W:onnxruntime:Default, onnxruntime_pybind_state.cc:992 CreateExecutionProviderFactoryInstance] Failed to create CUDAExecutionProvider. Require cuDNN 9.* and CUDA 12.*. Please install all dependencies as mentioned in the GPU requirements page (https://onnxruntime.ai/docs/execution-providers/CUDA-ExecutionProvider.html#requirements), make sure they're in the PATH, and that your GPU is supported.[m
[1;31m2026-07-31 17:42:42.097507358 [E:onnxruntime:Default, provider_bridge_ort.cc:2359 TryGetProviderInfo_CUDA] /onnxruntime_src/onnxruntime/core/session/provider_bridge_ort.cc:1952 onnxruntime::Provider& onnxruntime::ProviderLibrary::Get() [ONNXRuntimeError] : 1 : FAIL : Failed to load library /mnt/iusers01/fatpou01/chem02/b07755hv/.local/lib/python3.12/site-packages/onnxruntime/capi/libonnxruntime_providers_cuda.so with error: libcublasLt.so.12: cannot open shared object file: No such file or directory
[m
[0;93m2026-07-31 17:42:42.097522306 [W:onnxruntime:Default, onnxruntime_pybind_state.cc:992 CreateExecutionProviderFactoryInstance] Failed to create CUDAExecutionProvider. Require cuDNN 9.* and CUDA 12.*. Please install all dependencies as mentioned in the GPU requirements page (https://onnxruntime.ai/docs/execution-providers/CUDA-ExecutionProvider.html#requirements), make sure they're in the PATH, and that your GPU is supported.[m
[1;31m2026-07-31 17:42:43.206487862 [E:onnxruntime:Default, provider_bridge_ort.cc:2359 TryGetProviderInfo_CUDA] /onnxruntime_src/onnxruntime/core/session/provider_bridge_ort.cc:1952 onnxruntime::Provider& onnxruntime::ProviderLibrary::Get() [ONNXRuntimeError] : 1 : FAIL : Failed to load library /mnt/iusers01/fatpou01/chem02/b07755hv/.local/lib/python3.12/site-packages/onnxruntime/capi/libonnxruntime_providers_cuda.so with error: libcublasLt.so.12: cannot open shared object file: No such file or directory
[m
[0;93m2026-07-31 17:42:43.206506998 [W:onnxruntime:Default, onnxruntime_pybind_state.cc:992 CreateExecutionProviderFactoryInstance] Failed to create CUDAExecutionProvider. Require cuDNN 9.* and CUDA 12.*. Please install all dependencies as mentioned in the GPU requirements page (https://onnxruntime.ai/docs/execution-providers/CUDA-ExecutionProvider.html#requirements), make sure they're in the PATH, and that your GPU is supported.[m
📄 1983 - A pulsed field gradient NMR study of Self-diffusion in a polydisperse 
polymer system dextran in water.pdf
├── ✓ Extracted text & tables (completed in 272.52s)
│   ├── Hardware Acceleration: GPU Active (CUDA (NVIDIA A100-SXM4-80GB))
│   ├── Extracted text & tables in-memory
│   ├── Saved cleaned PDF to tests/runs/2026-07-31_17-39-11/1983 - A pulsed 
│   │   field gradient NMR study of Self-diffusion in a polydisperse polymer 
│   │   system dextran in water/extract/clean_1983 - A pulsed field gradient NMR
│   │   study of Self-diffusion in a polydisperse polymer system dextran in 
│   │   water.pdf
│   ├── Saved unclean markdown to tests/runs/2026-07-31_17-39-11/1983 - A pulsed
│   │   field gradient NMR study of Self-diffusion in a polydisperse polymer 
│   │   system dextran in water/extract/output.md
│   ├── Saved cleaned markdown to tests/runs/2026-07-31_17-39-11/1983 - A pulsed
│   │   field gradient NMR study of Self-diffusion in a polydisperse polymer 
│   │   system dextran in water/extract/output_clean.md
│   ├── Saved 1 tables (txt & csv) to tests/runs/2026-07-31_17-39-11/1983 - A 
│   │   pulsed field gradient NMR study of Self-diffusion in a polydisperse 
│   │   polymer system dextran in water/extract/tables
│   └── Saved execution logs to tests/runs/2026-07-31_17-39-11/1983 - A pulsed 
│       field gradient NMR study of Self-diffusion in a polydisperse polymer 
│       system dextran in water/extract/log_1983 - A pulsed field gradient NMR 
│       study of Self-diffusion in a polydisperse polymer system dextran in 
│       water.pdf.log
├── ✓ Categorised extracted tables using gemma4:31b (completed in 27.11s) (Total
│   tokens: 1067 in, 70 out)
│   └── table1.txt: raw (tokens: 1067 in, 70 out)
├── ⚠ No tables categorized as containing required parameters. Skipping 
│   interpretation.
└── Total time taken: 356.10s📄 1985 - The effect of polydispersity on measuring polymer self-diffusion with 
the NMR pulsed field gradient technique.pdf
├── ✓ Extracted text & tables (completed in 70.62s)
│   ├── Hardware Acceleration: GPU Active (CUDA (NVIDIA A100-SXM4-80GB))
│   ├── Extracted text & tables in-memory
│   ├── Saved cleaned PDF to tests/runs/2026-07-31_17-39-11/1985 - The effect of
│   │   polydispersity on measuring polymer self-diffusion with the NMR pulsed 
│   │   field gradient technique/extract/clean_1985 - The effect of 
│   │   polydispersity on measuring polymer self-diffusion with the NMR pulsed 
│   │   field gradient technique.pdf
│   ├── Saved unclean markdown to tests/runs/2026-07-31_17-39-11/1985 - The 
│   │   effect of polydispersity on measuring polymer self-diffusion with the 
│   │   NMR pulsed field gradient technique/extract/output.md
│   ├── Saved cleaned markdown to tests/runs/2026-07-31_17-39-11/1985 - The 
│   │   effect of polydispersity on measuring polymer self-diffusion with the 
│   │   NMR pulsed field gradient technique/extract/output_clean.md
│   ├── Saved 1 tables (txt & csv) to tests/runs/2026-07-31_17-39-11/1985 - The 
│   │   effect of polydispersity on measuring polymer self-diffusion with the 
│   │   NMR pulsed field gradient technique/extract/tables
│   └── Saved execution logs to tests/runs/2026-07-31_17-39-11/1985 - The effect
│       of polydispersity on measuring polymer self-diffusion with the NMR 
│       pulsed field gradient technique/extract/log_1985 - The effect of 
│       polydispersity on measuring polymer self-diffusion with the NMR pulsed 
│       field gradient technique.pdf.log
├── ✓ Categorised extracted tables using gemma4:31b (completed in 19.18s) (Total
│   tokens: 2290 in, 54 out)
│   └── table1.txt: raw (tokens: 2290 in, 54 out)
├── ⚠ No tables categorized as containing required parameters. Skipping 
│   interpretation.
└── Total time taken: 89.89s📄 1993 - Diffusion coefficients of several aqueous alkanolamine solutions.pdf
├── ✓ Extracted text & tables (completed in 119.02s)
│   ├── Hardware Acceleration: GPU Active (CUDA (NVIDIA A100-SXM4-80GB))
│   ├── Extracted text & tables in-memory
│   ├── Saved cleaned PDF to tests/runs/2026-07-31_17-39-11/1993 - Diffusion 
│   │   coefficients of several aqueous alkanolamine 
│   │   solutions/extract/clean_1993 - Diffusion coefficients of several aqueous
│   │   alkanolamine solutions.pdf
│   ├── Saved unclean markdown to tests/runs/2026-07-31_17-39-11/1993 - 
│   │   Diffusion coefficients of several aqueous alkanolamine 
│   │   solutions/extract/output.md
│   ├── Saved cleaned markdown to tests/runs/2026-07-31_17-39-11/1993 - 
│   │   Diffusion coefficients of several aqueous alkanolamine 
│   │   solutions/extract/output_clean.md
│   ├── Saved 9 tables (txt & csv) to tests/runs/2026-07-31_17-39-11/1993 - 
│   │   Diffusion coefficients of several aqueous alkanolamine 
│   │   solutions/extract/tables
│   └── Saved execution logs to tests/runs/2026-07-31_17-39-11/1993 - Diffusion 
│       coefficients of several aqueous alkanolamine solutions/extract/log_1993 
│       - Diffusion coefficients of several aqueous alkanolamine 
│       solutions.pdf.log
├── ✓ Categorised extracted tables using gemma4:31b (completed in 181.74s) 
│   (Total tokens: 12522 in, 608 out)
│   ├── table1.txt: Not flagged (no experimental data, no polymers) (tokens: 
│   │   1477 in, 56 out)
│   ├── table2.txt: Not flagged (no polymers) (tokens: 1094 in, 69 out)
│   ├── table3.txt: Not flagged (no polymers) (tokens: 1288 in, 71 out)
│   ├── table4.txt: Not flagged (no polymers) (tokens: 1460 in, 79 out)
│   ├── table5.txt: Not flagged (no polymers) (tokens: 1751 in, 77 out)
│   ├── table6.txt: Not flagged (no polymers) (tokens: 1356 in, 79 out)
│   ├── table7.txt: Not flagged (no polymers) (tokens: 1269 in, 55 out)
│   ├── table8.txt: Not flagged (no experimental data, no polymers) (tokens: 
│   │   1346 in, 68 out)
│   └── table9.txt: Not flagged (no experimental data, no polymers) (tokens: 
│       1481 in, 54 out)
├── ⚠ No tables categorized as containing required parameters. Skipping 
│   interpretation.
└── Total time taken: 301.66s📄 1993 - Resolution of Discrete and Continuous Molecular Size Distributions by 
Means of Diffusion-Ordered 2D NMR Spectroscopy.pdf
├── ✓ Extracted text & tables (completed in 171.10s)
│   ├── Hardware Acceleration: GPU Active (CUDA (NVIDIA A100-SXM4-80GB))
│   ├── Extracted text & tables in-memory
│   ├── Saved cleaned PDF to tests/runs/2026-07-31_17-39-11/1993 - Resolution of
│   │   Discrete and Continuous Molecular Size Distributions by Means of 
│   │   Diffusion-Ordered 2D NMR Spectroscopy/extract/clean_1993 - Resolution of
│   │   Discrete and Continuous Molecular Size Distributions by Means of 
│   │   Diffusion-Ordered 2D NMR Spectroscopy.pdf
│   ├── Saved unclean markdown to tests/runs/2026-07-31_17-39-11/1993 - 
│   │   Resolution of Discrete and Continuous Molecular Size Distributions by 
│   │   Means of Diffusion-Ordered 2D NMR Spectroscopy/extract/output.md
│   ├── Saved cleaned markdown to tests/runs/2026-07-31_17-39-11/1993 - 
│   │   Resolution of Discrete and Continuous Molecular Size Distributions by 
│   │   Means of Diffusion-Ordered 2D NMR Spectroscopy/extract/output_clean.md
│   ├── Saved 0 tables (txt & csv) to tests/runs/2026-07-31_17-39-11/1993 - 
│   │   Resolution of Discrete and Continuous Molecular Size Distributions by 
│   │   Means of Diffusion-Ordered 2D NMR Spectroscopy/extract/tables
│   └── Saved execution logs to tests/runs/2026-07-31_17-39-11/1993 - Resolution
│       of Discrete and Continuous Molecular Size Distributions by Means of 
│       Diffusion-Ordered 2D NMR Spectroscopy/extract/log_1993 - Resolution of 
│       Discrete and Continuous Molecular Size Distributions by Means of 
│       Diffusion-Ordered 2D NMR Spectroscopy.pdf.log
├── ✓ Categorised extracted tables using gemma4:31b (completed in 0.00s)
│   └── No tables found to categorise
├── ⚠ No extracted tables found to interpret.
└── Total time taken: 171.94s📄 1994 - Molecular Weight Dependence of Hydrodynamic and Thermodynamic 
Properties for Well-Defined Linear Polymers in Solution.pdf
├── ✓ Extracted text & tables (completed in 299.02s)
│   ├── Hardware Acceleration: GPU Active (CUDA (NVIDIA A100-SXM4-80GB))
│   ├── Extracted text & tables in-memory
│   ├── Saved cleaned PDF to tests/runs/2026-07-31_17-39-11/1994 - Molecular 
│   │   Weight Dependence of Hydrodynamic and Thermodynamic Properties for 
│   │   Well-Defined Linear Polymers in Solution/extract/clean_1994 - Molecular 
│   │   Weight Dependence of Hydrodynamic and Thermodynamic Properties for 
│   │   Well-Defined Linear Polymers in Solution.pdf
│   ├── Saved unclean markdown to tests/runs/2026-07-31_17-39-11/1994 - 
│   │   Molecular Weight Dependence of Hydrodynamic and Thermodynamic Properties
│   │   for Well-Defined Linear Polymers in Solution/extract/output.md
│   ├── Saved cleaned markdown to tests/runs/2026-07-31_17-39-11/1994 - 
│   │   Molecular Weight Dependence of Hydrodynamic and Thermodynamic Properties
│   │   for Well-Defined Linear Polymers in Solution/extract/output_clean.md
│   ├── Saved 19 tables (txt & csv) to tests/runs/2026-07-31_17-39-11/1994 - 
│   │   Molecular Weight Dependence of Hydrodynamic and Thermodynamic Properties
│   │   for Well-Defined Linear Polymers in Solution/extract/tables
│   └── Saved execution logs to tests/runs/2026-07-31_17-39-11/1994 - Molecular 
│       Weight Dependence of Hydrodynamic and Thermodynamic Properties for 
│       Well-Defined Linear Polymers in Solution/extract/log_1994 - Molecular 
│       Weight Dependence of Hydrodynamic and Thermodynamic Properties for 
│       Well-Defined Linear Polymers in Solution.pdf.log
├── ✓ Categorised extracted tables using gemma4:31b (completed in 558.52s) 
│   (Total tokens: 31351 in, 1176 out)
│   ├── table1.txt: Not flagged (no experimental data, no polymers) (tokens: 
│   │   2535 in, 57 out)
│   ├── table2.txt: Not flagged (no polymers) (tokens: 1236 in, 58 out)
│   ├── table3.txt: Not flagged (no polymers) (tokens: 991 in, 66 out)
│   ├── table4.txt: Not flagged (no polymers) (tokens: 1228 in, 57 out)
│   ├── table5.txt: Not flagged (no polymers) (tokens: 1182 in, 76 out)
│   ├── table6.txt: Not flagged (no polymers) (tokens: 1270 in, 54 out)
│   ├── table7.txt: Not flagged (no polymers) (tokens: 1116 in, 54 out)
│   ├── table8.txt: Not flagged (no polymers) (tokens: 2175 in, 57 out)
│   ├── table9.txt: Not flagged (no polymers) (tokens: 3045 in, 54 out)
│   ├── table10.txt: Not flagged (no polymers) (tokens: 1267 in, 75 out)
│   ├── table11.txt: Not flagged (no polymers) (tokens: 1941 in, 57 out)
│   ├── table12.txt: Not flagged (no polymers) (tokens: 2128 in, 54 out)
│   ├── table13.txt: Not flagged (no polymers) (tokens: 1058 in, 75 out)
│   ├── table14.txt: Not flagged (no polymers) (tokens: 1556 in, 58 out)
│   ├── table15.txt: Not flagged (no polymers) (tokens: 1667 in, 57 out)
│   ├── table16.txt: Not flagged (no polymers) (tokens: 2015 in, 66 out)
│   ├── table17.txt: Not flagged (no polymers) (tokens: 1056 in, 78 out)
│   ├── table18.txt: Not flagged (no polymers) (tokens: 1894 in, 66 out)
│   └── table19.txt: Not flagged (no polymers) (tokens: 1991 in, 57 out)
├── ⚠ No tables categorized as containing required parameters. Skipping 
│   interpretation.
└── Total time taken: 858.43s📄 1994 - Structural Information on Hyaluronic Acid Solutions As Studied by 
Probe Diffusion Experiments.pdf
├── ✓ Extracted text & tables (completed in 66.65s)
│   ├── Hardware Acceleration: GPU Active (CUDA (NVIDIA A100-SXM4-80GB))
│   ├── Extracted text & tables in-memory
│   ├── Saved cleaned PDF to tests/runs/2026-07-31_17-39-11/1994 - Structural 
│   │   Information on Hyaluronic Acid Solutions As Studied by Probe Diffusion 
│   │   Experiments/extract/clean_1994 - Structural Information on Hyaluronic 
│   │   Acid Solutions As Studied by Probe Diffusion Experiments.pdf
│   ├── Saved unclean markdown to tests/runs/2026-07-31_17-39-11/1994 - 
│   │   Structural Information on Hyaluronic Acid Solutions As Studied by Probe 
│   │   Diffusion Experiments/extract/output.md
│   ├── Saved cleaned markdown to tests/runs/2026-07-31_17-39-11/1994 - 
│   │   Structural Information on Hyaluronic Acid Solutions As Studied by Probe 
│   │   Diffusion Experiments/extract/output_clean.md
│   ├── Saved 2 tables (txt & csv) to tests/runs/2026-07-31_17-39-11/1994 - 
│   │   Structural Information on Hyaluronic Acid Solutions As Studied by Probe 
│   │   Diffusion Experiments/extract/tables
│   └── Saved execution logs to tests/runs/2026-07-31_17-39-11/1994 - Structural
│       Information on Hyaluronic Acid Solutions As Studied by Probe Diffusion 
│       Experiments/extract/log_1994 - Structural Information on Hyaluronic Acid
│       Solutions As Studied by Probe Diffusion Experiments.pdf.log
├── ✓ Categorised extracted tables using gemma4:31b (completed in 42.50s) (Total
│   tokens: 2129 in, 129 out)
│   ├── table1.txt: flory (tokens: 1201 in, 54 out)
│   └── table2.txt: Not flagged (no polymers) (tokens: 928 in, 75 out)
├── ✓ Interpreted coeff tables using gemma4:31b (completed in 412.32s) (Total 
│   tokens: 17201 in, 3019 out)
│   └── table1.txt (Flory): Interpreted (tokens: 17201 in, 3019 out)
│       ├── Calculator Call: log10(4.46) -> 0.6493348587121419
│       ├── Calculator Call: log10(3.14) -> 0.49692964807321494
│       └── Calculator Call: log10(1.66) -> 0.22010808804005508
└── Total time taken: 521.64s📄 1995 - Determination of MWD for Polymers by Diffusion-Ordered NMR.pdf
├── ✓ Extracted text & tables (completed in 133.94s)
│   ├── Hardware Acceleration: GPU Active (CUDA (NVIDIA A100-SXM4-80GB))
│   ├── Extracted text & tables in-memory
│   ├── Saved cleaned PDF to tests/runs/2026-07-31_17-39-11/1995 - Determination
│   │   of MWD for Polymers by Diffusion-Ordered NMR/extract/clean_1995 - 
│   │   Determination of MWD for Polymers by Diffusion-Ordered NMR.pdf
│   ├── Saved unclean markdown to tests/runs/2026-07-31_17-39-11/1995 - 
│   │   Determination of MWD for Polymers by Diffusion-Ordered 
│   │   NMR/extract/output.md
│   ├── Saved cleaned markdown to tests/runs/2026-07-31_17-39-11/1995 - 
│   │   Determination of MWD for Polymers by Diffusion-Ordered 
│   │   NMR/extract/output_clean.md
│   ├── Saved 2 tables (txt & csv) to tests/runs/2026-07-31_17-39-11/1995 - 
│   │   Determination of MWD for Polymers by Diffusion-Ordered 
│   │   NMR/extract/tables
│   └── Saved execution logs to tests/runs/2026-07-31_17-39-11/1995 - 
│       Determination of MWD for Polymers by Diffusion-Ordered 
│       NMR/extract/log_1995 - Determination of MWD for Polymers by 
│       Diffusion-Ordered NMR.pdf.log
├── ✓ Categorised extracted tables using gemma4:31b (completed in 43.92s) (Total
│   tokens: 2001 in, 142 out)
│   ├── table1.txt: Not flagged (no polymers) (tokens: 906 in, 66 out)
│   └── table2.txt: Not flagged (no polymers) (tokens: 1095 in, 76 out)
├── ⚠ No tables categorized as containing required parameters. Skipping 
│   interpretation.
└── Total time taken: 177.97s📄 1995 - Determination of Molecular Weight Distributions for Polymers by 
diffusion NMR.pdf
├── ✓ Extracted text & tables (completed in 136.42s)
│   ├── Hardware Acceleration: GPU Active (CUDA (NVIDIA A100-SXM4-80GB))
│   ├── Extracted text & tables in-memory
│   ├── Saved cleaned PDF to tests/runs/2026-07-31_17-39-11/1995 - Determination
│   │   of Molecular Weight Distributions for Polymers by diffusion 
│   │   NMR/extract/clean_1995 - Determination of Molecular Weight Distributions
│   │   for Polymers by diffusion NMR.pdf
│   ├── Saved unclean markdown to tests/runs/2026-07-31_17-39-11/1995 - 
│   │   Determination of Molecular Weight Distributions for Polymers by 
│   │   diffusion NMR/extract/output.md
│   ├── Saved cleaned markdown to tests/runs/2026-07-31_17-39-11/1995 - 
│   │   Determination of Molecular Weight Distributions for Polymers by 
│   │   diffusion NMR/extract/output_clean.md
│   ├── Saved 2 tables (txt & csv) to tests/runs/2026-07-31_17-39-11/1995 - 
│   │   Determination of Molecular Weight Distributions for Polymers by 
│   │   diffusion NMR/extract/tables
│   └── Saved execution logs to tests/runs/2026-07-31_17-39-11/1995 - 
│       Determination of Molecular Weight Distributions for Polymers by 
│       diffusion NMR/extract/log_1995 - Determination of Molecular Weight 
│       Distributions for Polymers by diffusion NMR.pdf.log
├── ✓ Categorised extracted tables using gemma4:31b (completed in 37.23s) (Total
│   tokens: 2083 in, 120 out)
│   ├── table1.txt: Not flagged (no polymers) (tokens: 805 in, 54 out)
│   └── table2.txt: flory (tokens: 1278 in, 66 out)
├── ✓ Interpreted coeff tables using gemma4:31b (completed in 56.19s) (Total 
│   tokens: 13891 in, 877 out)
│   └── table2.txt (Flory): Interpreted (tokens: 13891 in, 877 out)
└── Total time taken: 230.06s📄 1996 - polydispersity index and molecular weight distributions of 
polymers.pdf
├── ✓ Extracted text & tables (completed in 510.40s)
│   ├── Hardware Acceleration: GPU Active (CUDA (NVIDIA A100-SXM4-80GB))
│   ├── Extracted text & tables in-memory
│   ├── Saved cleaned PDF to tests/runs/2026-07-31_17-39-11/1996 - 
│   │   polydispersity index and molecular weight distributions of 
│   │   polymers/extract/clean_1996 - polydispersity index and molecular weight 
│   │   distributions of polymers.pdf
│   ├── Saved unclean markdown to tests/runs/2026-07-31_17-39-11/1996 - 
│   │   polydispersity index and molecular weight distributions of 
│   │   polymers/extract/output.md
│   ├── Saved cleaned markdown to tests/runs/2026-07-31_17-39-11/1996 - 
│   │   polydispersity index and molecular weight distributions of 
│   │   polymers/extract/output_clean.md
│   ├── Saved 0 tables (txt & csv) to tests/runs/2026-07-31_17-39-11/1996 - 
│   │   polydispersity index and molecular weight distributions of 
│   │   polymers/extract/tables
│   └── Saved execution logs to tests/runs/2026-07-31_17-39-11/1996 - 
│       polydispersity index and molecular weight distributions of 
│       polymers/extract/log_1996 - polydispersity index and molecular weight 
│       distributions of polymers.pdf.log
├── ✓ Categorised extracted tables using gemma4:31b (completed in 0.00s)
│   └── No tables found to categorise
├── ⚠ No extracted tables found to interpret.
└── Total time taken: 510.52s📄 1998 - diffusion separated NMR of polymer mixtures.pdf
├── ✓ Extracted text & tables (completed in 9.13s)
│   ├── Hardware Acceleration: GPU Active (CUDA (NVIDIA A100-SXM4-80GB))
│   ├── Extracted text & tables in-memory
│   ├── Saved cleaned PDF to tests/runs/2026-07-31_17-39-11/1998 - diffusion 
│   │   separated NMR of polymer mixtures/extract/clean_1998 - diffusion 
│   │   separated NMR of polymer mixtures.pdf
│   ├── Saved unclean markdown to tests/runs/2026-07-31_17-39-11/1998 - 
│   │   diffusion separated NMR of polymer mixtures/extract/output.md
│   ├── Saved cleaned markdown to tests/runs/2026-07-31_17-39-11/1998 - 
│   │   diffusion separated NMR of polymer mixtures/extract/output_clean.md
│   ├── Saved 0 tables (txt & csv) to tests/runs/2026-07-31_17-39-11/1998 - 
│   │   diffusion separated NMR of polymer mixtures/extract/tables
│   └── Saved execution logs to tests/runs/2026-07-31_17-39-11/1998 - diffusion 
│       separated NMR of polymer mixtures/extract/log_1998 - diffusion separated
│       NMR of polymer mixtures.pdf.log
├── ✓ Categorised extracted tables using gemma4:31b (completed in 0.00s)
│   └── No tables found to categorise
├── ⚠ No extracted tables found to interpret.
└── Total time taken: 9.20s📄 2003 - Diffusion-Ordered NMR Spectroscopy - A Versatile Tool for the 
Molecular Weight Determination of Uncharged Polysaccharides.pdf
├── ✓ Extracted text & tables (completed in 15.42s)
│   ├── Hardware Acceleration: GPU Active (CUDA (NVIDIA A100-SXM4-80GB))
│   ├── Extracted text & tables in-memory
│   ├── Saved cleaned PDF to tests/runs/2026-07-31_17-39-11/2003 - 
│   │   Diffusion-Ordered NMR Spectroscopy - A Versatile Tool for the Molecular 
│   │   Weight Determination of Uncharged Polysaccharides/extract/clean_2003 - 
│   │   Diffusion-Ordered NMR Spectroscopy - A Versatile Tool for the Molecular 
│   │   Weight Determination of Uncharged Polysaccharides.pdf
│   ├── Saved unclean markdown to tests/runs/2026-07-31_17-39-11/2003 - 
│   │   Diffusion-Ordered NMR Spectroscopy - A Versatile Tool for the Molecular 
│   │   Weight Determination of Uncharged Polysaccharides/extract/output.md
│   ├── Saved cleaned markdown to tests/runs/2026-07-31_17-39-11/2003 - 
│   │   Diffusion-Ordered NMR Spectroscopy - A Versatile Tool for the Molecular 
│   │   Weight Determination of Uncharged 
│   │   Polysaccharides/extract/output_clean.md
│   ├── Saved 1 tables (txt & csv) to tests/runs/2026-07-31_17-39-11/2003 - 
│   │   Diffusion-Ordered NMR Spectroscopy - A Versatile Tool for the Molecular 
│   │   Weight Determination of Uncharged Polysaccharides/extract/tables
│   └── Saved execution logs to tests/runs/2026-07-31_17-39-11/2003 - 
│       Diffusion-Ordered NMR Spectroscopy - A Versatile Tool for the Molecular 
│       Weight Determination of Uncharged Polysaccharides/extract/log_2003 - 
│       Diffusion-Ordered NMR Spectroscopy - A Versatile Tool for the Molecular 
│       Weight Determination of Uncharged Polysaccharides.pdf.log
├── ✓ Categorised extracted tables using gemma4:31b (completed in 23.95s) (Total
│   tokens: 1300 in, 66 out)
│   └── table1.txt: raw (tokens: 1300 in, 66 out)
├── ⚠ No tables categorized as containing required parameters. Skipping 
│   interpretation.
└── Total time taken: 39.47s📄 2004 - 2D and 3D DOSY methods for studying mixtures of oligomeric 
dimethoxysiloxanes.pdf
├── ✓ Extracted text & tables (completed in 18.60s)
│   ├── Hardware Acceleration: GPU Active (CUDA (NVIDIA A100-SXM4-80GB))
│   ├── Extracted text & tables in-memory
│   ├── Saved cleaned PDF to tests/runs/2026-07-31_17-39-11/2004 - 2D and 3D 
│   │   DOSY methods for studying mixtures of oligomeric 
│   │   dimethoxysiloxanes/extract/clean_2004 - 2D and 3D DOSY methods for 
│   │   studying mixtures of oligomeric dimethoxysiloxanes.pdf
│   ├── Saved unclean markdown to tests/runs/2026-07-31_17-39-11/2004 - 2D and 
│   │   3D DOSY methods for studying mixtures of oligomeric 
│   │   dimethoxysiloxanes/extract/output.md
│   ├── Saved cleaned markdown to tests/runs/2026-07-31_17-39-11/2004 - 2D and 
│   │   3D DOSY methods for studying mixtures of oligomeric 
│   │   dimethoxysiloxanes/extract/output_clean.md
│   ├── Saved 1 tables (txt & csv) to tests/runs/2026-07-31_17-39-11/2004 - 2D 
│   │   and 3D DOSY methods for studying mixtures of oligomeric 
│   │   dimethoxysiloxanes/extract/tables
│   └── Saved execution logs to tests/runs/2026-07-31_17-39-11/2004 - 2D and 3D 
│       DOSY methods for studying mixtures of oligomeric 
│       dimethoxysiloxanes/extract/log_2004 - 2D and 3D DOSY methods for 
│       studying mixtures of oligomeric dimethoxysiloxanes.pdf.log
├── ✓ Categorised extracted tables using gemma4:31b (completed in 19.30s) (Total
│   tokens: 2966 in, 54 out)
│   └── table1.txt: raw (tokens: 2966 in, 54 out)
├── ⚠ No tables categorized as containing required parameters. Skipping 
│   interpretation.
└── Total time taken: 38.00s📄 2004 - Polymer Chain Dynamics and NMR -.pdf
├── ✓ Extracted text & tables (completed in 450.52s)
│   ├── Hardware Acceleration: GPU Active (CUDA (NVIDIA A100-SXM4-80GB))
│   ├── Extracted text & tables in-memory
│   ├── Saved cleaned PDF to tests/runs/2026-07-31_17-39-11/2004 - Polymer Chain
│   │   Dynamics and NMR -/extract/clean_2004 - Polymer Chain Dynamics and NMR 
│   │   -.pdf
│   ├── Saved unclean markdown to tests/runs/2026-07-31_17-39-11/2004 - Polymer 
│   │   Chain Dynamics and NMR -/extract/output.md
│   ├── Saved cleaned markdown to tests/runs/2026-07-31_17-39-11/2004 - Polymer 
│   │   Chain Dynamics and NMR -/extract/output_clean.md
│   ├── Saved 7 tables (txt & csv) to tests/runs/2026-07-31_17-39-11/2004 - 
│   │   Polymer Chain Dynamics and NMR -/extract/tables
│   └── Saved execution logs to tests/runs/2026-07-31_17-39-11/2004 - Polymer 
│       Chain Dynamics and NMR -/extract/log_2004 - Polymer Chain Dynamics and 
│       NMR -.pdf.log
├── ✓ Categorised extracted tables using gemma4:31b (completed in 136.73s) 
│   (Total tokens: 11593 in, 396 out)
│   ├── table1.txt: Not flagged (no experimental data, no polymers) (tokens: 
│   │   2767 in, 66 out)
│   ├── table2.txt: Not flagged (no experimental data, no polymers) (tokens: 
│   │   1666 in, 54 out)
│   ├── table3.txt: Not flagged (no experimental data, no polymers) (tokens: 
│   │   1321 in, 54 out)
│   ├── table4.txt: Not flagged (no experimental data, no polymers) (tokens: 
│   │   1082 in, 55 out)
│   ├── table5.txt: Not flagged (no experimental data, no polymers) (tokens: 
│   │   1370 in, 54 out)
│   ├── table6.txt: Not flagged (no experimental data, no polymers) (tokens: 
│   │   1469 in, 57 out)
│   └── table7.txt: Not flagged (no polymers) (tokens: 1918 in, 56 out)
├── ⚠ No tables categorized as containing required parameters. Skipping 
│   interpretation.
└── Total time taken: 587.51s📄 2006 - Use of Pulsed Gradient Spin−Echo NMR as a Tool in MALDI Method 
Development for Polymer Molecular Weight Determination.pdf
├── ✓ Extracted text & tables (completed in 12.06s)
│   ├── Hardware Acceleration: GPU Active (CUDA (NVIDIA A100-SXM4-80GB))
│   ├── Extracted text & tables in-memory
│   ├── Saved cleaned PDF to tests/runs/2026-07-31_17-39-11/2006 - Use of Pulsed
│   │   Gradient Spin−Echo NMR as a Tool in MALDI Method Development for Polymer
│   │   Molecular Weight Determination/extract/clean_2006 - Use of Pulsed 
│   │   Gradient Spin−Echo NMR as a Tool in MALDI Method Development for Polymer
│   │   Molecular Weight Determination.pdf
│   ├── Saved unclean markdown to tests/runs/2026-07-31_17-39-11/2006 - Use of 
│   │   Pulsed Gradient Spin−Echo NMR as a Tool in MALDI Method Development for 
│   │   Polymer Molecular Weight Determination/extract/output.md
│   ├── Saved cleaned markdown to tests/runs/2026-07-31_17-39-11/2006 - Use of 
│   │   Pulsed Gradient Spin−Echo NMR as a Tool in MALDI Method Development for 
│   │   Polymer Molecular Weight Determination/extract/output_clean.md
│   ├── Saved 1 tables (txt & csv) to tests/runs/2026-07-31_17-39-11/2006 - Use 
│   │   of Pulsed Gradient Spin−Echo NMR as a Tool in MALDI Method Development 
│   │   for Polymer Molecular Weight Determination/extract/tables
│   └── Saved execution logs to tests/runs/2026-07-31_17-39-11/2006 - Use of 
│       Pulsed Gradient Spin−Echo NMR as a Tool in MALDI Method Development for 
│       Polymer Molecular Weight Determination/extract/log_2006 - Use of Pulsed 
│       Gradient Spin−Echo NMR as a Tool in MALDI Method Development for Polymer
│       Molecular Weight Determination.pdf.log
├── ✓ Categorised extracted tables using gemma4:31b (completed in 17.21s) (Total
│   tokens: 1122 in, 57 out)
│   └── table1.txt: raw (tokens: 1122 in, 57 out)
├── ⚠ No tables categorized as containing required parameters. Skipping 
│   interpretation.
└── Total time taken: 29.34s📄 2006 - Useful applications of DOSY experiments for the study of mushroom 
polysaccharides.pdf
├── ✓ Extracted text & tables (completed in 7.08s)
│   ├── Hardware Acceleration: GPU Active (CUDA (NVIDIA A100-SXM4-80GB))
│   ├── Extracted text & tables in-memory
│   ├── Saved cleaned PDF to tests/runs/2026-07-31_17-39-11/2006 - Useful 
│   │   applications of DOSY experiments for the study of mushroom 
│   │   polysaccharides/extract/clean_2006 - Useful applications of DOSY 
│   │   experiments for the study of mushroom polysaccharides.pdf
│   ├── Saved unclean markdown to tests/runs/2026-07-31_17-39-11/2006 - Useful 
│   │   applications of DOSY experiments for the study of mushroom 
│   │   polysaccharides/extract/output.md
│   ├── Saved cleaned markdown to tests/runs/2026-07-31_17-39-11/2006 - Useful 
│   │   applications of DOSY experiments for the study of mushroom 
│   │   polysaccharides/extract/output_clean.md
│   ├── Saved 0 tables (txt & csv) to tests/runs/2026-07-31_17-39-11/2006 - 
│   │   Useful applications of DOSY experiments for the study of mushroom 
│   │   polysaccharides/extract/tables
│   └── Saved execution logs to tests/runs/2026-07-31_17-39-11/2006 - Useful 
│       applications of DOSY experiments for the study of mushroom 
│       polysaccharides/extract/log_2006 - Useful applications of DOSY 
│       experiments for the study of mushroom polysaccharides.pdf.log
├── ✓ Categorised extracted tables using gemma4:31b (completed in 0.00s)
│   └── No tables found to categorise
├── ⚠ No extracted tables found to interpret.
└── Total time taken: 7.13s📄 2008 - Determination of the Chemical Structure of Poly-β-pinene by NMR 
Spectroscopy.pdf
├── ✓ Extracted text & tables (completed in 23.65s)
│   ├── Hardware Acceleration: GPU Active (CUDA (NVIDIA A100-SXM4-80GB))
│   ├── Extracted text & tables in-memory
│   ├── Saved cleaned PDF to tests/runs/2026-07-31_17-39-11/2008 - Determination
│   │   of the Chemical Structure of Poly-β-pinene by NMR 
│   │   Spectroscopy/extract/clean_2008 - Determination of the Chemical 
│   │   Structure of Poly-β-pinene by NMR Spectroscopy.pdf
│   ├── Saved unclean markdown to tests/runs/2026-07-31_17-39-11/2008 - 
│   │   Determination of the Chemical Structure of Poly-β-pinene by NMR 
│   │   Spectroscopy/extract/output.md
│   ├── Saved cleaned markdown to tests/runs/2026-07-31_17-39-11/2008 - 
│   │   Determination of the Chemical Structure of Poly-β-pinene by NMR 
│   │   Spectroscopy/extract/output_clean.md
│   ├── Saved 6 tables (txt & csv) to tests/runs/2026-07-31_17-39-11/2008 - 
│   │   Determination of the Chemical Structure of Poly-β-pinene by NMR 
│   │   Spectroscopy/extract/tables
│   └── Saved execution logs to tests/runs/2026-07-31_17-39-11/2008 - 
│       Determination of the Chemical Structure of Poly-β-pinene by NMR 
│       Spectroscopy/extract/log_2008 - Determination of the Chemical Structure 
│       of Poly-β-pinene by NMR Spectroscopy.pdf.log
├── ✓ Categorised extracted tables using gemma4:31b (completed in 106.98s) 
│   (Total tokens: 8606 in, 413 out)
│   ├── table1.txt: Not flagged (no experimental data, no polymers) (tokens: 
│   │   1481 in, 67 out)
│   ├── table2.txt: Not flagged (no experimental data, no polymers) (tokens: 
│   │   1315 in, 67 out)
│   ├── table3.txt: Not flagged (no polymers) (tokens: 1537 in, 67 out)
│   ├── table4.txt: Not flagged (no experimental data, no polymers) (tokens: 
│   │   1600 in, 55 out)
│   ├── table5.txt: raw, flory (tokens: 1180 in, 88 out)
│   └── table6.txt: raw (tokens: 1493 in, 69 out)
├── ✓ Interpreted coeff tables using gemma4:31b (completed in 40.13s) (Total 
│   tokens: 5841 in, 255 out)
│   └── table5.txt (Flory): Interpreted (tokens: 5841 in, 255 out)
│       └── Calculator Call: log10(1.1 * 10**-8) -> -7.958607314841775
└── Total time taken: 170.94s📄 2008 - Number-average molecular weight of branched polymers from SEC with 
viscosity detection and universal calibration.pdf
├── ✓ Extracted text & tables (completed in 99.99s)
│   ├── Hardware Acceleration: GPU Active (CUDA (NVIDIA A100-SXM4-80GB))
│   ├── Extracted text & tables in-memory
│   ├── Saved cleaned PDF to tests/runs/2026-07-31_17-39-11/2008 - 
│   │   Number-average molecular weight of branched polymers from SEC with 
│   │   viscosity detection and universal calibration/extract/clean_2008 - 
│   │   Number-average molecular weight of branched polymers from SEC with 
│   │   viscosity detection and universal calibration.pdf
│   ├── Saved unclean markdown to tests/runs/2026-07-31_17-39-11/2008 - 
│   │   Number-average molecular weight of branched polymers from SEC with 
│   │   viscosity detection and universal calibration/extract/output.md
│   ├── Saved cleaned markdown to tests/runs/2026-07-31_17-39-11/2008 - 
│   │   Number-average molecular weight of branched polymers from SEC with 
│   │   viscosity detection and universal calibration/extract/output_clean.md
│   ├── Saved 3 tables (txt & csv) to tests/runs/2026-07-31_17-39-11/2008 - 
│   │   Number-average molecular weight of branched polymers from SEC with 
│   │   viscosity detection and universal calibration/extract/tables
│   └── Saved execution logs to tests/runs/2026-07-31_17-39-11/2008 - 
│       Number-average molecular weight of branched polymers from SEC with 
│       viscosity detection and universal calibration/extract/log_2008 - 
│       Number-average molecular weight of branched polymers from SEC with 
│       viscosity detection and universal calibration.pdf.log
├── ✓ Categorised extracted tables using gemma4:31b (completed in 52.78s) (Total
│   tokens: 4650 in, 164 out)
│   ├── table1.txt: Not flagged (no experimental data, no polymers) (tokens: 760
│   │   in, 54 out)
│   ├── table2.txt: Not flagged (no experimental data, no polymers) (tokens: 782
│   │   in, 56 out)
│   └── table3.txt: Not flagged (no polymers) (tokens: 3108 in, 54 out)
├── ⚠ No tables categorized as containing required parameters. Skipping 
│   interpretation.
└── Total time taken: 153.05s📄 2009 - Improved compositional analysis of block copolymers using DOSY.pdf
├── ✓ Extracted text & tables (completed in 6.17s)
│   ├── Hardware Acceleration: GPU Active (CUDA (NVIDIA A100-SXM4-80GB))
│   ├── Extracted text & tables in-memory
│   ├── Saved cleaned PDF to tests/runs/2026-07-31_17-39-11/2009 - Improved 
│   │   compositional analysis of block copolymers using DOSY/extract/clean_2009
│   │   - Improved compositional analysis of block copolymers using DOSY.pdf
│   ├── Saved unclean markdown to tests/runs/2026-07-31_17-39-11/2009 - Improved
│   │   compositional analysis of block copolymers using DOSY/extract/output.md
│   ├── Saved cleaned markdown to tests/runs/2026-07-31_17-39-11/2009 - Improved
│   │   compositional analysis of block copolymers using 
│   │   DOSY/extract/output_clean.md
│   ├── Saved 1 tables (txt & csv) to tests/runs/2026-07-31_17-39-11/2009 - 
│   │   Improved compositional analysis of block copolymers using 
│   │   DOSY/extract/tables
│   └── Saved execution logs to tests/runs/2026-07-31_17-39-11/2009 - Improved 
│       compositional analysis of block copolymers using DOSY/extract/log_2009 -
│       Improved compositional analysis of block copolymers using DOSY.pdf.log
├── ✓ Categorised extracted tables using gemma4:31b (completed in 19.03s) (Total
│   tokens: 1811 in, 56 out)
│   └── table1.txt: raw (tokens: 1811 in, 56 out)
├── ⚠ No tables categorized as containing required parameters. Skipping 
│   interpretation.
└── Total time taken: 25.29s📄 2009 - Molecular Weight Determination of Block Copolymers by Pulsed Gradient 
Spin Echo NMR.pdf
├── ✓ Extracted text & tables (completed in 228.12s)
│   ├── Hardware Acceleration: GPU Active (CUDA (NVIDIA A100-SXM4-80GB))
│   ├── Extracted text & tables in-memory
│   ├── Saved cleaned PDF to tests/runs/2026-07-31_17-39-11/2009 - Molecular 
│   │   Weight Determination of Block Copolymers by Pulsed Gradient Spin Echo 
│   │   NMR/extract/clean_2009 - Molecular Weight Determination of Block 
│   │   Copolymers by Pulsed Gradient Spin Echo NMR.pdf
│   ├── Saved unclean markdown to tests/runs/2026-07-31_17-39-11/2009 - 
│   │   Molecular Weight Determination of Block Copolymers by Pulsed Gradient 
│   │   Spin Echo NMR/extract/output.md
│   ├── Saved cleaned markdown to tests/runs/2026-07-31_17-39-11/2009 - 
│   │   Molecular Weight Determination of Block Copolymers by Pulsed Gradient 
│   │   Spin Echo NMR/extract/output_clean.md
│   ├── Saved 4 tables (txt & csv) to tests/runs/2026-07-31_17-39-11/2009 - 
│   │   Molecular Weight Determination of Block Copolymers by Pulsed Gradient 
│   │   Spin Echo NMR/extract/tables
│   └── Saved execution logs to tests/runs/2026-07-31_17-39-11/2009 - Molecular 
│       Weight Determination of Block Copolymers by Pulsed Gradient Spin Echo 
│       NMR/extract/log_2009 - Molecular Weight Determination of Block 
│       Copolymers by Pulsed Gradient Spin Echo NMR.pdf.log
├── ✓ Categorised extracted tables using gemma4:31b (completed in 91.52s) (Total
│   tokens: 10425 in, 234 out)
│   ├── table1.txt: Not flagged (no polymers) (tokens: 1829 in, 55 out)
│   ├── table2.txt: raw (tokens: 1553 in, 57 out)
│   ├── table3.txt: Not flagged (no polymers) (tokens: 3162 in, 54 out)
│   └── table4.txt: Not flagged (no polymers) (tokens: 3881 in, 68 out)
├── ⚠ No tables categorized as containing required parameters. Skipping 
│   interpretation.
└── Total time taken: 319.80s📄 2009 - NMR Measure of Translational Diffusion and Fractal Dimension. 
Application to Molecular Mass Measurement.pdf
├── ✓ Extracted text & tables (completed in 9.26s)
│   ├── Hardware Acceleration: GPU Active (CUDA (NVIDIA A100-SXM4-80GB))
│   ├── Extracted text & tables in-memory
│   ├── Saved cleaned PDF to tests/runs/2026-07-31_17-39-11/2009 - NMR Measure 
│   │   of Translational Diffusion and Fractal Dimension. Application to 
│   │   Molecular Mass Measurement/extract/clean_2009 - NMR Measure of 
│   │   Translational Diffusion and Fractal Dimension. Application to Molecular 
│   │   Mass Measurement.pdf
│   ├── Saved unclean markdown to tests/runs/2026-07-31_17-39-11/2009 - NMR 
│   │   Measure of Translational Diffusion and Fractal Dimension. Application to
│   │   Molecular Mass Measurement/extract/output.md
│   ├── Saved cleaned markdown to tests/runs/2026-07-31_17-39-11/2009 - NMR 
│   │   Measure of Translational Diffusion and Fractal Dimension. Application to
│   │   Molecular Mass Measurement/extract/output_clean.md
│   ├── Saved 2 tables (txt & csv) to tests/runs/2026-07-31_17-39-11/2009 - NMR 
│   │   Measure of Translational Diffusion and Fractal Dimension. Application to
│   │   Molecular Mass Measurement/extract/tables
│   └── Saved execution logs to tests/runs/2026-07-31_17-39-11/2009 - NMR 
│       Measure of Translational Diffusion and Fractal Dimension. Application to
│       Molecular Mass Measurement/extract/log_2009 - NMR Measure of 
│       Translational Diffusion and Fractal Dimension. Application to Molecular 
│       Mass Measurement.pdf.log
├── ✓ Categorised extracted tables using gemma4:31b (completed in 40.36s) (Total
│   tokens: 2638 in, 112 out)
│   ├── table1.txt: flory (tokens: 1176 in, 55 out)
│   └── table2.txt: flory (tokens: 1462 in, 57 out)
├── ✓ Interpreted coeff tables using gemma4:31b (completed in 228.12s) (Total 
│   tokens: 11506 in, 6245 out)
│   ├── table1.txt (Flory): Interpreted (tokens: 5467 in, 1586 out)
│   └── table2.txt (Flory): Interpreted (tokens: 6039 in, 4659 out)
└── Total time taken: 277.92s📄 2009 - NMR measure of Translational Diffusion and Fractal Dimension. 
Application to molecular mass measurement - SI.pdf
├── ✓ Extracted text & tables (completed in 15.31s)
│   ├── Hardware Acceleration: GPU Active (CUDA (NVIDIA A100-SXM4-80GB))
│   ├── Extracted text & tables in-memory
│   ├── Saved cleaned PDF to tests/runs/2026-07-31_17-39-11/2009 - NMR measure 
│   │   of Translational Diffusion and Fractal Dimension. Application to 
│   │   molecular mass measurement - SI/extract/clean_2009 - NMR measure of 
│   │   Translational Diffusion and Fractal Dimension. Application to molecular 
│   │   mass measurement - SI.pdf
│   ├── Saved unclean markdown to tests/runs/2026-07-31_17-39-11/2009 - NMR 
│   │   measure of Translational Diffusion and Fractal Dimension. Application to
│   │   molecular mass measurement - SI/extract/output.md
│   ├── Saved cleaned markdown to tests/runs/2026-07-31_17-39-11/2009 - NMR 
│   │   measure of Translational Diffusion and Fractal Dimension. Application to
│   │   molecular mass measurement - SI/extract/output_clean.md
│   ├── Saved 2 tables (txt & csv) to tests/runs/2026-07-31_17-39-11/2009 - NMR 
│   │   measure of Translational Diffusion and Fractal Dimension. Application to
│   │   molecular mass measurement - SI/extract/tables
│   └── Saved execution logs to tests/runs/2026-07-31_17-39-11/2009 - NMR 
│       measure of Translational Diffusion and Fractal Dimension. Application to
│       molecular mass measurement - SI/extract/log_2009 - NMR measure of 
│       Translational Diffusion and Fractal Dimension. Application to molecular 
│       mass measurement - SI.pdf.log
├── ✓ Categorised extracted tables using gemma4:31b (completed in 39.82s) (Total
│   tokens: 3301 in, 115 out)
│   ├── table1.txt: Not flagged (no polymers) (tokens: 1761 in, 58 out)
│   └── table2.txt: Not flagged (no polymers) (tokens: 1540 in, 57 out)
├── ⚠ No tables categorized as containing required parameters. Skipping 
│   interpretation.
└── Total time taken: 55.26s📄 2009 - NMR studies of block copolymer micelles.pdf
├── ✓ Extracted text & tables (completed in 6.19s)
│   ├── Hardware Acceleration: GPU Active (CUDA (NVIDIA A100-SXM4-80GB))
│   ├── Extracted text & tables in-memory
│   ├── Saved cleaned PDF to tests/runs/2026-07-31_17-39-11/2009 - NMR studies 
│   │   of block copolymer micelles/extract/clean_2009 - NMR studies of block 
│   │   copolymer micelles.pdf
│   ├── Saved unclean markdown to tests/runs/2026-07-31_17-39-11/2009 - NMR 
│   │   studies of block copolymer micelles/extract/output.md
│   ├── Saved cleaned markdown to tests/runs/2026-07-31_17-39-11/2009 - NMR 
│   │   studies of block copolymer micelles/extract/output_clean.md
│   ├── Saved 0 tables (txt & csv) to tests/runs/2026-07-31_17-39-11/2009 - NMR 
│   │   studies of block copolymer micelles/extract/tables
│   └── Saved execution logs to tests/runs/2026-07-31_17-39-11/2009 - NMR 
│       studies of block copolymer micelles/extract/log_2009 - NMR studies of 
│       block copolymer micelles.pdf.log
├── ✓ Categorised extracted tables using gemma4:31b (completed in 0.00s)
│   └── No tables found to categorise
├── ⚠ No extracted tables found to interpret.
└── Total time taken: 6.25s📄 2009 - Stepto - Dispersity in polymer science  IUPAC Recommendation 2009.pdf
├── ✓ Extracted text & tables (completed in 3.15s)
│   ├── Hardware Acceleration: GPU Active (CUDA (NVIDIA A100-SXM4-80GB))
│   ├── Extracted text & tables in-memory
│   ├── Saved cleaned PDF to tests/runs/2026-07-31_17-39-11/2009 - Stepto - 
│   │   Dispersity in polymer science  IUPAC Recommendation 
│   │   2009/extract/clean_2009 - Stepto - Dispersity in polymer science  IUPAC 
│   │   Recommendation 2009.pdf
│   ├── Saved unclean markdown to tests/runs/2026-07-31_17-39-11/2009 - Stepto -
│   │   Dispersity in polymer science  IUPAC Recommendation 
│   │   2009/extract/output.md
│   ├── Saved cleaned markdown to tests/runs/2026-07-31_17-39-11/2009 - Stepto -
│   │   Dispersity in polymer science  IUPAC Recommendation 
│   │   2009/extract/output_clean.md
│   ├── Saved 0 tables (txt & csv) to tests/runs/2026-07-31_17-39-11/2009 - 
│   │   Stepto - Dispersity in polymer science  IUPAC Recommendation 
│   │   2009/extract/tables
│   └── Saved execution logs to tests/runs/2026-07-31_17-39-11/2009 - Stepto - 
│       Dispersity in polymer science  IUPAC Recommendation 
│       2009/extract/log_2009 - Stepto - Dispersity in polymer science  IUPAC 
│       Recommendation 2009.pdf.log
├── ✓ Categorised extracted tables using gemma4:31b (completed in 0.00s)
│   └── No tables found to categorise
├── ⚠ No extracted tables found to interpret.
└── Total time taken: 3.20s📄 2009 - The Mark–Houwink–Sakurada Equation for the Viscosity of Atactic 
Polystyrene.pdf
├── ✓ Extracted text & tables (completed in 153.10s)
│   ├── Hardware Acceleration: GPU Active (CUDA (NVIDIA A100-SXM4-80GB))
│   ├── Extracted text & tables in-memory
│   ├── Saved cleaned PDF to tests/runs/2026-07-31_17-39-11/2009 - The 
│   │   Mark–Houwink–Sakurada Equation for the Viscosity of Atactic 
│   │   Polystyrene/extract/clean_2009 - The Mark–Houwink–Sakurada Equation for 
│   │   the Viscosity of Atactic Polystyrene.pdf
│   ├── Saved unclean markdown to tests/runs/2026-07-31_17-39-11/2009 - The 
│   │   Mark–Houwink–Sakurada Equation for the Viscosity of Atactic 
│   │   Polystyrene/extract/output.md
│   ├── Saved cleaned markdown to tests/runs/2026-07-31_17-39-11/2009 - The 
│   │   Mark–Houwink–Sakurada Equation for the Viscosity of Atactic 
│   │   Polystyrene/extract/output_clean.md
│   ├── Saved 8 tables (txt & csv) to tests/runs/2026-07-31_17-39-11/2009 - The 
│   │   Mark–Houwink–Sakurada Equation for the Viscosity of Atactic 
│   │   Polystyrene/extract/tables
│   └── Saved execution logs to tests/runs/2026-07-31_17-39-11/2009 - The 
│       Mark–Houwink–Sakurada Equation for the Viscosity of Atactic 
│       Polystyrene/extract/log_2009 - The Mark–Houwink–Sakurada Equation for 
│       the Viscosity of Atactic Polystyrene.pdf.log
├── ✓ Categorised extracted tables using gemma4:31b (completed in 147.59s) 
│   (Total tokens: 13008 in, 470 out)
│   ├── table1.txt: Not flagged (no polymers) (tokens: 3384 in, 54 out)
│   ├── table2.txt: Not flagged (no polymers) (tokens: 3024 in, 56 out)
│   ├── table3.txt: Not flagged (no polymers) (tokens: 1298 in, 57 out)
│   ├── table4.txt: Not flagged (no polymers) (tokens: 1058 in, 57 out)
│   ├── table5.txt: Not flagged (no polymers) (tokens: 1364 in, 66 out)
│   ├── table6.txt: Not flagged (no polymers) (tokens: 909 in, 57 out)
│   ├── table7.txt: Not flagged (no polymers) (tokens: 825 in, 66 out)
│   └── table8.txt: Not flagged (no polymers) (tokens: 1146 in, 57 out)
├── ⚠ No tables categorized as containing required parameters. Skipping 
│   interpretation.
└── Total time taken: 302.12s📄 2010 - 1H NMR Spectroscopic Study of the Solution Structure of a Conjugated 
Polymer.pdf
├── ✓ Extracted text & tables (completed in 5.74s)
│   ├── Hardware Acceleration: GPU Active (CUDA (NVIDIA A100-SXM4-80GB))
│   ├── Extracted text & tables in-memory
│   ├── Saved cleaned PDF to tests/runs/2026-07-31_17-39-11/2010 - 1H NMR 
│   │   Spectroscopic Study of the Solution Structure of a Conjugated 
│   │   Polymer/extract/clean_2010 - 1H NMR Spectroscopic Study of the Solution 
│   │   Structure of a Conjugated Polymer.pdf
│   ├── Saved unclean markdown to tests/runs/2026-07-31_17-39-11/2010 - 1H NMR 
│   │   Spectroscopic Study of the Solution Structure of a Conjugated 
│   │   Polymer/extract/output.md
│   ├── Saved cleaned markdown to tests/runs/2026-07-31_17-39-11/2010 - 1H NMR 
│   │   Spectroscopic Study of the Solution Structure of a Conjugated 
│   │   Polymer/extract/output_clean.md
│   ├── Saved 1 tables (txt & csv) to tests/runs/2026-07-31_17-39-11/2010 - 1H 
│   │   NMR Spectroscopic Study of the Solution Structure of a Conjugated 
│   │   Polymer/extract/tables
│   └── Saved execution logs to tests/runs/2026-07-31_17-39-11/2010 - 1H NMR 
│       Spectroscopic Study of the Solution Structure of a Conjugated 
│       Polymer/extract/log_2010 - 1H NMR Spectroscopic Study of the Solution 
│       Structure of a Conjugated Polymer.pdf.log
├── ✓ Categorised extracted tables using gemma4:31b (completed in 18.92s) (Total
│   tokens: 2882 in, 67 out)
│   └── table1.txt: Not flagged (no experimental data, no polymers) (tokens: 
│       2882 in, 67 out)
├── ⚠ No tables categorized as containing required parameters. Skipping 
│   interpretation.
└── Total time taken: 24.99s📄 2010 - Investigation on extremely dilute solution of PEO by PFG NMR.pdf
├── ✓ Extracted text & tables (completed in 97.59s)
│   ├── Hardware Acceleration: GPU Active (CUDA (NVIDIA A100-SXM4-80GB))
│   ├── Extracted text & tables in-memory
│   ├── Saved cleaned PDF to tests/runs/2026-07-31_17-39-11/2010 - Investigation
│   │   on extremely dilute solution of PEO by PFG NMR/extract/clean_2010 - 
│   │   Investigation on extremely dilute solution of PEO by PFG NMR.pdf
│   ├── Saved unclean markdown to tests/runs/2026-07-31_17-39-11/2010 - 
│   │   Investigation on extremely dilute solution of PEO by PFG 
│   │   NMR/extract/output.md
│   ├── Saved cleaned markdown to tests/runs/2026-07-31_17-39-11/2010 - 
│   │   Investigation on extremely dilute solution of PEO by PFG 
│   │   NMR/extract/output_clean.md
│   ├── Saved 2 tables (txt & csv) to tests/runs/2026-07-31_17-39-11/2010 - 
│   │   Investigation on extremely dilute solution of PEO by PFG 
│   │   NMR/extract/tables
│   └── Saved execution logs to tests/runs/2026-07-31_17-39-11/2010 - 
│       Investigation on extremely dilute solution of PEO by PFG 
│       NMR/extract/log_2010 - Investigation on extremely dilute solution of PEO
│       by PFG NMR.pdf.log
├── ✓ Categorised extracted tables using gemma4:31b (completed in 36.27s) (Total
│   tokens: 2145 in, 111 out)
│   ├── table1.txt: raw (tokens: 1228 in, 57 out)
│   └── table2.txt: raw (tokens: 917 in, 54 out)
├── ⚠ No tables categorized as containing required parameters. Skipping 
│   interpretation.
└── Total time taken: 134.65s📄 2010 - Self-diffusion in polymer systems studied by magnetic field-gradient 
spin-echo NMR methods.pdf
├── ✓ Extracted text & tables (completed in 312.28s)
│   ├── Hardware Acceleration: GPU Active (CUDA (NVIDIA A100-SXM4-80GB))
│   ├── Extracted text & tables in-memory
│   ├── Saved cleaned PDF to tests/runs/2026-07-31_17-39-11/2010 - 
│   │   Self-diffusion in polymer systems studied by magnetic field-gradient 
│   │   spin-echo NMR methods/extract/clean_2010 - Self-diffusion in polymer 
│   │   systems studied by magnetic field-gradient spin-echo NMR methods.pdf
│   ├── Saved unclean markdown to tests/runs/2026-07-31_17-39-11/2010 - 
│   │   Self-diffusion in polymer systems studied by magnetic field-gradient 
│   │   spin-echo NMR methods/extract/output.md
│   ├── Saved cleaned markdown to tests/runs/2026-07-31_17-39-11/2010 - 
│   │   Self-diffusion in polymer systems studied by magnetic field-gradient 
│   │   spin-echo NMR methods/extract/output_clean.md
│   ├── Saved 1 tables (txt & csv) to tests/runs/2026-07-31_17-39-11/2010 - 
│   │   Self-diffusion in polymer systems studied by magnetic field-gradient 
│   │   spin-echo NMR methods/extract/tables
│   └── Saved execution logs to tests/runs/2026-07-31_17-39-11/2010 - 
│       Self-diffusion in polymer systems studied by magnetic field-gradient 
│       spin-echo NMR methods/extract/log_2010 - Self-diffusion in polymer 
│       systems studied by magnetic field-gradient spin-echo NMR methods.pdf.log
├── ✓ Categorised extracted tables using gemma4:31b (completed in 21.65s) (Total
│   tokens: 2832 in, 54 out)
│   └── table1.txt: Not flagged (no experimental data, no polymers) (tokens: 
│       2832 in, 54 out)
├── ⚠ No tables categorized as containing required parameters. Skipping 
│   interpretation.
└── Total time taken: 334.04s📄 2010 - Validation of molecular mass measurements by means of diffusion 
ordered NMR spectroscopy - application to oligosaccharides.pdf
├── ✓ Extracted text & tables (completed in 7.81s)
│   ├── Hardware Acceleration: GPU Active (CUDA (NVIDIA A100-SXM4-80GB))
│   ├── Extracted text & tables in-memory
│   ├── Saved cleaned PDF to tests/runs/2026-07-31_17-39-11/2010 - Validation of
│   │   molecular mass measurements by means of diffusion ordered NMR 
│   │   spectroscopy - application to oligosaccharides/extract/clean_2010 - 
│   │   Validation of molecular mass measurements by means of diffusion ordered 
│   │   NMR spectroscopy - application to oligosaccharides.pdf
│   ├── Saved unclean markdown to tests/runs/2026-07-31_17-39-11/2010 - 
│   │   Validation of molecular mass measurements by means of diffusion ordered 
│   │   NMR spectroscopy - application to oligosaccharides/extract/output.md
│   ├── Saved cleaned markdown to tests/runs/2026-07-31_17-39-11/2010 - 
│   │   Validation of molecular mass measurements by means of diffusion ordered 
│   │   NMR spectroscopy - application to 
│   │   oligosaccharides/extract/output_clean.md
│   ├── Saved 1 tables (txt & csv) to tests/runs/2026-07-31_17-39-11/2010 - 
│   │   Validation of molecular mass measurements by means of diffusion ordered 
│   │   NMR spectroscopy - application to oligosaccharides/extract/tables
│   └── Saved execution logs to tests/runs/2026-07-31_17-39-11/2010 - Validation
│       of molecular mass measurements by means of diffusion ordered NMR 
│       spectroscopy - application to oligosaccharides/extract/log_2010 - 
│       Validation of molecular mass measurements by means of diffusion ordered 
│       NMR spectroscopy - application to oligosaccharides.pdf.log
├── ✓ Categorised extracted tables using gemma4:31b (completed in 16.54s) (Total
│   tokens: 770 in, 54 out)
│   └── table1.txt: Not flagged (no polymers) (tokens: 770 in, 54 out)
├── ⚠ No tables categorized as containing required parameters. Skipping 
│   interpretation.
└── Total time taken: 24.43s📄 2011 - A Simple Access to the LogNormal Molecular weight distribution 
parameters of Polymers using PGSTE NMR.pdf
├── ✓ Extracted text & tables (completed in 147.63s)
│   ├── Hardware Acceleration: GPU Active (CUDA (NVIDIA A100-SXM4-80GB))
│   ├── Extracted text & tables in-memory
│   ├── Saved cleaned PDF to tests/runs/2026-07-31_17-39-11/2011 - A Simple 
│   │   Access to the LogNormal Molecular weight distribution parameters of 
│   │   Polymers using PGSTE NMR/extract/clean_2011 - A Simple Access to the 
│   │   LogNormal Molecular weight distribution parameters of Polymers using 
│   │   PGSTE NMR.pdf
│   ├── Saved unclean markdown to tests/runs/2026-07-31_17-39-11/2011 - A Simple
│   │   Access to the LogNormal Molecular weight distribution parameters of 
│   │   Polymers using PGSTE NMR/extract/output.md
│   ├── Saved cleaned markdown to tests/runs/2026-07-31_17-39-11/2011 - A Simple
│   │   Access to the LogNormal Molecular weight distribution parameters of 
│   │   Polymers using PGSTE NMR/extract/output_clean.md
│   ├── Saved 2 tables (txt & csv) to tests/runs/2026-07-31_17-39-11/2011 - A 
│   │   Simple Access to the LogNormal Molecular weight distribution parameters 
│   │   of Polymers using PGSTE NMR/extract/tables
│   └── Saved execution logs to tests/runs/2026-07-31_17-39-11/2011 - A Simple 
│       Access to the LogNormal Molecular weight distribution parameters of 
│       Polymers using PGSTE NMR/extract/log_2011 - A Simple Access to the 
│       LogNormal Molecular weight distribution parameters of Polymers using 
│       PGSTE NMR.pdf.log
├── ✓ Categorised extracted tables using gemma4:31b (completed in 33.73s) (Total
│   tokens: 1812 in, 108 out)
│   ├── table1.txt: raw, flory (tokens: 944 in, 54 out)
│   └── table2.txt: raw, flory (tokens: 868 in, 54 out)
├── ✓ Interpreted coeff tables using gemma4:31b (completed in 125.15s) (Total 
│   tokens: 31690 in, 1880 out)
│   ├── table1.txt (Flory): Interpreted (tokens: 15921 in, 946 out)
│   └── table2.txt (Flory): Interpreted (tokens: 15769 in, 934 out)
└── Total time taken: 306.65s📄 2011 - DOSY Experiments to Monitor Block Copolymer Polymerization.pdf
├── ✓ Extracted text & tables (completed in 8.05s)
│   ├── Hardware Acceleration: GPU Active (CUDA (NVIDIA A100-SXM4-80GB))
│   ├── Extracted text & tables in-memory
│   ├── Saved cleaned PDF to tests/runs/2026-07-31_17-39-11/2011 - DOSY 
│   │   Experiments to Monitor Block Copolymer Polymerization/extract/clean_2011
│   │   - DOSY Experiments to Monitor Block Copolymer Polymerization.pdf
│   ├── Saved unclean markdown to tests/runs/2026-07-31_17-39-11/2011 - DOSY 
│   │   Experiments to Monitor Block Copolymer Polymerization/extract/output.md
│   ├── Saved cleaned markdown to tests/runs/2026-07-31_17-39-11/2011 - DOSY 
│   │   Experiments to Monitor Block Copolymer 
│   │   Polymerization/extract/output_clean.md
│   ├── Saved 0 tables (txt & csv) to tests/runs/2026-07-31_17-39-11/2011 - DOSY
│   │   Experiments to Monitor Block Copolymer Polymerization/extract/tables
│   └── Saved execution logs to tests/runs/2026-07-31_17-39-11/2011 - DOSY 
│       Experiments to Monitor Block Copolymer Polymerization/extract/log_2011 -
│       DOSY Experiments to Monitor Block Copolymer Polymerization.pdf.log
├── ✓ Categorised extracted tables using gemma4:31b (completed in 0.00s)
│   └── No tables found to categorise
├── ⚠ No extracted tables found to interpret.
└── Total time taken: 8.13s📄 2011 - Information derived from PGSE-NMR-Ion Diffusion Behaviour.pdf
├── ✓ Extracted text & tables (completed in 9.15s)
│   ├── Hardware Acceleration: GPU Active (CUDA (NVIDIA A100-SXM4-80GB))
│   ├── Extracted text & tables in-memory
│   ├── Saved cleaned PDF to tests/runs/2026-07-31_17-39-11/2011 - Information 
│   │   derived from PGSE-NMR-Ion Diffusion Behaviour/extract/clean_2011 - 
│   │   Information derived from PGSE-NMR-Ion Diffusion Behaviour.pdf
│   ├── Saved unclean markdown to tests/runs/2026-07-31_17-39-11/2011 - 
│   │   Information derived from PGSE-NMR-Ion Diffusion 
│   │   Behaviour/extract/output.md
│   ├── Saved cleaned markdown to tests/runs/2026-07-31_17-39-11/2011 - 
│   │   Information derived from PGSE-NMR-Ion Diffusion 
│   │   Behaviour/extract/output_clean.md
│   ├── Saved 0 tables (txt & csv) to tests/runs/2026-07-31_17-39-11/2011 - 
│   │   Information derived from PGSE-NMR-Ion Diffusion Behaviour/extract/tables
│   └── Saved execution logs to tests/runs/2026-07-31_17-39-11/2011 - 
│       Information derived from PGSE-NMR-Ion Diffusion 
│       Behaviour/extract/log_2011 - Information derived from PGSE-NMR-Ion 
│       Diffusion Behaviour.pdf.log
├── ✓ Categorised extracted tables using gemma4:31b (completed in 0.00s)
│   └── No tables found to categorise
├── ⚠ No extracted tables found to interpret.
└── Total time taken: 9.32s📄 2011 - Polydispersity index of polymers revealed by DOSY NMR.pdf
├── ✓ Extracted text & tables (completed in 96.13s)
│   ├── Hardware Acceleration: GPU Active (CUDA (NVIDIA A100-SXM4-80GB))
│   ├── Extracted text & tables in-memory
│   ├── Saved cleaned PDF to tests/runs/2026-07-31_17-39-11/2011 - 
│   │   Polydispersity index of polymers revealed by DOSY NMR/extract/clean_2011
│   │   - Polydispersity index of polymers revealed by DOSY NMR.pdf
│   ├── Saved unclean markdown to tests/runs/2026-07-31_17-39-11/2011 - 
│   │   Polydispersity index of polymers revealed by DOSY NMR/extract/output.md
│   ├── Saved cleaned markdown to tests/runs/2026-07-31_17-39-11/2011 - 
│   │   Polydispersity index of polymers revealed by DOSY 
│   │   NMR/extract/output_clean.md
│   ├── Saved 1 tables (txt & csv) to tests/runs/2026-07-31_17-39-11/2011 - 
│   │   Polydispersity index of polymers revealed by DOSY NMR/extract/tables
│   └── Saved execution logs to tests/runs/2026-07-31_17-39-11/2011 - 
│       Polydispersity index of polymers revealed by DOSY NMR/extract/log_2011 -
│       Polydispersity index of polymers revealed by DOSY NMR.pdf.log
├── ✓ Categorised extracted tables using gemma4:31b (completed in 21.86s) (Total
│   tokens: 1731 in, 54 out)
│   └── table1.txt: Not flagged (no polymers) (tokens: 1731 in, 54 out)
├── ⚠ No tables categorized as containing required parameters. Skipping 
│   interpretation.
└── Total time taken: 118.07s📄 2011 - Polymer Molecular Weight Analysis by 1H NMR Spectroscopy.pdf
├── ✓ Extracted text & tables (completed in 214.35s)
│   ├── Hardware Acceleration: GPU Active (CUDA (NVIDIA A100-SXM4-80GB))
│   ├── Extracted text & tables in-memory
│   ├── Saved cleaned PDF to tests/runs/2026-07-31_17-39-11/2011 - Polymer 
│   │   Molecular Weight Analysis by 1H NMR Spectroscopy/extract/clean_2011 - 
│   │   Polymer Molecular Weight Analysis by 1H NMR Spectroscopy.pdf
│   ├── Saved unclean markdown to tests/runs/2026-07-31_17-39-11/2011 - Polymer 
│   │   Molecular Weight Analysis by 1H NMR Spectroscopy/extract/output.md
│   ├── Saved cleaned markdown to tests/runs/2026-07-31_17-39-11/2011 - Polymer 
│   │   Molecular Weight Analysis by 1H NMR Spectroscopy/extract/output_clean.md
│   ├── Saved 2 tables (txt & csv) to tests/runs/2026-07-31_17-39-11/2011 - 
│   │   Polymer Molecular Weight Analysis by 1H NMR Spectroscopy/extract/tables
│   └── Saved execution logs to tests/runs/2026-07-31_17-39-11/2011 - Polymer 
│       Molecular Weight Analysis by 1H NMR Spectroscopy/extract/log_2011 - 
│       Polymer Molecular Weight Analysis by 1H NMR Spectroscopy.pdf.log
├── ✓ Categorised extracted tables using gemma4:31b (completed in 35.01s) (Total
│   tokens: 2671 in, 113 out)
│   ├── table1.txt: Not flagged (no polymers) (tokens: 1386 in, 57 out)
│   └── table2.txt: Not flagged (no polymers) (tokens: 1285 in, 56 out)
├── ⚠ No tables categorized as containing required parameters. Skipping 
│   interpretation.
└── Total time taken: 249.48s📄 2011 - Self-diffusion in a hyaluronic acid–albumin–water system as studied by
NMR.pdf
├── ✓ Extracted text & tables (completed in 96.67s)
│   ├── Hardware Acceleration: GPU Active (CUDA (NVIDIA A100-SXM4-80GB))
│   ├── Extracted text & tables in-memory
│   ├── Saved cleaned PDF to tests/runs/2026-07-31_17-39-11/2011 - 
│   │   Self-diffusion in a hyaluronic acid–albumin–water system as studied by 
│   │   NMR/extract/clean_2011 - Self-diffusion in a hyaluronic 
│   │   acid–albumin–water system as studied by NMR.pdf
│   ├── Saved unclean markdown to tests/runs/2026-07-31_17-39-11/2011 - 
│   │   Self-diffusion in a hyaluronic acid–albumin–water system as studied by 
│   │   NMR/extract/output.md
│   ├── Saved cleaned markdown to tests/runs/2026-07-31_17-39-11/2011 - 
│   │   Self-diffusion in a hyaluronic acid–albumin–water system as studied by 
│   │   NMR/extract/output_clean.md
│   ├── Saved 2 tables (txt & csv) to tests/runs/2026-07-31_17-39-11/2011 - 
│   │   Self-diffusion in a hyaluronic acid–albumin–water system as studied by 
│   │   NMR/extract/tables
│   └── Saved execution logs to tests/runs/2026-07-31_17-39-11/2011 - 
│       Self-diffusion in a hyaluronic acid–albumin–water system as studied by 
│       NMR/extract/log_2011 - Self-diffusion in a hyaluronic acid–albumin–water
│       system as studied by NMR.pdf.log
├── ✓ Categorised extracted tables using gemma4:31b (completed in 41.06s) (Total
│   tokens: 3001 in, 153 out)
│   ├── table1.txt: Not flagged (no experimental data, no polymers) (tokens: 
│   │   1164 in, 87 out)
│   └── table2.txt: raw (tokens: 1837 in, 66 out)
├── ⚠ No tables categorized as containing required parameters. Skipping 
│   interpretation.
└── Total time taken: 137.84s📄 2011 - on the inversion of diffusion NMR data - tikhonov regularisation and 
optimal choice of the regularisation parameter.pdf
├── ✓ Extracted text & tables (completed in 196.62s)
│   ├── Hardware Acceleration: GPU Active (CUDA (NVIDIA A100-SXM4-80GB))
│   ├── Extracted text & tables in-memory
│   ├── Saved cleaned PDF to tests/runs/2026-07-31_17-39-11/2011 - on the 
│   │   inversion of diffusion NMR data - tikhonov regularisation and optimal 
│   │   choice of the regularisation parameter/extract/clean_2011 - on the 
│   │   inversion of diffusion NMR data - tikhonov regularisation and optimal 
│   │   choice of the regularisation parameter.pdf
│   ├── Saved unclean markdown to tests/runs/2026-07-31_17-39-11/2011 - on the 
│   │   inversion of diffusion NMR data - tikhonov regularisation and optimal 
│   │   choice of the regularisation parameter/extract/output.md
│   ├── Saved cleaned markdown to tests/runs/2026-07-31_17-39-11/2011 - on the 
│   │   inversion of diffusion NMR data - tikhonov regularisation and optimal 
│   │   choice of the regularisation parameter/extract/output_clean.md
│   ├── Saved 0 tables (txt & csv) to tests/runs/2026-07-31_17-39-11/2011 - on 
│   │   the inversion of diffusion NMR data - tikhonov regularisation and 
│   │   optimal choice of the regularisation parameter/extract/tables
│   └── Saved execution logs to tests/runs/2026-07-31_17-39-11/2011 - on the 
│       inversion of diffusion NMR data - tikhonov regularisation and optimal 
│       choice of the regularisation parameter/extract/log_2011 - on the 
│       inversion of diffusion NMR data - tikhonov regularisation and optimal 
│       choice of the regularisation parameter.pdf.log
├── ✓ Categorised extracted tables using gemma4:31b (completed in 0.00s)
│   └── No tables found to categorise
├── ⚠ No extracted tables found to interpret.
└── Total time taken: 196.71s📄 2011 - polydispersity indexs of polymers revealed by DOSY - abstract.pdf
├── ✓ Extracted text & tables (completed in 1.92s)
│   ├── Hardware Acceleration: GPU Active (CUDA (NVIDIA A100-SXM4-80GB))
│   ├── Extracted text & tables in-memory
│   ├── Saved cleaned PDF to tests/runs/2026-07-31_17-39-11/2011 - 
│   │   polydispersity indexs of polymers revealed by DOSY - 
│   │   abstract/extract/clean_2011 - polydispersity indexs of polymers revealed
│   │   by DOSY - abstract.pdf
│   ├── Saved unclean markdown to tests/runs/2026-07-31_17-39-11/2011 - 
│   │   polydispersity indexs of polymers revealed by DOSY - 
│   │   abstract/extract/output.md
│   ├── Saved cleaned markdown to tests/runs/2026-07-31_17-39-11/2011 - 
│   │   polydispersity indexs of polymers revealed by DOSY - 
│   │   abstract/extract/output_clean.md
│   ├── Saved 0 tables (txt & csv) to tests/runs/2026-07-31_17-39-11/2011 - 
│   │   polydispersity indexs of polymers revealed by DOSY - 
│   │   abstract/extract/tables
│   └── Saved execution logs to tests/runs/2026-07-31_17-39-11/2011 - 
│       polydispersity indexs of polymers revealed by DOSY - 
│       abstract/extract/log_2011 - polydispersity indexs of polymers revealed 
│       by DOSY - abstract.pdf.log
├── ✓ Categorised extracted tables using gemma4:31b (completed in 0.00s)
│   └── No tables found to categorise
├── ⚠ No extracted tables found to interpret.
└── Total time taken: 2.04s📄 2012 - Application of 1H DOSY for Facile Measurement of Polymer Molecular 
Weights.pdf
├── ✓ Extracted text & tables (completed in 29.52s)
│   ├── Hardware Acceleration: GPU Active (CUDA (NVIDIA A100-SXM4-80GB))
│   ├── Extracted text & tables in-memory
│   ├── Saved cleaned PDF to tests/runs/2026-07-31_17-39-11/2012 - Application 
│   │   of 1H DOSY for Facile Measurement of Polymer Molecular 
│   │   Weights/extract/clean_2012 - Application of 1H DOSY for Facile 
│   │   Measurement of Polymer Molecular Weights.pdf
│   ├── Saved unclean markdown to tests/runs/2026-07-31_17-39-11/2012 - 
│   │   Application of 1H DOSY for Facile Measurement of Polymer Molecular 
│   │   Weights/extract/output.md
│   ├── Saved cleaned markdown to tests/runs/2026-07-31_17-39-11/2012 - 
│   │   Application of 1H DOSY for Facile Measurement of Polymer Molecular 
│   │   Weights/extract/output_clean.md
│   ├── Saved 3 tables (txt & csv) to tests/runs/2026-07-31_17-39-11/2012 - 
│   │   Application of 1H DOSY for Facile Measurement of Polymer Molecular 
│   │   Weights/extract/tables
│   └── Saved execution logs to tests/runs/2026-07-31_17-39-11/2012 - 
│       Application of 1H DOSY for Facile Measurement of Polymer Molecular 
│       Weights/extract/log_2012 - Application of 1H DOSY for Facile Measurement
│       of Polymer Molecular Weights.pdf.log
├── ✓ Categorised extracted tables using gemma4:31b (completed in 52.58s) (Total
│   tokens: 4064 in, 181 out)
│   ├── table1.txt: raw (tokens: 1374 in, 57 out)
│   ├── table2.txt: raw (tokens: 1463 in, 67 out)
│   └── table3.txt: raw (tokens: 1227 in, 57 out)
├── ⚠ No tables categorized as containing required parameters. Skipping 
│   interpretation.
└── Total time taken: 82.23s📄 2012 - Diffusion ordered spectroscopy (DOSY) as a powerful tool for 
amphiphilic block copolymer characterization and for critical micelle 
concentration (cmc) determination.pdf
├── ✓ Extracted text & tables (completed in 6.50s)
│   ├── Hardware Acceleration: GPU Active (CUDA (NVIDIA A100-SXM4-80GB))
│   ├── Extracted text & tables in-memory
│   ├── Saved cleaned PDF to tests/runs/2026-07-31_17-39-11/2012 - Diffusion 
│   │   ordered spectroscopy (DOSY) as a powerful tool for amphiphilic block 
│   │   copolymer characterization and for critical micelle concentration (cmc) 
│   │   determination/extract/clean_2012 - Diffusion ordered spectroscopy (DOSY)
│   │   as a powerful tool for amphiphilic block copolymer characterization and 
│   │   for critical micelle concentration (cmc) determination.pdf
│   ├── Saved unclean markdown to tests/runs/2026-07-31_17-39-11/2012 - 
│   │   Diffusion ordered spectroscopy (DOSY) as a powerful tool for amphiphilic
│   │   block copolymer characterization and for critical micelle concentration 
│   │   (cmc) determination/extract/output.md
│   ├── Saved cleaned markdown to tests/runs/2026-07-31_17-39-11/2012 - 
│   │   Diffusion ordered spectroscopy (DOSY) as a powerful tool for amphiphilic
│   │   block copolymer characterization and for critical micelle concentration 
│   │   (cmc) determination/extract/output_clean.md
│   ├── Saved 0 tables (txt & csv) to tests/runs/2026-07-31_17-39-11/2012 - 
│   │   Diffusion ordered spectroscopy (DOSY) as a powerful tool for amphiphilic
│   │   block copolymer characterization and for critical micelle concentration 
│   │   (cmc) determination/extract/tables
│   └── Saved execution logs to tests/runs/2026-07-31_17-39-11/2012 - Diffusion 
│       ordered spectroscopy (DOSY) as a powerful tool for amphiphilic block 
│       copolymer characterization and for critical micelle concentration (cmc) 
│       determination/extract/log_2012 - Diffusion ordered spectroscopy (DOSY) 
│       as a powerful tool for amphiphilic block copolymer characterization and 
│       for critical micelle concentration (cmc) determination.pdf.log
├── ✓ Categorised extracted tables using gemma4:31b (completed in 0.00s)
│   └── No tables found to categorise
├── ⚠ No extracted tables found to interpret.
└── Total time taken: 6.56s📄 2012 - Diffusion ordered spectroscopy (DOSY) as a powerful tool for 
amphiphilic block copolymer characterization and for critical micelle 
concentration.pdf
├── ✓ Extracted text & tables (completed in 6.75s)
│   ├── Hardware Acceleration: GPU Active (CUDA (NVIDIA A100-SXM4-80GB))
│   ├── Extracted text & tables in-memory
│   ├── Saved cleaned PDF to tests/runs/2026-07-31_17-39-11/2012 - Diffusion 
│   │   ordered spectroscopy (DOSY) as a powerful tool for amphiphilic block 
│   │   copolymer characterization and for critical micelle 
│   │   concentration/extract/clean_2012 - Diffusion ordered spectroscopy (DOSY)
│   │   as a powerful tool for amphiphilic block copolymer characterization and 
│   │   for critical micelle concentration.pdf
│   ├── Saved unclean markdown to tests/runs/2026-07-31_17-39-11/2012 - 
│   │   Diffusion ordered spectroscopy (DOSY) as a powerful tool for amphiphilic
│   │   block copolymer characterization and for critical micelle 
│   │   concentration/extract/output.md
│   ├── Saved cleaned markdown to tests/runs/2026-07-31_17-39-11/2012 - 
│   │   Diffusion ordered spectroscopy (DOSY) as a powerful tool for amphiphilic
│   │   block copolymer characterization and for critical micelle 
│   │   concentration/extract/output_clean.md
│   ├── Saved 0 tables (txt & csv) to tests/runs/2026-07-31_17-39-11/2012 - 
│   │   Diffusion ordered spectroscopy (DOSY) as a powerful tool for amphiphilic
│   │   block copolymer characterization and for critical micelle 
│   │   concentration/extract/tables
│   └── Saved execution logs to tests/runs/2026-07-31_17-39-11/2012 - Diffusion 
│       ordered spectroscopy (DOSY) as a powerful tool for amphiphilic block 
│       copolymer characterization and for critical micelle 
│       concentration/extract/log_2012 - Diffusion ordered spectroscopy (DOSY) 
│       as a powerful tool for amphiphilic block copolymer characterization and 
│       for critical micelle concentration.pdf.log
├── ✓ Categorised extracted tables using gemma4:31b (completed in 0.00s)
│   └── No tables found to categorise
├── ⚠ No extracted tables found to interpret.
└── Total time taken: 6.81s📄 2012 - Monitoring the functionalization of single-walled carbon nanotubes 
with chitosan and folic acid by two-dimensional diffusion-ordered NMR 
spectroscopy.pdf
├── ✓ Extracted text & tables (completed in 14.47s)
│   ├── Hardware Acceleration: GPU Active (CUDA (NVIDIA A100-SXM4-80GB))
│   ├── Extracted text & tables in-memory
│   ├── Saved cleaned PDF to tests/runs/2026-07-31_17-39-11/2012 - Monitoring 
│   │   the functionalization of single-walled carbon nanotubes with chitosan 
│   │   and folic acid by two-dimensional diffusion-ordered NMR 
│   │   spectroscopy/extract/clean_2012 - Monitoring the functionalization of 
│   │   single-walled carbon nanotubes with chitosan and folic acid by 
│   │   two-dimensional diffusion-ordered NMR spectroscopy.pdf
│   ├── Saved unclean markdown to tests/runs/2026-07-31_17-39-11/2012 - 
│   │   Monitoring the functionalization of single-walled carbon nanotubes with 
│   │   chitosan and folic acid by two-dimensional diffusion-ordered NMR 
│   │   spectroscopy/extract/output.md
│   ├── Saved cleaned markdown to tests/runs/2026-07-31_17-39-11/2012 - 
│   │   Monitoring the functionalization of single-walled carbon nanotubes with 
│   │   chitosan and folic acid by two-dimensional diffusion-ordered NMR 
│   │   spectroscopy/extract/output_clean.md
│   ├── Saved 1 tables (txt & csv) to tests/runs/2026-07-31_17-39-11/2012 - 
│   │   Monitoring the functionalization of single-walled carbon nanotubes with 
│   │   chitosan and folic acid by two-dimensional diffusion-ordered NMR 
│   │   spectroscopy/extract/tables
│   └── Saved execution logs to tests/runs/2026-07-31_17-39-11/2012 - Monitoring
│       the functionalization of single-walled carbon nanotubes with chitosan 
│       and folic acid by two-dimensional diffusion-ordered NMR 
│       spectroscopy/extract/log_2012 - Monitoring the functionalization of 
│       single-walled carbon nanotubes with chitosan and folic acid by 
│       two-dimensional diffusion-ordered NMR spectroscopy.pdf.log
├── ✓ Categorised extracted tables using gemma4:31b (completed in 17.67s) (Total
│   tokens: 851 in, 66 out)
│   └── table1.txt: raw (tokens: 851 in, 66 out)
├── ⚠ No tables categorized as containing required parameters. Skipping 
│   interpretation.
└── Total time taken: 32.24s📄 2012 - Online Tracing of Molecular Weight Evolution during Radical 
Polymerization via high-resolution FlowNMR spectroscopy.pdf
├── ✓ Extracted text & tables (completed in 5.88s)
│   ├── Hardware Acceleration: GPU Active (CUDA (NVIDIA A100-SXM4-80GB))
│   ├── Extracted text & tables in-memory
│   ├── Saved cleaned PDF to tests/runs/2026-07-31_17-39-11/2012 - Online 
│   │   Tracing of Molecular Weight Evolution during Radical Polymerization via 
│   │   high-resolution FlowNMR spectroscopy/extract/clean_2012 - Online Tracing
│   │   of Molecular Weight Evolution during Radical Polymerization via 
│   │   high-resolution FlowNMR spectroscopy.pdf
│   ├── Saved unclean markdown to tests/runs/2026-07-31_17-39-11/2012 - Online 
│   │   Tracing of Molecular Weight Evolution during Radical Polymerization via 
│   │   high-resolution FlowNMR spectroscopy/extract/output.md
│   ├── Saved cleaned markdown to tests/runs/2026-07-31_17-39-11/2012 - Online 
│   │   Tracing of Molecular Weight Evolution during Radical Polymerization via 
│   │   high-resolution FlowNMR spectroscopy/extract/output_clean.md
│   ├── Saved 0 tables (txt & csv) to tests/runs/2026-07-31_17-39-11/2012 - 
│   │   Online Tracing of Molecular Weight Evolution during Radical 
│   │   Polymerization via high-resolution FlowNMR spectroscopy/extract/tables
│   └── Saved execution logs to tests/runs/2026-07-31_17-39-11/2012 - Online 
│       Tracing of Molecular Weight Evolution during Radical Polymerization via 
│       high-resolution FlowNMR spectroscopy/extract/log_2012 - Online Tracing 
│       of Molecular Weight Evolution during Radical Polymerization via 
│       high-resolution FlowNMR spectroscopy.pdf.log
├── ✓ Categorised extracted tables using gemma4:31b (completed in 0.00s)
│   └── No tables found to categorise
├── ⚠ No extracted tables found to interpret.
└── Total time taken: 5.95s📄 2013 - Application of 1H DOSY for Facile Measurement of Polymer Molecular 
Weights.pdf
├── ✓ Extracted text & tables (completed in 29.04s)
│   ├── Hardware Acceleration: GPU Active (CUDA (NVIDIA A100-SXM4-80GB))
│   ├── Extracted text & tables in-memory
│   ├── Saved cleaned PDF to tests/runs/2026-07-31_17-39-11/2013 - Application 
│   │   of 1H DOSY for Facile Measurement of Polymer Molecular 
│   │   Weights/extract/clean_2013 - Application of 1H DOSY for Facile 
│   │   Measurement of Polymer Molecular Weights.pdf
│   ├── Saved unclean markdown to tests/runs/2026-07-31_17-39-11/2013 - 
│   │   Application of 1H DOSY for Facile Measurement of Polymer Molecular 
│   │   Weights/extract/output.md
│   ├── Saved cleaned markdown to tests/runs/2026-07-31_17-39-11/2013 - 
│   │   Application of 1H DOSY for Facile Measurement of Polymer Molecular 
│   │   Weights/extract/output_clean.md
│   ├── Saved 3 tables (txt & csv) to tests/runs/2026-07-31_17-39-11/2013 - 
│   │   Application of 1H DOSY for Facile Measurement of Polymer Molecular 
│   │   Weights/extract/tables
│   └── Saved execution logs to tests/runs/2026-07-31_17-39-11/2013 - 
│       Application of 1H DOSY for Facile Measurement of Polymer Molecular 
│       Weights/extract/log_2013 - Application of 1H DOSY for Facile Measurement
│       of Polymer Molecular Weights.pdf.log
├── ✓ Categorised extracted tables using gemma4:31b (completed in 50.37s) (Total
│   tokens: 4064 in, 181 out)
│   ├── table1.txt: raw (tokens: 1374 in, 57 out)
│   ├── table2.txt: raw (tokens: 1463 in, 67 out)
│   └── table3.txt: raw (tokens: 1227 in, 57 out)
├── ⚠ No tables categorized as containing required parameters. Skipping 
│   interpretation.
└── Total time taken: 79.56s📄 2013 - Quantitative analysis of polymer mixtures in solution by pulsed 
field-gradient spin echo NMR spectroscopy.pdf
├── ✓ Extracted text & tables (completed in 92.98s)
│   ├── Hardware Acceleration: GPU Active (CUDA (NVIDIA A100-SXM4-80GB))
│   ├── Extracted text & tables in-memory
│   ├── Saved cleaned PDF to tests/runs/2026-07-31_17-39-11/2013 - Quantitative 
│   │   analysis of polymer mixtures in solution by pulsed field-gradient spin 
│   │   echo NMR spectroscopy/extract/clean_2013 - Quantitative analysis of 
│   │   polymer mixtures in solution by pulsed field-gradient spin echo NMR 
│   │   spectroscopy.pdf
│   ├── Saved unclean markdown to tests/runs/2026-07-31_17-39-11/2013 - 
│   │   Quantitative analysis of polymer mixtures in solution by pulsed 
│   │   field-gradient spin echo NMR spectroscopy/extract/output.md
│   ├── Saved cleaned markdown to tests/runs/2026-07-31_17-39-11/2013 - 
│   │   Quantitative analysis of polymer mixtures in solution by pulsed 
│   │   field-gradient spin echo NMR spectroscopy/extract/output_clean.md
│   ├── Saved 4 tables (txt & csv) to tests/runs/2026-07-31_17-39-11/2013 - 
│   │   Quantitative analysis of polymer mixtures in solution by pulsed 
│   │   field-gradient spin echo NMR spectroscopy/extract/tables
│   └── Saved execution logs to tests/runs/2026-07-31_17-39-11/2013 - 
│       Quantitative analysis of polymer mixtures in solution by pulsed 
│       field-gradient spin echo NMR spectroscopy/extract/log_2013 - 
│       Quantitative analysis of polymer mixtures in solution by pulsed 
│       field-gradient spin echo NMR spectroscopy.pdf.log
├── ✓ Categorised extracted tables using gemma4:31b (completed in 73.99s) (Total
│   tokens: 5823 in, 223 out)
│   ├── table1.txt: raw (tokens: 1361 in, 57 out)
│   ├── table2.txt: Not flagged (no experimental data, no polymers) (tokens: 
│   │   1105 in, 54 out)
│   ├── table3.txt: Not flagged (no experimental data, no polymers) (tokens: 
│   │   1187 in, 55 out)
│   └── table4.txt: raw (tokens: 2170 in, 57 out)
├── ⚠ No tables categorized as containing required parameters. Skipping 
│   interpretation.
└── Total time taken: 167.10s📄 2013 - Self-diffusion of water and poly(amidoamine) dendrimers in dilute 
aqueous solutions.pdf
├── ✓ Extracted text & tables (completed in 33.36s)
│   ├── Hardware Acceleration: GPU Active (CUDA (NVIDIA A100-SXM4-80GB))
│   ├── Extracted text & tables in-memory
│   ├── Saved cleaned PDF to tests/runs/2026-07-31_17-39-11/2013 - 
│   │   Self-diffusion of water and poly(amidoamine) dendrimers in dilute 
│   │   aqueous solutions/extract/clean_2013 - Self-diffusion of water and 
│   │   poly(amidoamine) dendrimers in dilute aqueous solutions.pdf
│   ├── Saved unclean markdown to tests/runs/2026-07-31_17-39-11/2013 - 
│   │   Self-diffusion of water and poly(amidoamine) dendrimers in dilute 
│   │   aqueous solutions/extract/output.md
│   ├── Saved cleaned markdown to tests/runs/2026-07-31_17-39-11/2013 - 
│   │   Self-diffusion of water and poly(amidoamine) dendrimers in dilute 
│   │   aqueous solutions/extract/output_clean.md
│   ├── Saved 3 tables (txt & csv) to tests/runs/2026-07-31_17-39-11/2013 - 
│   │   Self-diffusion of water and poly(amidoamine) dendrimers in dilute 
│   │   aqueous solutions/extract/tables
│   └── Saved execution logs to tests/runs/2026-07-31_17-39-11/2013 - 
│       Self-diffusion of water and poly(amidoamine) dendrimers in dilute 
│       aqueous solutions/extract/log_2013 - Self-diffusion of water and 
│       poly(amidoamine) dendrimers in dilute aqueous solutions.pdf.log
├── ✓ Categorised extracted tables using gemma4:31b (completed in 82.83s) (Total
│   tokens: 3608 in, 165 out)
│   ├── table1.txt: Not flagged (no polymers) (tokens: 1400 in, 55 out)
│   ├── table2.txt: Not flagged (no polymers) (tokens: 1336 in, 56 out)
│   └── table3.txt: Not flagged (no experimental data, no polymers) (tokens: 872
│       in, 54 out)
├── ⚠ No tables categorized as containing required parameters. Skipping 
│   interpretation.
└── Total time taken: 116.33s📄 2014 - Dal Poggetto - 19F DOSY NMR analysis for spin systems with nJFF 
couplings.pdf
├── ✓ Extracted text & tables (completed in 3.04s)
│   ├── Hardware Acceleration: GPU Active (CUDA (NVIDIA A100-SXM4-80GB))
│   ├── Extracted text & tables in-memory
│   ├── Saved cleaned PDF to tests/runs/2026-07-31_17-39-11/2014 - Dal Poggetto 
│   │   - 19F DOSY NMR analysis for spin systems with nJFF 
│   │   couplings/extract/clean_2014 - Dal Poggetto - 19F DOSY NMR analysis for 
│   │   spin systems with nJFF couplings.pdf
│   ├── Saved unclean markdown to tests/runs/2026-07-31_17-39-11/2014 - Dal 
│   │   Poggetto - 19F DOSY NMR analysis for spin systems with nJFF 
│   │   couplings/extract/output.md
│   ├── Saved cleaned markdown to tests/runs/2026-07-31_17-39-11/2014 - Dal 
│   │   Poggetto - 19F DOSY NMR analysis for spin systems with nJFF 
│   │   couplings/extract/output_clean.md
│   ├── Saved 0 tables (txt & csv) to tests/runs/2026-07-31_17-39-11/2014 - Dal 
│   │   Poggetto - 19F DOSY NMR analysis for spin systems with nJFF 
│   │   couplings/extract/tables
│   └── Saved execution logs to tests/runs/2026-07-31_17-39-11/2014 - Dal 
│       Poggetto - 19F DOSY NMR analysis for spin systems with nJFF 
│       couplings/extract/log_2014 - Dal Poggetto - 19F DOSY NMR analysis for 
│       spin systems with nJFF couplings.pdf.log
├── ✓ Categorised extracted tables using gemma4:31b (completed in 0.00s)
│   └── No tables found to categorise
├── ⚠ No extracted tables found to interpret.
└── Total time taken: 3.11s📄 2014 - Determination of the Average Molecular Weight of Hydroxyethyl Starches
by Diffusion Ordered NMR Spectroscopy.pdf
├── ✓ Extracted text & tables (completed in 13.32s)
│   ├── Hardware Acceleration: GPU Active (CUDA (NVIDIA A100-SXM4-80GB))
│   ├── Extracted text & tables in-memory
│   ├── Saved cleaned PDF to tests/runs/2026-07-31_17-39-11/2014 - Determination
│   │   of the Average Molecular Weight of Hydroxyethyl Starches by Diffusion 
│   │   Ordered NMR Spectroscopy/extract/clean_2014 - Determination of the 
│   │   Average Molecular Weight of Hydroxyethyl Starches by Diffusion Ordered 
│   │   NMR Spectroscopy.pdf
│   ├── Saved unclean markdown to tests/runs/2026-07-31_17-39-11/2014 - 
│   │   Determination of the Average Molecular Weight of Hydroxyethyl Starches 
│   │   by Diffusion Ordered NMR Spectroscopy/extract/output.md
│   ├── Saved cleaned markdown to tests/runs/2026-07-31_17-39-11/2014 - 
│   │   Determination of the Average Molecular Weight of Hydroxyethyl Starches 
│   │   by Diffusion Ordered NMR Spectroscopy/extract/output_clean.md
│   ├── Saved 4 tables (txt & csv) to tests/runs/2026-07-31_17-39-11/2014 - 
│   │   Determination of the Average Molecular Weight of Hydroxyethyl Starches 
│   │   by Diffusion Ordered NMR Spectroscopy/extract/tables
│   └── Saved execution logs to tests/runs/2026-07-31_17-39-11/2014 - 
│       Determination of the Average Molecular Weight of Hydroxyethyl Starches 
│       by Diffusion Ordered NMR Spectroscopy/extract/log_2014 - Determination 
│       of the Average Molecular Weight of Hydroxyethyl Starches by Diffusion 
│       Ordered NMR Spectroscopy.pdf.log
├── ✓ Categorised extracted tables using gemma4:31b (completed in 74.92s) (Total
│   tokens: 9049 in, 250 out)
│   ├── table1.txt: raw (tokens: 1394 in, 69 out)
│   ├── table2.txt: flory (tokens: 2538 in, 57 out)
│   ├── table3.txt: raw (tokens: 2127 in, 68 out)
│   └── table4.txt: raw (tokens: 2990 in, 56 out)
├── ✓ Interpreted coeff tables using gemma4:31b (completed in 212.62s) (Total 
│   tokens: 15087 in, 1009 out)
│   └── table2.txt (Flory): Interpreted (tokens: 15087 in, 1009 out)
│       ├── Calculator Call: 1 / 2.538 -> 0.39401103230890466
│       ├── Calculator Call: (1/2.538) * (3 + log10(9.0314)) - 10 -> 
│       │   -8.44138885832455
│       ├── Calculator Call: 1 / 2.164 -> 0.4621072088724584
│       ├── Calculator Call: (1/2.164) * (3 + log10(8.3038)) - 10 -> 
│       │   -8.188873899957462
│       ├── Calculator Call: 1 / 1.801 -> 0.5552470849528041
│       └── Calculator Call: (1/1.801) * (3 + log10(9.4862)) - 10 -> 
│           -7.791731106743535
└── Total time taken: 301.09s📄 2014 - Determination of the presence of hyaluronic acid in preparations 
containing amino acids The molecular weight characterization.pdf
├── ✓ Extracted text & tables (completed in 6.33s)
│   ├── Hardware Acceleration: GPU Active (CUDA (NVIDIA A100-SXM4-80GB))
│   ├── Extracted text & tables in-memory
│   ├── Saved cleaned PDF to tests/runs/2026-07-31_17-39-11/2014 - Determination
│   │   of the presence of hyaluronic acid in preparations containing amino 
│   │   acids The molecular weight characterization/extract/clean_2014 - 
│   │   Determination of the presence of hyaluronic acid in preparations 
│   │   containing amino acids The molecular weight characterization.pdf
│   ├── Saved unclean markdown to tests/runs/2026-07-31_17-39-11/2014 - 
│   │   Determination of the presence of hyaluronic acid in preparations 
│   │   containing amino acids The molecular weight 
│   │   characterization/extract/output.md
│   ├── Saved cleaned markdown to tests/runs/2026-07-31_17-39-11/2014 - 
│   │   Determination of the presence of hyaluronic acid in preparations 
│   │   containing amino acids The molecular weight 
│   │   characterization/extract/output_clean.md
│   ├── Saved 0 tables (txt & csv) to tests/runs/2026-07-31_17-39-11/2014 - 
│   │   Determination of the presence of hyaluronic acid in preparations 
│   │   containing amino acids The molecular weight 
│   │   characterization/extract/tables
│   └── Saved execution logs to tests/runs/2026-07-31_17-39-11/2014 - 
│       Determination of the presence of hyaluronic acid in preparations 
│       containing amino acids The molecular weight 
│       characterization/extract/log_2014 - Determination of the presence of 
│       hyaluronic acid in preparations containing amino acids The molecular 
│       weight characterization.pdf.log
├── ✓ Categorised extracted tables using gemma4:31b (completed in 0.00s)
│   └── No tables found to categorise
├── ⚠ No extracted tables found to interpret.
└── Total time taken: 6.40s📄 2014 - Diffusion NMR Study of Generation-Five PAMAM Dendrimer Materials.pdf
├── ✓ Extracted text & tables (completed in 18.97s)
│   ├── Hardware Acceleration: GPU Active (CUDA (NVIDIA A100-SXM4-80GB))
│   ├── Extracted text & tables in-memory
│   ├── Saved cleaned PDF to tests/runs/2026-07-31_17-39-11/2014 - Diffusion NMR
│   │   Study of Generation-Five PAMAM Dendrimer Materials/extract/clean_2014 - 
│   │   Diffusion NMR Study of Generation-Five PAMAM Dendrimer Materials.pdf
│   ├── Saved unclean markdown to tests/runs/2026-07-31_17-39-11/2014 - 
│   │   Diffusion NMR Study of Generation-Five PAMAM Dendrimer 
│   │   Materials/extract/output.md
│   ├── Saved cleaned markdown to tests/runs/2026-07-31_17-39-11/2014 - 
│   │   Diffusion NMR Study of Generation-Five PAMAM Dendrimer 
│   │   Materials/extract/output_clean.md
│   ├── Saved 4 tables (txt & csv) to tests/runs/2026-07-31_17-39-11/2014 - 
│   │   Diffusion NMR Study of Generation-Five PAMAM Dendrimer 
│   │   Materials/extract/tables
│   └── Saved execution logs to tests/runs/2026-07-31_17-39-11/2014 - Diffusion 
│       NMR Study of Generation-Five PAMAM Dendrimer Materials/extract/log_2014 
│       - Diffusion NMR Study of Generation-Five PAMAM Dendrimer 
│       Materials.pdf.log
├── ✓ Categorised extracted tables using gemma4:31b (completed in 69.67s) (Total
│   tokens: 5927 in, 248 out)
│   ├── table1.txt: Not flagged (no polymers) (tokens: 1652 in, 57 out)
│   ├── table2.txt: raw (tokens: 1028 in, 66 out)
│   ├── table3.txt: raw (tokens: 1913 in, 68 out)
│   └── table4.txt: raw (tokens: 1334 in, 57 out)
├── ⚠ No tables categorized as containing required parameters. Skipping 
│   interpretation.
└── Total time taken: 88.87s📄 2015 - A “One NMR Tube Experiment” providing data on monomer conversion, 
polymer structure, Mn and Mw.pdf
├── ✓ Extracted text & tables (completed in 96.55s)
│   ├── Hardware Acceleration: GPU Active (CUDA (NVIDIA A100-SXM4-80GB))
│   ├── Extracted text & tables in-memory
│   ├── Saved cleaned PDF to tests/runs/2026-07-31_17-39-11/2015 - A “One NMR 
│   │   Tube Experiment” providing data on monomer conversion, polymer 
│   │   structure, Mn and Mw/extract/clean_2015 - A “One NMR Tube Experiment” 
│   │   providing data on monomer conversion, polymer structure, Mn and Mw.pdf
│   ├── Saved unclean markdown to tests/runs/2026-07-31_17-39-11/2015 - A “One 
│   │   NMR Tube Experiment” providing data on monomer conversion, polymer 
│   │   structure, Mn and Mw/extract/output.md
│   ├── Saved cleaned markdown to tests/runs/2026-07-31_17-39-11/2015 - A “One 
│   │   NMR Tube Experiment” providing data on monomer conversion, polymer 
│   │   structure, Mn and Mw/extract/output_clean.md
│   ├── Saved 3 tables (txt & csv) to tests/runs/2026-07-31_17-39-11/2015 - A 
│   │   “One NMR Tube Experiment” providing data on monomer conversion, polymer 
│   │   structure, Mn and Mw/extract/tables
│   └── Saved execution logs to tests/runs/2026-07-31_17-39-11/2015 - A “One NMR
│       Tube Experiment” providing data on monomer conversion, polymer 
│       structure, Mn and Mw/extract/log_2015 - A “One NMR Tube Experiment” 
│       providing data on monomer conversion, polymer structure, Mn and 
│       Mw.pdf.log
├── ✓ Categorised extracted tables using gemma4:31b (completed in 50.20s) (Total
│   tokens: 3630 in, 195 out)
│   ├── table1.txt: raw (tokens: 1316 in, 69 out)
│   ├── table2.txt: raw (tokens: 1170 in, 69 out)
│   └── table3.txt: raw (tokens: 1144 in, 57 out)
├── ⚠ No tables categorized as containing required parameters. Skipping 
│   interpretation.
└── Total time taken: 146.87s📄 2015 - Accurate molecular weight determination of small molecules via 
DOSY-NMR by using external calibration curves with normalized diffusion 
coefficients.pdf
├── ✓ Extracted text & tables (completed in 25.06s)
│   ├── Hardware Acceleration: GPU Active (CUDA (NVIDIA A100-SXM4-80GB))
│   ├── Extracted text & tables in-memory
│   ├── Saved cleaned PDF to tests/runs/2026-07-31_17-39-11/2015 - Accurate 
│   │   molecular weight determination of small molecules via DOSY-NMR by using 
│   │   external calibration curves with normalized diffusion 
│   │   coefficients/extract/clean_2015 - Accurate molecular weight 
│   │   determination of small molecules via DOSY-NMR by using external 
│   │   calibration curves with normalized diffusion coefficients.pdf
│   ├── Saved unclean markdown to tests/runs/2026-07-31_17-39-11/2015 - Accurate
│   │   molecular weight determination of small molecules via DOSY-NMR by using 
│   │   external calibration curves with normalized diffusion 
│   │   coefficients/extract/output.md
│   ├── Saved cleaned markdown to tests/runs/2026-07-31_17-39-11/2015 - Accurate
│   │   molecular weight determination of small molecules via DOSY-NMR by using 
│   │   external calibration curves with normalized diffusion 
│   │   coefficients/extract/output_clean.md
│   ├── Saved 7 tables (txt & csv) to tests/runs/2026-07-31_17-39-11/2015 - 
│   │   Accurate molecular weight determination of small molecules via DOSY-NMR 
│   │   by using external calibration curves with normalized diffusion 
│   │   coefficients/extract/tables
│   └── Saved execution logs to tests/runs/2026-07-31_17-39-11/2015 - Accurate 
│       molecular weight determination of small molecules via DOSY-NMR by using 
│       external calibration curves with normalized diffusion 
│       coefficients/extract/log_2015 - Accurate molecular weight determination 
│       of small molecules via DOSY-NMR by using external calibration curves 
│       with normalized diffusion coefficients.pdf.log
├── ✓ Categorised extracted tables using gemma4:31b (completed in 147.69s) 
│   (Total tokens: 9823 in, 405 out)
│   ├── table1.txt: Not flagged (no polymers) (tokens: 1261 in, 55 out)
│   ├── table2.txt: mark_houwink (tokens: 1340 in, 57 out)
│   ├── table3.txt: Not flagged (no polymers) (tokens: 1393 in, 55 out)
│   ├── table4.txt: Not flagged (no polymers) (tokens: 1912 in, 57 out)
│   ├── table5.txt: Not flagged (no polymers) (tokens: 1294 in, 57 out)
│   ├── table6.txt: Not flagged (no polymers) (tokens: 1338 in, 57 out)
│   └── table7.txt: Not flagged (no polymers) (tokens: 1285 in, 67 out)
├── ✓ Interpreted coeff tables using gemma4:31b (completed in 0.00s)
└── Total time taken: 172.93s📄 2015 - All Polymer Diffusion Regimes Covered by Combining Field-Cycling and 
Field Gradient NMR.pdf
├── ✓ Extracted text & tables (completed in 241.37s)
│   ├── Hardware Acceleration: GPU Active (CUDA (NVIDIA A100-SXM4-80GB))
│   ├── Extracted text & tables in-memory
│   ├── Saved cleaned PDF to tests/runs/2026-07-31_17-39-11/2015 - All Polymer 
│   │   Diffusion Regimes Covered by Combining Field-Cycling and Field Gradient 
│   │   NMR/extract/clean_2015 - All Polymer Diffusion Regimes Covered by 
│   │   Combining Field-Cycling and Field Gradient NMR.pdf
│   ├── Saved unclean markdown to tests/runs/2026-07-31_17-39-11/2015 - All 
│   │   Polymer Diffusion Regimes Covered by Combining Field-Cycling and Field 
│   │   Gradient NMR/extract/output.md
│   ├── Saved cleaned markdown to tests/runs/2026-07-31_17-39-11/2015 - All 
│   │   Polymer Diffusion Regimes Covered by Combining Field-Cycling and Field 
│   │   Gradient NMR/extract/output_clean.md
│   ├── Saved 1 tables (txt & csv) to tests/runs/2026-07-31_17-39-11/2015 - All 
│   │   Polymer Diffusion Regimes Covered by Combining Field-Cycling and Field 
│   │   Gradient NMR/extract/tables
│   └── Saved execution logs to tests/runs/2026-07-31_17-39-11/2015 - All 
│       Polymer Diffusion Regimes Covered by Combining Field-Cycling and Field 
│       Gradient NMR/extract/log_2015 - All Polymer Diffusion Regimes Covered by
│       Combining Field-Cycling and Field Gradient NMR.pdf.log
├── ✓ Categorised extracted tables using gemma4:31b (completed in 20.87s) (Total
│   tokens: 2198 in, 68 out)
│   └── table1.txt: raw (tokens: 2198 in, 68 out)
├── ⚠ No tables categorized as containing required parameters. Skipping 
│   interpretation.
└── Total time taken: 262.36s📄 2015 - Determination of the parameters of molecular-weight distribution of 
hydroxyethyl starches by diffusion-ordered NMR spectroscopy.pdf
├── ✓ Extracted text & tables (completed in 9.71s)
│   ├── Hardware Acceleration: GPU Active (CUDA (NVIDIA A100-SXM4-80GB))
│   ├── Extracted text & tables in-memory
│   ├── Saved cleaned PDF to tests/runs/2026-07-31_17-39-11/2015 - Determination
│   │   of the parameters of molecular-weight distribution of hydroxyethyl 
│   │   starches by diffusion-ordered NMR spectroscopy/extract/clean_2015 - 
│   │   Determination of the parameters of molecular-weight distribution of 
│   │   hydroxyethyl starches by diffusion-ordered NMR spectroscopy.pdf
│   ├── Saved unclean markdown to tests/runs/2026-07-31_17-39-11/2015 - 
│   │   Determination of the parameters of molecular-weight distribution of 
│   │   hydroxyethyl starches by diffusion-ordered NMR 
│   │   spectroscopy/extract/output.md
│   ├── Saved cleaned markdown to tests/runs/2026-07-31_17-39-11/2015 - 
│   │   Determination of the parameters of molecular-weight distribution of 
│   │   hydroxyethyl starches by diffusion-ordered NMR 
│   │   spectroscopy/extract/output_clean.md
│   ├── Saved 4 tables (txt & csv) to tests/runs/2026-07-31_17-39-11/2015 - 
│   │   Determination of the parameters of molecular-weight distribution of 
│   │   hydroxyethyl starches by diffusion-ordered NMR 
│   │   spectroscopy/extract/tables
│   └── Saved execution logs to tests/runs/2026-07-31_17-39-11/2015 - 
│       Determination of the parameters of molecular-weight distribution of 
│       hydroxyethyl starches by diffusion-ordered NMR 
│       spectroscopy/extract/log_2015 - Determination of the parameters of 
│       molecular-weight distribution of hydroxyethyl starches by 
│       diffusion-ordered NMR spectroscopy.pdf.log
├── ✓ Categorised extracted tables using gemma4:31b (completed in 89.34s) (Total
│   tokens: 6297 in, 226 out)
│   ├── table1.txt: Not flagged (no polymers) (tokens: 1656 in, 57 out)
│   ├── table2.txt: raw (tokens: 1553 in, 57 out)
│   ├── table3.txt: flory (tokens: 1715 in, 55 out)
│   └── table4.txt: Not flagged (no polymers) (tokens: 1373 in, 57 out)
├── ✓ Interpreted coeff tables using gemma4:31b (completed in 244.80s) (Total 
│   tokens: 10343 in, 3081 out)
│   └── table3.txt (Flory): Interpreted (tokens: 10343 in, 3081 out)
│       ├── Calculator Call: 1 / 2.6136 -> 0.38261401897765535
│       └── Calculator Call: -25.154 / -2.6136 -> 9.624273033363943
└── Total time taken: 344.00s📄 2015 - Systematic bias in NMR diffusion measurements on polydisperse 
systems.pdf
├── ✓ Extracted text & tables (completed in 210.83s)
│   ├── Hardware Acceleration: GPU Active (CUDA (NVIDIA A100-SXM4-80GB))
│   ├── Extracted text & tables in-memory
│   ├── Saved cleaned PDF to tests/runs/2026-07-31_17-39-11/2015 - Systematic 
│   │   bias in NMR diffusion measurements on polydisperse 
│   │   systems/extract/clean_2015 - Systematic bias in NMR diffusion 
│   │   measurements on polydisperse systems.pdf
│   ├── Saved unclean markdown to tests/runs/2026-07-31_17-39-11/2015 - 
│   │   Systematic bias in NMR diffusion measurements on polydisperse 
│   │   systems/extract/output.md
│   ├── Saved cleaned markdown to tests/runs/2026-07-31_17-39-11/2015 - 
│   │   Systematic bias in NMR diffusion measurements on polydisperse 
│   │   systems/extract/output_clean.md
│   ├── Saved 1 tables (txt & csv) to tests/runs/2026-07-31_17-39-11/2015 - 
│   │   Systematic bias in NMR diffusion measurements on polydisperse 
│   │   systems/extract/tables
│   └── Saved execution logs to tests/runs/2026-07-31_17-39-11/2015 - Systematic
│       bias in NMR diffusion measurements on polydisperse 
│       systems/extract/log_2015 - Systematic bias in NMR diffusion measurements
│       on polydisperse systems.pdf.log
├── ✓ Categorised extracted tables using gemma4:31b (completed in 18.35s) (Total
│   tokens: 1747 in, 57 out)
│   └── table1.txt: Not flagged (no experimental data, no polymers) (tokens: 
│       1747 in, 57 out)
├── ⚠ No tables categorized as containing required parameters. Skipping 
│   interpretation.
└── Total time taken: 229.27s📄 2016 - 1 H DOSY NMR Determination of the Molecular Weight and the Solution 
Properties of Poly-( N -acryloylmorpholine) in Various Solvents.pdf
├── ✓ Extracted text & tables (completed in 16.52s)
│   ├── Hardware Acceleration: GPU Active (CUDA (NVIDIA A100-SXM4-80GB))
│   ├── Extracted text & tables in-memory
│   ├── Saved cleaned PDF to tests/runs/2026-07-31_17-39-11/2016 - 1 H DOSY NMR 
│   │   Determination of the Molecular Weight and the Solution Properties of 
│   │   Poly-( N -acryloylmorpholine) in Various Solvents/extract/clean_2016 - 1
│   │   H DOSY NMR Determination of the Molecular Weight and the Solution 
│   │   Properties of Poly-( N -acryloylmorpholine) in Various Solvents.pdf
│   ├── Saved unclean markdown to tests/runs/2026-07-31_17-39-11/2016 - 1 H DOSY
│   │   NMR Determination of the Molecular Weight and the Solution Properties of
│   │   Poly-( N -acryloylmorpholine) in Various Solvents/extract/output.md
│   ├── Saved cleaned markdown to tests/runs/2026-07-31_17-39-11/2016 - 1 H DOSY
│   │   NMR Determination of the Molecular Weight and the Solution Properties of
│   │   Poly-( N -acryloylmorpholine) in Various 
│   │   Solvents/extract/output_clean.md
│   ├── Saved 2 tables (txt & csv) to tests/runs/2026-07-31_17-39-11/2016 - 1 H 
│   │   DOSY NMR Determination of the Molecular Weight and the Solution 
│   │   Properties of Poly-( N -acryloylmorpholine) in Various 
│   │   Solvents/extract/tables
│   └── Saved execution logs to tests/runs/2026-07-31_17-39-11/2016 - 1 H DOSY 
│       NMR Determination of the Molecular Weight and the Solution Properties of
│       Poly-( N -acryloylmorpholine) in Various Solvents/extract/log_2016 - 1 H
│       DOSY NMR Determination of the Molecular Weight and the Solution 
│       Properties of Poly-( N -acryloylmorpholine) in Various Solvents.pdf.log
├── ✓ Categorised extracted tables using gemma4:31b (completed in 33.45s) (Total
│   tokens: 2341 in, 111 out)
│   ├── table1.txt: Not flagged (no polymers) (tokens: 1304 in, 57 out)
│   └── table2.txt: flory (tokens: 1037 in, 54 out)
├── ✓ Interpreted coeff tables using gemma4:31b (completed in 318.34s) (Total 
│   tokens: 9779 in, 2918 out)
│   └── table2.txt (Flory): Interpreted (tokens: 9779 in, 2918 out)
│       ├── Calculator Call: (1/2.088)*log10(1.283*10**8) -> 3.8832503143558084
│       ├── Calculator Call: (1/2.096)*log10(5.154*10**8) -> 4.156557449530003
│       ├── Calculator Call: (1/2.223)*log10(1.754*10**8) -> 3.7085153346963664
│       └── Calculator Call: (1/2.464)*log10(5.939*10**8) -> 3.5607602781156746
└── Total time taken: 368.42s📄 2016 - Diffusion-ordered spectroscopy nmr an all-in-one tool to 
simultaneously follow side-reactions, livingness and molar masses of 
polymethylmethacrylate by nitroxide mediated polymerisation.pdf
├── ✓ Extracted text & tables (completed in 20.95s)
│   ├── Hardware Acceleration: GPU Active (CUDA (NVIDIA A100-SXM4-80GB))
│   ├── Extracted text & tables in-memory
│   ├── Saved cleaned PDF to tests/runs/2026-07-31_17-39-11/2016 - 
│   │   Diffusion-ordered spectroscopy nmr an all-in-one tool to simultaneously 
│   │   follow side-reactions, livingness and molar masses of 
│   │   polymethylmethacrylate by nitroxide mediated 
│   │   polymerisation/extract/clean_2016 - Diffusion-ordered spectroscopy nmr 
│   │   an all-in-one tool to simultaneously follow side-reactions, livingness 
│   │   and molar masses of polymethylmethacrylate by nitroxide mediated 
│   │   polymerisation.pdf
│   ├── Saved unclean markdown to tests/runs/2026-07-31_17-39-11/2016 - 
│   │   Diffusion-ordered spectroscopy nmr an all-in-one tool to simultaneously 
│   │   follow side-reactions, livingness and molar masses of 
│   │   polymethylmethacrylate by nitroxide mediated 
│   │   polymerisation/extract/output.md
│   ├── Saved cleaned markdown to tests/runs/2026-07-31_17-39-11/2016 - 
│   │   Diffusion-ordered spectroscopy nmr an all-in-one tool to simultaneously 
│   │   follow side-reactions, livingness and molar masses of 
│   │   polymethylmethacrylate by nitroxide mediated 
│   │   polymerisation/extract/output_clean.md
│   ├── Saved 1 tables (txt & csv) to tests/runs/2026-07-31_17-39-11/2016 - 
│   │   Diffusion-ordered spectroscopy nmr an all-in-one tool to simultaneously 
│   │   follow side-reactions, livingness and molar masses of 
│   │   polymethylmethacrylate by nitroxide mediated 
│   │   polymerisation/extract/tables
│   └── Saved execution logs to tests/runs/2026-07-31_17-39-11/2016 - 
│       Diffusion-ordered spectroscopy nmr an all-in-one tool to simultaneously 
│       follow side-reactions, livingness and molar masses of 
│       polymethylmethacrylate by nitroxide mediated 
│       polymerisation/extract/log_2016 - Diffusion-ordered spectroscopy nmr an 
│       all-in-one tool to simultaneously follow side-reactions, livingness and 
│       molar masses of polymethylmethacrylate by nitroxide mediated 
│       polymerisation.pdf.log
├── ✓ Categorised extracted tables using gemma4:31b (completed in 20.33s) (Total
│   tokens: 2338 in, 56 out)
│   └── table1.txt: raw (tokens: 2338 in, 56 out)
├── ⚠ No tables categorized as containing required parameters. Skipping 
│   interpretation.
└── Total time taken: 41.42s📄 2016 - Glycosylation intermediates studied using low temperature 1H- and 
19F-DOSY NMR new insight into the activation of trichloroacetimidates.pdf
├── ✓ Extracted text & tables (completed in 11.44s)
│   ├── Hardware Acceleration: GPU Active (CUDA (NVIDIA A100-SXM4-80GB))
│   ├── Extracted text & tables in-memory
│   ├── Saved cleaned PDF to tests/runs/2026-07-31_17-39-11/2016 - Glycosylation
│   │   intermediates studied using low temperature 1H- and 19F-DOSY NMR new 
│   │   insight into the activation of trichloroacetimidates/extract/clean_2016 
│   │   - Glycosylation intermediates studied using low temperature 1H- and 
│   │   19F-DOSY NMR new insight into the activation of 
│   │   trichloroacetimidates.pdf
│   ├── Saved unclean markdown to tests/runs/2026-07-31_17-39-11/2016 - 
│   │   Glycosylation intermediates studied using low temperature 1H- and 
│   │   19F-DOSY NMR new insight into the activation of 
│   │   trichloroacetimidates/extract/output.md
│   ├── Saved cleaned markdown to tests/runs/2026-07-31_17-39-11/2016 - 
│   │   Glycosylation intermediates studied using low temperature 1H- and 
│   │   19F-DOSY NMR new insight into the activation of 
│   │   trichloroacetimidates/extract/output_clean.md
│   ├── Saved 1 tables (txt & csv) to tests/runs/2026-07-31_17-39-11/2016 - 
│   │   Glycosylation intermediates studied using low temperature 1H- and 
│   │   19F-DOSY NMR new insight into the activation of 
│   │   trichloroacetimidates/extract/tables
│   └── Saved execution logs to tests/runs/2026-07-31_17-39-11/2016 - 
│       Glycosylation intermediates studied using low temperature 1H- and 
│       19F-DOSY NMR new insight into the activation of 
│       trichloroacetimidates/extract/log_2016 - Glycosylation intermediates 
│       studied using low temperature 1H- and 19F-DOSY NMR new insight into the 
│       activation of trichloroacetimidates.pdf.log
├── ✓ Categorised extracted tables using gemma4:31b (completed in 17.61s) (Total
│   tokens: 1685 in, 67 out)
│   └── table1.txt: Not flagged (no polymers) (tokens: 1685 in, 67 out)
├── ⚠ No tables categorized as containing required parameters. Skipping 
│   interpretation.
└── Total time taken: 29.17s📄 2016 - Gosecka - DOSY NMR as a tool for predicting optimal conditions for 
hydrogel formation.pdf
├── ✓ Extracted text & tables (completed in 20.61s)
│   ├── Hardware Acceleration: GPU Active (CUDA (NVIDIA A100-SXM4-80GB))
│   ├── Extracted text & tables in-memory
│   ├── Saved cleaned PDF to tests/runs/2026-07-31_17-39-11/2016 - Gosecka - 
│   │   DOSY NMR as a tool for predicting optimal conditions for hydrogel 
│   │   formation/extract/clean_2016 - Gosecka - DOSY NMR as a tool for 
│   │   predicting optimal conditions for hydrogel formation.pdf
│   ├── Saved unclean markdown to tests/runs/2026-07-31_17-39-11/2016 - Gosecka 
│   │   - DOSY NMR as a tool for predicting optimal conditions for hydrogel 
│   │   formation/extract/output.md
│   ├── Saved cleaned markdown to tests/runs/2026-07-31_17-39-11/2016 - Gosecka 
│   │   - DOSY NMR as a tool for predicting optimal conditions for hydrogel 
│   │   formation/extract/output_clean.md
│   ├── Saved 3 tables (txt & csv) to tests/runs/2026-07-31_17-39-11/2016 - 
│   │   Gosecka - DOSY NMR as a tool for predicting optimal conditions for 
│   │   hydrogel formation/extract/tables
│   └── Saved execution logs to tests/runs/2026-07-31_17-39-11/2016 - Gosecka - 
│       DOSY NMR as a tool for predicting optimal conditions for hydrogel 
│       formation/extract/log_2016 - Gosecka - DOSY NMR as a tool for predicting
│       optimal conditions for hydrogel formation.pdf.log
├── ✓ Categorised extracted tables using gemma4:31b (completed in 55.34s) (Total
│   tokens: 6043 in, 190 out)
│   ├── table1.txt: raw (tokens: 2587 in, 66 out)
│   ├── table2.txt: raw (tokens: 1843 in, 69 out)
│   └── table3.txt: Not flagged (tokens: 1613 in, 55 out)
├── ⚠ No tables categorized as containing required parameters. Skipping 
│   interpretation.
└── Total time taken: 76.06s📄 2016 - The pH-responsive behaviour of poly(acrylic acid) in aqueous solution 
is dependent on molar mass†.pdf
├── ✓ Extracted text & tables (completed in 104.45s)
│   ├── Hardware Acceleration: GPU Active (CUDA (NVIDIA A100-SXM4-80GB))
│   ├── Extracted text & tables in-memory
│   ├── Saved cleaned PDF to tests/runs/2026-07-31_17-39-11/2016 - The 
│   │   pH-responsive behaviour of poly(acrylic acid) in aqueous solution is 
│   │   dependent on molar mass†/extract/clean_2016 - The pH-responsive 
│   │   behaviour of poly(acrylic acid) in aqueous solution is dependent on 
│   │   molar mass†.pdf
│   ├── Saved unclean markdown to tests/runs/2026-07-31_17-39-11/2016 - The 
│   │   pH-responsive behaviour of poly(acrylic acid) in aqueous solution is 
│   │   dependent on molar mass†/extract/output.md
│   ├── Saved cleaned markdown to tests/runs/2026-07-31_17-39-11/2016 - The 
│   │   pH-responsive behaviour of poly(acrylic acid) in aqueous solution is 
│   │   dependent on molar mass†/extract/output_clean.md
│   ├── Saved 0 tables (txt & csv) to tests/runs/2026-07-31_17-39-11/2016 - The 
│   │   pH-responsive behaviour of poly(acrylic acid) in aqueous solution is 
│   │   dependent on molar mass†/extract/tables
│   └── Saved execution logs to tests/runs/2026-07-31_17-39-11/2016 - The 
│       pH-responsive behaviour of poly(acrylic acid) in aqueous solution is 
│       dependent on molar mass†/extract/log_2016 - The pH-responsive behaviour 
│       of poly(acrylic acid) in aqueous solution is dependent on molar 
│       mass†.pdf.log
├── ✓ Categorised extracted tables using gemma4:31b (completed in 0.00s)
│   └── No tables found to categorise
├── ⚠ No extracted tables found to interpret.
└── Total time taken: 104.53s📄 2016 - Xu - 19F DOSY diffusion‐NMR spectroscopy of fluoropolymers.pdf
├── ✓ Extracted text & tables (completed in 25.55s)
│   ├── Hardware Acceleration: GPU Active (CUDA (NVIDIA A100-SXM4-80GB))
│   ├── Extracted text & tables in-memory
│   ├── Saved cleaned PDF to tests/runs/2026-07-31_17-39-11/2016 - Xu - 19F DOSY
│   │   diffusion‐NMR spectroscopy of fluoropolymers/extract/clean_2016 - Xu - 
│   │   19F DOSY diffusion‐NMR spectroscopy of fluoropolymers.pdf
│   ├── Saved unclean markdown to tests/runs/2026-07-31_17-39-11/2016 - Xu - 19F
│   │   DOSY diffusion‐NMR spectroscopy of fluoropolymers/extract/output.md
│   ├── Saved cleaned markdown to tests/runs/2026-07-31_17-39-11/2016 - Xu - 19F
│   │   DOSY diffusion‐NMR spectroscopy of 
│   │   fluoropolymers/extract/output_clean.md
│   ├── Saved 1 tables (txt & csv) to tests/runs/2026-07-31_17-39-11/2016 - Xu -
│   │   19F DOSY diffusion‐NMR spectroscopy of fluoropolymers/extract/tables
│   └── Saved execution logs to tests/runs/2026-07-31_17-39-11/2016 - Xu - 19F 
│       DOSY diffusion‐NMR spectroscopy of fluoropolymers/extract/log_2016 - Xu 
│       - 19F DOSY diffusion‐NMR spectroscopy of fluoropolymers.pdf.log
├── ✓ Categorised extracted tables using gemma4:31b (completed in 20.36s) (Total
│   tokens: 1713 in, 69 out)
│   └── table1.txt: Not flagged (no polymers) (tokens: 1713 in, 69 out)
├── ⚠ No tables categorized as containing required parameters. Skipping 
│   interpretation.
└── Total time taken: 46.01s
Extractor logs for 2017 - Analysis using size exclusion chromatography of 
poly(N-isopropylacrylamide) using methanol as an eleunt.pdf before crash:
Running: parse_pdf
Raw PDF conversion timings:
{
  "pipeline_total": {
    "scope": "document",
    "count": 1,
    "times": [
      11.998391808010638
    ],
    "start_timestamps": [
      "2026-07-31 19:17:56.574658+00:00"
    ]
  },
  "page_parse": {
    "scope": "page",
    "count": 8,
    "times": [
      0.14304511900991201,
      0.20457868394441903,
      0.1404067981056869,
      0.19480987382121384,
      0.24202295881696045,
      0.3078129980713129,
      0.2909236680716276,
      0.20565714314579964
    ],
    "start_timestamps": [
      "2026-07-31 19:17:56.580784+00:00",
      "2026-07-31 19:17:56.723893+00:00",
      "2026-07-31 19:17:56.928517+00:00",
      "2026-07-31 19:17:57.068967+00:00",
      "2026-07-31 19:17:57.263820+00:00",
      "2026-07-31 19:17:57.505892+00:00",
      "2026-07-31 19:17:57.813757+00:00",
      "2026-07-31 19:17:58.104731+00:00"
    ]
  },
  "ocr": {
    "scope": "page",
    "count": 8,
    "times": [
      0.22436153586022556,
      0.33366095600649714,
      1.452493974007666,
      1.148187723942101,
      2.60945305111818,
      1.3895022270735353,
      0.9250510118436068,
      0.14307578699663281
    ],
    "start_timestamps": [
      "2026-07-31 19:17:56.724004+00:00",
      "2026-07-31 19:17:56.948414+00:00",
      "2026-07-31 19:17:57.282117+00:00",
      "2026-07-31 19:17:58.734627+00:00",
      "2026-07-31 19:17:59.882881+00:00",
      "2026-07-31 19:18:02.492349+00:00",
      "2026-07-31 19:18:03.881867+00:00",
      "2026-07-31 19:18:04.806935+00:00"
    ]
  },
  "layout": {
    "scope": "page",
    "count": 4,
    "times": [
      0.3520714470651001,
      0.17738959495909512,
      0.06350073008798063,
      0.07747895317152143
    ],
    "start_timestamps": [
      "2026-07-31 19:17:56.948518+00:00",
      "2026-07-31 19:17:57.599390+00:00",
      "2026-07-31 19:17:59.882999+00:00",
      "2026-07-31 19:18:04.950177+00:00"
    ]
  },
  "table_structure": {
    "scope": "page",
    "count": 8,
    "times": [
      1.894589513540268e-05,
      2.763187512755394e-05,
      0.941074273083359,
      1.2555299759842455,
      5.59450127184391e-05,
      0.9238414349965751,
      3.2570911571383476e-05,
      1.617101952433586e-05
    ],
    "start_timestamps": [
      "2026-07-31 19:17:57.599487+00:00",
      "2026-07-31 19:17:58.151184+00:00",
      "2026-07-31 19:18:00.242465+00:00",
      "2026-07-31 19:18:01.183555+00:00",
      "2026-07-31 19:18:05.478813+00:00",
      "2026-07-31 19:18:05.478874+00:00",
      "2026-07-31 19:18:06.402734+00:00",
      "2026-07-31 19:18:06.402769+00:00"
    ]
  },
  "page_assemble": {
    "scope": "page",
    "count": 8,
    "times": [
      0.003866050159558654,
      0.0010523688979446888,
      0.0005429720040410757,
      0.0006745699793100357,
      0.00046809203922748566,
      0.0004661169368773699,
      0.04219735995866358,
      0.11097457213327289
    ],
    "start_timestamps": [
      "2026-07-31 19:17:57.599628+00:00",
      "2026-07-31 19:17:58.151350+00:00",
      "2026-07-31 19:18:02.459165+00:00",
      "2026-07-31 19:18:02.459746+00:00",
      "2026-07-31 19:18:06.403029+00:00",
      "2026-07-31 19:18:06.403537+00:00",
      "2026-07-31 19:18:06.404037+00:00",
      "2026-07-31 19:18:06.446272+00:00"
    ]
  },
  "doc_assemble": {
    "scope": "document",
    "count": 1,
    "times": [
      0.3730835800524801
    ],
    "start_timestamps": [
      "2026-07-31 19:18:06.557500+00:00"
    ]
  },
  "reading_order": {
    "scope": "document",
    "count": 1,
    "times": [
      0.37171561596915126
    ],
    "start_timestamps": [
      "2026-07-31 19:18:06.558406+00:00"
    ]
  },
  "doc_enrich": {
    "scope": "document",
    "count": 1,
    "times": [
      1.642417130060494
    ],
    "start_timestamps": [
      "2026-07-31 19:18:06.930612+00:00"
    ]
  }
}
All hyperlinked elements redacted in-memory.
Clean PDF conversion timings:
{
  "pipeline_total": {
    "scope": "document",
    "count": 1,
    "times": [
      11.301168998004869
    ],
    "start_timestamps": [
      "2026-07-31 19:18:15.041872+00:00"
    ]
  },
  "page_parse": {
    "scope": "page",
    "count": 8,
    "times": [
      0.13738155900500715,
      0.2119228809606284,
      0.14249869110062718,
      0.19631499191746116,
      0.22014466812834144,
      0.26649971306324005,
      0.1364603650290519,
      0.09472757996991277
    ],
    "start_timestamps": [
      "2026-07-31 19:18:15.047095+00:00",
      "2026-07-31 19:18:15.184540+00:00",
      "2026-07-31 19:18:15.396509+00:00",
      "2026-07-31 19:18:15.539051+00:00",
      "2026-07-31 19:18:15.735415+00:00",
      "2026-07-31 19:18:15.955609+00:00",
      "2026-07-31 19:18:16.222152+00:00",
      "2026-07-31 19:18:16.358656+00:00"
    ]
  },
  "ocr": {
    "scope": "page",
    "count": 8,
    "times": [
      0.23187238303944468,
      0.3372874699998647,
      1.3858452539425343,
      1.1261318549513817,
      2.4057235929649323,
      1.4093124370556325,
      0.8978045238181949,
      0.12796578602865338
    ],
    "start_timestamps": [
      "2026-07-31 19:18:15.184686+00:00",
      "2026-07-31 19:18:15.416608+00:00",
      "2026-07-31 19:18:15.753932+00:00",
      "2026-07-31 19:18:17.139796+00:00",
      "2026-07-31 19:18:18.265996+00:00",
      "2026-07-31 19:18:20.671739+00:00",
      "2026-07-31 19:18:22.081078+00:00",
      "2026-07-31 19:18:22.978897+00:00"
    ]
  },
  "layout": {
    "scope": "page",
    "count": 4,
    "times": [
      0.3530367349740118,
      0.13485192717052996,
      0.060828700894489884,
      0.07050076592713594
    ],
    "start_timestamps": [
      "2026-07-31 19:18:15.416669+00:00",
      "2026-07-31 19:18:16.235149+00:00",
      "2026-07-31 19:18:18.266061+00:00",
      "2026-07-31 19:18:23.107001+00:00"
    ]
  },
  "table_structure": {
    "scope": "page",
    "count": 8,
    "times": [
      1.6840873286128044e-05,
      4.809116944670677e-05,
      0.7769491032231599,
      1.341824091039598,
      6.424100138247013e-05,
      0.911999304080382,
      3.234087489545345e-05,
      0.29545284318737686
    ],
    "start_timestamps": [
      "2026-07-31 19:18:16.235320+00:00",
      "2026-07-31 19:18:16.674265+00:00",
      "2026-07-31 19:18:18.594869+00:00",
      "2026-07-31 19:18:19.371834+00:00",
      "2026-07-31 19:18:23.447378+00:00",
      "2026-07-31 19:18:23.447448+00:00",
      "2026-07-31 19:18:24.359467+00:00",
      "2026-07-31 19:18:24.359502+00:00"
    ]
  },
  "page_assemble": {
    "scope": "page",
    "count": 8,
    "times": [
      0.0010032588616013527,
      0.0011323820799589157,
      0.000574751989915967,
      0.0006523681804537773,
      0.00045037781819701195,
      0.0005252081900835037,
      0.0004740830045193434,
      2.5608111172914505e-05
    ],
    "start_timestamps": [
      "2026-07-31 19:18:16.235840+00:00",
      "2026-07-31 19:18:16.674369+00:00",
      "2026-07-31 19:18:20.713761+00:00",
      "2026-07-31 19:18:20.714368+00:00",
      "2026-07-31 19:18:24.655164+00:00",
      "2026-07-31 19:18:24.655647+00:00",
      "2026-07-31 19:18:24.656198+00:00",
      "2026-07-31 19:18:24.656692+00:00"
    ]
  },
  "doc_assemble": {
    "scope": "document",
    "count": 1,
    "times": [
      0.038252583937719464
    ],
    "start_timestamps": [
      "2026-07-31 19:18:24.656989+00:00"
    ]
  },
  "reading_order": {
    "scope": "document",
    "count": 1,
    "times": [
      0.03743197885341942
    ],
    "start_timestamps": [
      "2026-07-31 19:18:24.657395+00:00"
    ]
  },
  "doc_enrich": {
    "scope": "document",
    "count": 1,
    "times": [
      1.6477541259955615
    ],
    "start_timestamps": [
      "2026-07-31 19:18:24.695263+00:00"
    ]
  }
}
Function parse_pdf took 30.0826 seconds to execute.
Running: get_tables
Function get_tables took 0.0001 seconds to execute.
Running: get_surrounding_paragraphs
Function get_surrounding_paragraphs took 0.0001 seconds to execute.

📄 2017 - Analysis using size exclusion chromatography of 
poly(N-isopropylacrylamide) using methanol as an eleunt.pdf
├── ✗ Extraction failed: Extraction failed: list index out of range
│   └── Hardware Acceleration: GPU Active (CUDA (NVIDIA A100-SXM4-80GB))
├── ✓ Categorised extracted tables using gemma4:31b (completed in 0.00s)
│   └── No tables found to categorise
├── ⚠ No extracted tables found to interpret.
└── Total time taken: 30.27s📄 2017 - Diffusion (DOSY) 1H NMR as an Alternative Method for Molecular Weight 
Determination of Poly(ethylene furanoate) (PEF) Polyesters.pdf
├── ✓ Extracted text & tables (completed in 29.78s)
│   ├── Hardware Acceleration: GPU Active (CUDA (NVIDIA A100-SXM4-80GB))
│   ├── Extracted text & tables in-memory
│   ├── Saved cleaned PDF to tests/runs/2026-07-31_17-39-11/2017 - Diffusion 
│   │   (DOSY) 1H NMR as an Alternative Method for Molecular Weight 
│   │   Determination of Poly(ethylene furanoate) (PEF) 
│   │   Polyesters/extract/clean_2017 - Diffusion (DOSY) 1H NMR as an 
│   │   Alternative Method for Molecular Weight Determination of Poly(ethylene 
│   │   furanoate) (PEF) Polyesters.pdf
│   ├── Saved unclean markdown to tests/runs/2026-07-31_17-39-11/2017 - 
│   │   Diffusion (DOSY) 1H NMR as an Alternative Method for Molecular Weight 
│   │   Determination of Poly(ethylene furanoate) (PEF) 
│   │   Polyesters/extract/output.md
│   ├── Saved cleaned markdown to tests/runs/2026-07-31_17-39-11/2017 - 
│   │   Diffusion (DOSY) 1H NMR as an Alternative Method for Molecular Weight 
│   │   Determination of Poly(ethylene furanoate) (PEF) 
│   │   Polyesters/extract/output_clean.md
│   ├── Saved 1 tables (txt & csv) to tests/runs/2026-07-31_17-39-11/2017 - 
│   │   Diffusion (DOSY) 1H NMR as an Alternative Method for Molecular Weight 
│   │   Determination of Poly(ethylene furanoate) (PEF) 
│   │   Polyesters/extract/tables
│   └── Saved execution logs to tests/runs/2026-07-31_17-39-11/2017 - Diffusion 
│       (DOSY) 1H NMR as an Alternative Method for Molecular Weight 
│       Determination of Poly(ethylene furanoate) (PEF) 
│       Polyesters/extract/log_2017 - Diffusion (DOSY) 1H NMR as an Alternative 
│       Method for Molecular Weight Determination of Poly(ethylene furanoate) 
│       (PEF) Polyesters.pdf.log
├── ✓ Categorised extracted tables using gemma4:31b (completed in 19.57s) (Total
│   tokens: 2474 in, 56 out)
│   └── table1.txt: raw (tokens: 2474 in, 56 out)
├── ⚠ No tables categorized as containing required parameters. Skipping 
│   interpretation.
└── Total time taken: 49.46s📄 2017 - Diffusion in Polymer Solutions Molecular Weight Distribution by 
PFG-NMR and Relation to SEC.pdf
├── ✓ Extracted text & tables (completed in 39.84s)
│   ├── Hardware Acceleration: GPU Active (CUDA (NVIDIA A100-SXM4-80GB))
│   ├── Extracted text & tables in-memory
│   ├── Saved cleaned PDF to tests/runs/2026-07-31_17-39-11/2017 - Diffusion in 
│   │   Polymer Solutions Molecular Weight Distribution by PFG-NMR and Relation 
│   │   to SEC/extract/clean_2017 - Diffusion in Polymer Solutions Molecular 
│   │   Weight Distribution by PFG-NMR and Relation to SEC.pdf
│   ├── Saved unclean markdown to tests/runs/2026-07-31_17-39-11/2017 - 
│   │   Diffusion in Polymer Solutions Molecular Weight Distribution by PFG-NMR 
│   │   and Relation to SEC/extract/output.md
│   ├── Saved cleaned markdown to tests/runs/2026-07-31_17-39-11/2017 - 
│   │   Diffusion in Polymer Solutions Molecular Weight Distribution by PFG-NMR 
│   │   and Relation to SEC/extract/output_clean.md
│   ├── Saved 1 tables (txt & csv) to tests/runs/2026-07-31_17-39-11/2017 - 
│   │   Diffusion in Polymer Solutions Molecular Weight Distribution by PFG-NMR 
│   │   and Relation to SEC/extract/tables
│   └── Saved execution logs to tests/runs/2026-07-31_17-39-11/2017 - Diffusion 
│       in Polymer Solutions Molecular Weight Distribution by PFG-NMR and 
│       Relation to SEC/extract/log_2017 - Diffusion in Polymer Solutions 
│       Molecular Weight Distribution by PFG-NMR and Relation to SEC.pdf.log
├── ✓ Categorised extracted tables using gemma4:31b (completed in 17.30s) (Total
│   tokens: 1541 in, 56 out)
│   └── table1.txt: Not flagged (no experimental data, no polymers) (tokens: 
│       1541 in, 56 out)
├── ⚠ No tables categorized as containing required parameters. Skipping 
│   interpretation.
└── Total time taken: 57.36s📄 2017 - Diffusion ordered spectroscopy (DOSY) as applied to polymers.pdf
├── ✓ Extracted text & tables (completed in 16.20s)
│   ├── Hardware Acceleration: GPU Active (CUDA (NVIDIA A100-SXM4-80GB))
│   ├── Extracted text & tables in-memory
│   ├── Saved cleaned PDF to tests/runs/2026-07-31_17-39-11/2017 - Diffusion 
│   │   ordered spectroscopy (DOSY) as applied to polymers/extract/clean_2017 - 
│   │   Diffusion ordered spectroscopy (DOSY) as applied to polymers.pdf
│   ├── Saved unclean markdown to tests/runs/2026-07-31_17-39-11/2017 - 
│   │   Diffusion ordered spectroscopy (DOSY) as applied to 
│   │   polymers/extract/output.md
│   ├── Saved cleaned markdown to tests/runs/2026-07-31_17-39-11/2017 - 
│   │   Diffusion ordered spectroscopy (DOSY) as applied to 
│   │   polymers/extract/output_clean.md
│   ├── Saved 0 tables (txt & csv) to tests/runs/2026-07-31_17-39-11/2017 - 
│   │   Diffusion ordered spectroscopy (DOSY) as applied to 
│   │   polymers/extract/tables
│   └── Saved execution logs to tests/runs/2026-07-31_17-39-11/2017 - Diffusion 
│       ordered spectroscopy (DOSY) as applied to polymers/extract/log_2017 - 
│       Diffusion ordered spectroscopy (DOSY) as applied to polymers.pdf.log
├── ✓ Categorised extracted tables using gemma4:31b (completed in 0.00s)
│   └── No tables found to categorise
├── ⚠ No extracted tables found to interpret.
└── Total time taken: 16.28s
Extractor logs for 2017 - Enzymatic and acidic degradation of high molecular 
weight dextran.pdf before crash:
Running: parse_pdf
Raw PDF conversion timings:
{
  "pipeline_total": {
    "scope": "document",
    "count": 1,
    "times": [
      6.988156052073464
    ],
    "start_timestamps": [
      "2026-07-31 19:20:31.222327+00:00"
    ]
  },
  "page_parse": {
    "scope": "page",
    "count": 7,
    "times": [
      0.15360415587201715,
      0.16617742413654923,
      0.22889585210941732,
      0.13343164487741888,
      0.1670654360204935,
      0.17016400792635977,
      0.2450359829235822
    ],
    "start_timestamps": [
      "2026-07-31 19:20:31.227706+00:00",
      "2026-07-31 19:20:31.381353+00:00",
      "2026-07-31 19:20:31.547572+00:00",
      "2026-07-31 19:20:31.776513+00:00",
      "2026-07-31 19:20:31.909989+00:00",
      "2026-07-31 19:20:32.077109+00:00",
      "2026-07-31 19:20:32.247313+00:00"
    ]
  },
  "ocr": {
    "scope": "page",
    "count": 7,
    "times": [
      0.1859424680005759,
      0.8015229150187224,
      0.3673667320981622,
      1.9012982649728656,
      0.4351789280772209,
      0.6400326350703835,
      0.525401488179341
    ],
    "start_timestamps": [
      "2026-07-31 19:20:31.381801+00:00",
      "2026-07-31 19:20:31.567787+00:00",
      "2026-07-31 19:20:32.369340+00:00",
      "2026-07-31 19:20:32.736728+00:00",
      "2026-07-31 19:20:34.638042+00:00",
      "2026-07-31 19:20:35.073239+00:00",
      "2026-07-31 19:20:35.713329+00:00"
    ]
  },
  "layout": {
    "scope": "page",
    "count": 4,
    "times": [
      0.5179036150220782,
      0.13481367588974535,
      0.07463148306123912,
      0.029292559018358588
    ],
    "start_timestamps": [
      "2026-07-31 19:20:31.567889+00:00",
      "2026-07-31 19:20:32.369407+00:00",
      "2026-07-31 19:20:35.713403+00:00",
      "2026-07-31 19:20:36.238825+00:00"
    ]
  },
  "table_structure": {
    "scope": "page",
    "count": 7,
    "times": [
      1.5568919479846954e-05,
      0.861086986027658,
      2.842303365468979e-05,
      0.49670252692885697,
      0.36113643390126526,
      2.567889168858528e-05,
      2.3324042558670044e-05
    ],
    "start_timestamps": [
      "2026-07-31 19:20:32.364469+00:00",
      "2026-07-31 19:20:32.704370+00:00",
      "2026-07-31 19:20:36.233840+00:00",
      "2026-07-31 19:20:36.233873+00:00",
      "2026-07-31 19:20:36.730597+00:00",
      "2026-07-31 19:20:37.091749+00:00",
      "2026-07-31 19:20:37.091932+00:00"
    ]
  },
  "page_assemble": {
    "scope": "page",
    "count": 7,
    "times": [
      0.0012844479642808437,
      0.0007436000742018223,
      0.0011612861417233944,
      0.000376278068870306,
      0.0006414968520402908,
      0.003503635060042143,
      0.11323241307400167
    ],
    "start_timestamps": [
      "2026-07-31 19:20:32.364545+00:00",
      "2026-07-31 19:20:33.565970+00:00",
      "2026-07-31 19:20:37.092105+00:00",
      "2026-07-31 19:20:37.093310+00:00",
      "2026-07-31 19:20:37.093709+00:00",
      "2026-07-31 19:20:37.094374+00:00",
      "2026-07-31 19:20:37.097900+00:00"
    ]
  },
  "doc_assemble": {
    "scope": "document",
    "count": 1,
    "times": [
      0.03648139094002545
    ],
    "start_timestamps": [
      "2026-07-31 19:20:37.211356+00:00"
    ]
  },
  "reading_order": {
    "scope": "document",
    "count": 1,
    "times": [
      0.03596049011684954
    ],
    "start_timestamps": [
      "2026-07-31 19:20:37.211482+00:00"
    ]
  },
  "doc_enrich": {
    "scope": "document",
    "count": 1,
    "times": [
      0.9626060088630766
    ],
    "start_timestamps": [
      "2026-07-31 19:20:37.247862+00:00"
    ]
  }
}
All hyperlinked elements redacted in-memory.
Clean PDF conversion timings:
{
  "pipeline_total": {
    "scope": "document",
    "count": 1,
    "times": [
      7.694795032031834
    ],
    "start_timestamps": [
      "2026-07-31 19:20:41.196415+00:00"
    ]
  },
  "page_parse": {
    "scope": "page",
    "count": 7,
    "times": [
      0.14463777909986675,
      0.47891669790260494,
      0.2286516020540148,
      0.13585157017223537,
      0.16866565705277026,
      0.16557330591604114,
      0.11210966994985938
    ],
    "start_timestamps": [
      "2026-07-31 19:20:41.201540+00:00",
      "2026-07-31 19:20:41.346243+00:00",
      "2026-07-31 19:20:41.825206+00:00",
      "2026-07-31 19:20:42.053907+00:00",
      "2026-07-31 19:20:42.189806+00:00",
      "2026-07-31 19:20:42.358516+00:00",
      "2026-07-31 19:20:42.524142+00:00"
    ]
  },
  "ocr": {
    "scope": "page",
    "count": 7,
    "times": [
      0.499507546890527,
      0.2414500629529357,
      0.6158898689318448,
      2.335735335946083,
      0.4010044001042843,
      0.7109037078917027,
      0.12358971894718707
    ],
    "start_timestamps": [
      "2026-07-31 19:20:41.346348+00:00",
      "2026-07-31 19:20:41.845903+00:00",
      "2026-07-31 19:20:42.087394+00:00",
      "2026-07-31 19:20:42.703329+00:00",
      "2026-07-31 19:20:45.039090+00:00",
      "2026-07-31 19:20:45.440110+00:00",
      "2026-07-31 19:20:46.151029+00:00"
    ]
  },
  "layout": {
    "scope": "page",
    "count": 4,
    "times": [
      0.5238793329335749,
      0.04025711794383824,
      0.030162976821884513,
      0.07238946203142405
    ],
    "start_timestamps": [
      "2026-07-31 19:20:41.846016+00:00",
      "2026-07-31 19:20:42.667587+00:00",
      "2026-07-31 19:20:42.897020+00:00",
      "2026-07-31 19:20:46.274799+00:00"
    ]
  },
  "table_structure": {
    "scope": "page",
    "count": 7,
    "times": [
      4.012603312730789e-05,
      1.193642431171611,
      2.4966895580291748e-05,
      0.5135334290098399,
      0.35860889684408903,
      2.450612373650074e-05,
      0.3845535139553249
    ],
    "start_timestamps": [
      "2026-07-31 19:20:42.667713+00:00",
      "2026-07-31 19:20:42.897112+00:00",
      "2026-07-31 19:20:44.090979+00:00",
      "2026-07-31 19:20:46.649169+00:00",
      "2026-07-31 19:20:47.162716+00:00",
      "2026-07-31 19:20:47.521342+00:00",
      "2026-07-31 19:20:47.521370+00:00"
    ]
  },
  "page_assemble": {
    "scope": "page",
    "count": 7,
    "times": [
      0.0011316798627376556,
      0.000840421998873353,
      0.0008800970390439034,
      0.00043294508941471577,
      0.0005695531144738197,
      0.0002628450747579336,
      2.3624859750270844e-05
    ],
    "start_timestamps": [
      "2026-07-31 19:20:42.668227+00:00",
      "2026-07-31 19:20:44.091072+00:00",
      "2026-07-31 19:20:44.091964+00:00",
      "2026-07-31 19:20:47.906126+00:00",
      "2026-07-31 19:20:47.906616+00:00",
      "2026-07-31 19:20:47.907217+00:00",
      "2026-07-31 19:20:47.907500+00:00"
    ]
  },
  "doc_assemble": {
    "scope": "document",
    "count": 1,
    "times": [
      0.02967810514383018
    ],
    "start_timestamps": [
      "2026-07-31 19:20:47.907749+00:00"
    ]
  },
  "reading_order": {
    "scope": "document",
    "count": 1,
    "times": [
      0.028967005899176
    ],
    "start_timestamps": [
      "2026-07-31 19:20:47.908091+00:00"
    ]
  },
  "doc_enrich": {
    "scope": "document",
    "count": 1,
    "times": [
      0.9537448389455676
    ],
    "start_timestamps": [
      "2026-07-31 19:20:47.937450+00:00"
    ]
  }
}
Function parse_pdf took 18.1074 seconds to execute.
Running: get_tables
Function get_tables took 0.0001 seconds to execute.
Running: get_surrounding_paragraphs
Function get_surrounding_paragraphs took 0.0001 seconds to execute.

📄 2017 - Enzymatic and acidic degradation of high molecular weight dextran.pdf
├── ✗ Extraction failed: Extraction failed: list index out of range
│   └── Hardware Acceleration: GPU Active (CUDA (NVIDIA A100-SXM4-80GB))
├── ✓ Categorised extracted tables using gemma4:31b (completed in 0.00s)
│   └── No tables found to categorise
├── ⚠ No extracted tables found to interpret.
└── Total time taken: 18.26s📄 2017 - Fractionation and DOSY nmr as analytical tools from model polymers to 
a technical lignin.pdf
├── ✓ Extracted text & tables (completed in 18.84s)
│   ├── Hardware Acceleration: GPU Active (CUDA (NVIDIA A100-SXM4-80GB))
│   ├── Extracted text & tables in-memory
│   ├── Saved cleaned PDF to tests/runs/2026-07-31_17-39-11/2017 - Fractionation
│   │   and DOSY nmr as analytical tools from model polymers to a technical 
│   │   lignin/extract/clean_2017 - Fractionation and DOSY nmr as analytical 
│   │   tools from model polymers to a technical lignin.pdf
│   ├── Saved unclean markdown to tests/runs/2026-07-31_17-39-11/2017 - 
│   │   Fractionation and DOSY nmr as analytical tools from model polymers to a 
│   │   technical lignin/extract/output.md
│   ├── Saved cleaned markdown to tests/runs/2026-07-31_17-39-11/2017 - 
│   │   Fractionation and DOSY nmr as analytical tools from model polymers to a 
│   │   technical lignin/extract/output_clean.md
│   ├── Saved 2 tables (txt & csv) to tests/runs/2026-07-31_17-39-11/2017 - 
│   │   Fractionation and DOSY nmr as analytical tools from model polymers to a 
│   │   technical lignin/extract/tables
│   └── Saved execution logs to tests/runs/2026-07-31_17-39-11/2017 - 
│       Fractionation and DOSY nmr as analytical tools from model polymers to a 
│       technical lignin/extract/log_2017 - Fractionation and DOSY nmr as 
│       analytical tools from model polymers to a technical lignin.pdf.log
├── ✓ Categorised extracted tables using gemma4:31b (completed in 37.44s) (Total
│   tokens: 3082 in, 112 out)
│   ├── table1.txt: Not flagged (no polymers) (tokens: 1484 in, 55 out)
│   └── table2.txt: mark_houwink (tokens: 1598 in, 57 out)
├── ✓ Interpreted coeff tables using gemma4:31b (completed in 0.00s)
└── Total time taken: 56.42s📄 2017 - Molecular weight prediction in polystyrene blends. Unprecedented use 
of a genetic algorithm in pulse field gradient spin echo (PGSE) NMR.pdf
├── ✓ Extracted text & tables (completed in 19.87s)
│   ├── Hardware Acceleration: GPU Active (CUDA (NVIDIA A100-SXM4-80GB))
│   ├── Extracted text & tables in-memory
│   ├── Saved cleaned PDF to tests/runs/2026-07-31_17-39-11/2017 - Molecular 
│   │   weight prediction in polystyrene blends. Unprecedented use of a genetic 
│   │   algorithm in pulse field gradient spin echo (PGSE) 
│   │   NMR/extract/clean_2017 - Molecular weight prediction in polystyrene 
│   │   blends. Unprecedented use of a genetic algorithm in pulse field gradient
│   │   spin echo (PGSE) NMR.pdf
│   ├── Saved unclean markdown to tests/runs/2026-07-31_17-39-11/2017 - 
│   │   Molecular weight prediction in polystyrene blends. Unprecedented use of 
│   │   a genetic algorithm in pulse field gradient spin echo (PGSE) 
│   │   NMR/extract/output.md
│   ├── Saved cleaned markdown to tests/runs/2026-07-31_17-39-11/2017 - 
│   │   Molecular weight prediction in polystyrene blends. Unprecedented use of 
│   │   a genetic algorithm in pulse field gradient spin echo (PGSE) 
│   │   NMR/extract/output_clean.md
│   ├── Saved 4 tables (txt & csv) to tests/runs/2026-07-31_17-39-11/2017 - 
│   │   Molecular weight prediction in polystyrene blends. Unprecedented use of 
│   │   a genetic algorithm in pulse field gradient spin echo (PGSE) 
│   │   NMR/extract/tables
│   └── Saved execution logs to tests/runs/2026-07-31_17-39-11/2017 - Molecular 
│       weight prediction in polystyrene blends. Unprecedented use of a genetic 
│       algorithm in pulse field gradient spin echo (PGSE) NMR/extract/log_2017 
│       - Molecular weight prediction in polystyrene blends. Unprecedented use 
│       of a genetic algorithm in pulse field gradient spin echo (PGSE) 
│       NMR.pdf.log
├── ✓ Categorised extracted tables using gemma4:31b (completed in 78.03s) (Total
│   tokens: 5511 in, 260 out)
│   ├── table1.txt: raw (tokens: 1393 in, 66 out)
│   ├── table2.txt: raw (tokens: 1420 in, 57 out)
│   ├── table3.txt: raw (tokens: 1571 in, 69 out)
│   └── table4.txt: Not flagged (no polymers) (tokens: 1127 in, 68 out)
├── ⚠ No tables categorized as containing required parameters. Skipping 
│   interpretation.
└── Total time taken: 98.08s
Extractor logs for 2017 - Scaling exponent and dispersity of polymers in 
solution by diffusion NMR.pdf before crash:
Running: parse_pdf
Raw PDF conversion timings:
{
  "pipeline_total": {
    "scope": "document",
    "count": 1,
    "times": [
      90.72782357386313
    ],
    "start_timestamps": [
      "2026-07-31 19:23:24.515859+00:00"
    ]
  },
  "page_parse": {
    "scope": "page",
    "count": 5,
    "times": [
      0.07631263812072575,
      0.10108381183817983,
      0.11066190409474075,
      0.13269706792198122,
      0.055782156996428967
    ],
    "start_timestamps": [
      "2026-07-31 19:23:24.519744+00:00",
      "2026-07-31 19:23:24.596103+00:00",
      "2026-07-31 19:23:24.697223+00:00",
      "2026-07-31 19:23:24.807931+00:00",
      "2026-07-31 19:23:24.940672+00:00"
    ]
  },
  "ocr": {
    "scope": "page",
    "count": 5,
    "times": [
      1.2153587420471013,
      0.12621781113557518,
      0.11981130996719003,
      0.1297670619096607,
      0.11951037286780775
    ],
    "start_timestamps": [
      "2026-07-31 19:23:24.596370+00:00",
      "2026-07-31 19:23:25.811801+00:00",
      "2026-07-31 19:23:25.938035+00:00",
      "2026-07-31 19:23:26.057855+00:00",
      "2026-07-31 19:23:26.187633+00:00"
    ]
  },
  "layout": {
    "scope": "page",
    "count": 2,
    "times": [
      0.07441345183178782,
      0.07373380288481712
    ],
    "start_timestamps": [
      "2026-07-31 19:23:25.811879+00:00",
      "2026-07-31 19:23:26.307304+00:00"
    ]
  },
  "table_structure": {
    "scope": "page",
    "count": 5,
    "times": [
      2.1581072360277176e-05,
      2.3012980818748474e-05,
      6.1409082263708115e-06,
      0.32646604301407933,
      2.4897977709770203e-05
    ],
    "start_timestamps": [
      "2026-07-31 19:23:25.922345+00:00",
      "2026-07-31 19:23:26.601978+00:00",
      "2026-07-31 19:23:26.602004+00:00",
      "2026-07-31 19:23:26.602013+00:00",
      "2026-07-31 19:23:26.928498+00:00"
    ]
  },
  "page_assemble": {
    "scope": "page",
    "count": 5,
    "times": [
      0.001259571174159646,
      0.000550486147403717,
      0.00028884410858154297,
      0.011677674949169159,
      0.005608709063380957
    ],
    "start_timestamps": [
      "2026-07-31 19:23:25.922430+00:00",
      "2026-07-31 19:23:26.928795+00:00",
      "2026-07-31 19:23:26.929377+00:00",
      "2026-07-31 19:23:26.929687+00:00",
      "2026-07-31 19:23:26.941398+00:00"
    ]
  },
  "doc_assemble": {
    "scope": "document",
    "count": 1,
    "times": [
      0.02760030096396804
    ],
    "start_timestamps": [
      "2026-07-31 19:23:26.947199+00:00"
    ]
  },
  "reading_order": {
    "scope": "document",
    "count": 1,
    "times": [
      0.02712315204553306
    ],
    "start_timestamps": [
      "2026-07-31 19:23:26.947299+00:00"
    ]
  },
  "doc_enrich": {
    "scope": "document",
    "count": 1,
    "times": [
      88.26883450499736
    ],
    "start_timestamps": [
      "2026-07-31 19:23:26.974824+00:00"
    ]
  }
}
All hyperlinked elements redacted in-memory.
RapidOCR returned empty result!
Clean PDF conversion timings:
{
  "pipeline_total": {
    "scope": "document",
    "count": 1,
    "times": [
      88.35679509514011
    ],
    "start_timestamps": [
      "2026-07-31 19:24:55.744788+00:00"
    ]
  },
  "page_parse": {
    "scope": "page",
    "count": 5,
    "times": [
      0.07524246396496892,
      0.10482764290645719,
      0.10843606689013541,
      0.08978762803599238,
      0.04978957609273493
    ],
    "start_timestamps": [
      "2026-07-31 19:24:55.748746+00:00",
      "2026-07-31 19:24:55.824043+00:00",
      "2026-07-31 19:24:55.928913+00:00",
      "2026-07-31 19:24:56.037391+00:00",
      "2026-07-31 19:24:56.127224+00:00"
    ]
  },
  "ocr": {
    "scope": "page",
    "count": 5,
    "times": [
      1.2584933720063418,
      0.13050919212400913,
      0.12078362284228206,
      0.12110391492024064,
      0.11769837304018438
    ],
    "start_timestamps": [
      "2026-07-31 19:24:55.824108+00:00",
      "2026-07-31 19:24:57.082681+00:00",
      "2026-07-31 19:24:57.213208+00:00",
      "2026-07-31 19:24:57.334001+00:00",
      "2026-07-31 19:24:57.455115+00:00"
    ]
  },
  "layout": {
    "scope": "page",
    "count": 2,
    "times": [
      0.07293692394159734,
      0.07095517311245203
    ],
    "start_timestamps": [
      "2026-07-31 19:24:57.082760+00:00",
      "2026-07-31 19:24:57.572970+00:00"
    ]
  },
  "table_structure": {
    "scope": "page",
    "count": 5,
    "times": [
      1.802411861717701e-05,
      2.473709173500538e-05,
      6.461981683969498e-06,
      0.31165408296510577,
      0.43016178999096155
    ],
    "start_timestamps": [
      "2026-07-31 19:24:57.185606+00:00",
      "2026-07-31 19:24:57.853116+00:00",
      "2026-07-31 19:24:57.853143+00:00",
      "2026-07-31 19:24:57.853153+00:00",
      "2026-07-31 19:24:58.164826+00:00"
    ]
  },
  "page_assemble": {
    "scope": "page",
    "count": 5,
    "times": [
      0.000262213870882988,
      0.0005653139669448137,
      0.00031623593531548977,
      0.0004348980728536844,
      5.262880586087704e-05
    ],
    "start_timestamps": [
      "2026-07-31 19:24:57.185675+00:00",
      "2026-07-31 19:24:58.595205+00:00",
      "2026-07-31 19:24:58.595802+00:00",
      "2026-07-31 19:24:58.596140+00:00",
      "2026-07-31 19:24:58.596597+00:00"
    ]
  },
  "doc_assemble": {
    "scope": "document",
    "count": 1,
    "times": [
      0.03856092691421509
    ],
    "start_timestamps": [
      "2026-07-31 19:24:58.596930+00:00"
    ]
  },
  "reading_order": {
    "scope": "document",
    "count": 1,
    "times": [
      0.03802454611286521
    ],
    "start_timestamps": [
      "2026-07-31 19:24:58.597088+00:00"
    ]
  },
  "doc_enrich": {
    "scope": "document",
    "count": 1,
    "times": [
      85.46603833697736
    ],
    "start_timestamps": [
      "2026-07-31 19:24:58.635515+00:00"
    ]
  }
}
Function parse_pdf took 179.6722 seconds to execute.
Running: get_tables
Function get_tables took 0.0001 seconds to execute.
Running: get_surrounding_paragraphs
Function get_surrounding_paragraphs took 0.0001 seconds to execute.

📄 2017 - Scaling exponent and dispersity of polymers in solution by diffusion 
NMR.pdf
├── ✗ Extraction failed: Extraction failed: list index out of range
│   └── Hardware Acceleration: GPU Active (CUDA (NVIDIA A100-SXM4-80GB))
├── ✓ Categorised extracted tables using gemma4:31b (completed in 0.00s)
│   └── No tables found to categorise
├── ⚠ No extracted tables found to interpret.
└── Total time taken: 179.79s📄 2018 - Algebraic Reconstruction Technique for Diffusion NMR Experiment 
Application to the Molecular Weight Prediction of Polymers.pdf
├── ✓ Extracted text & tables (completed in 197.88s)
│   ├── Hardware Acceleration: GPU Active (CUDA (NVIDIA A100-SXM4-80GB))
│   ├── Extracted text & tables in-memory
│   ├── Saved cleaned PDF to tests/runs/2026-07-31_17-39-11/2018 - Algebraic 
│   │   Reconstruction Technique for Diffusion NMR Experiment Application to the
│   │   Molecular Weight Prediction of Polymers/extract/clean_2018 - Algebraic 
│   │   Reconstruction Technique for Diffusion NMR Experiment Application to the
│   │   Molecular Weight Prediction of Polymers.pdf
│   ├── Saved unclean markdown to tests/runs/2026-07-31_17-39-11/2018 - 
│   │   Algebraic Reconstruction Technique for Diffusion NMR Experiment 
│   │   Application to the Molecular Weight Prediction of 
│   │   Polymers/extract/output.md
│   ├── Saved cleaned markdown to tests/runs/2026-07-31_17-39-11/2018 - 
│   │   Algebraic Reconstruction Technique for Diffusion NMR Experiment 
│   │   Application to the Molecular Weight Prediction of 
│   │   Polymers/extract/output_clean.md
│   ├── Saved 3 tables (txt & csv) to tests/runs/2026-07-31_17-39-11/2018 - 
│   │   Algebraic Reconstruction Technique for Diffusion NMR Experiment 
│   │   Application to the Molecular Weight Prediction of 
│   │   Polymers/extract/tables
│   └── Saved execution logs to tests/runs/2026-07-31_17-39-11/2018 - Algebraic 
│       Reconstruction Technique for Diffusion NMR Experiment Application to the
│       Molecular Weight Prediction of Polymers/extract/log_2018 - Algebraic 
│       Reconstruction Technique for Diffusion NMR Experiment Application to the
│       Molecular Weight Prediction of Polymers.pdf.log
├── ✓ Categorised extracted tables using gemma4:31b (completed in 62.66s) (Total
│   tokens: 3676 in, 170 out)
│   ├── table1.txt: Not flagged (no experimental data, no polymers) (tokens: 
│   │   1148 in, 56 out)
│   ├── table2.txt: raw (tokens: 1212 in, 57 out)
│   └── table3.txt: raw (tokens: 1316 in, 57 out)
├── ⚠ No tables categorized as containing required parameters. Skipping 
│   interpretation.
└── Total time taken: 260.71s📄 2018 - Determination of the Molecular Weight of Conjugated Polymers with 
Diffusion-Ordered NMR Spectroscopy.pdf
├── ✓ Extracted text & tables (completed in 112.02s)
│   ├── Hardware Acceleration: GPU Active (CUDA (NVIDIA A100-SXM4-80GB))
│   ├── Extracted text & tables in-memory
│   ├── Saved cleaned PDF to tests/runs/2026-07-31_17-39-11/2018 - Determination
│   │   of the Molecular Weight of Conjugated Polymers with Diffusion-Ordered 
│   │   NMR Spectroscopy/extract/clean_2018 - Determination of the Molecular 
│   │   Weight of Conjugated Polymers with Diffusion-Ordered NMR 
│   │   Spectroscopy.pdf
│   ├── Saved unclean markdown to tests/runs/2026-07-31_17-39-11/2018 - 
│   │   Determination of the Molecular Weight of Conjugated Polymers with 
│   │   Diffusion-Ordered NMR Spectroscopy/extract/output.md
│   ├── Saved cleaned markdown to tests/runs/2026-07-31_17-39-11/2018 - 
│   │   Determination of the Molecular Weight of Conjugated Polymers with 
│   │   Diffusion-Ordered NMR Spectroscopy/extract/output_clean.md
│   ├── Saved 0 tables (txt & csv) to tests/runs/2026-07-31_17-39-11/2018 - 
│   │   Determination of the Molecular Weight of Conjugated Polymers with 
│   │   Diffusion-Ordered NMR Spectroscopy/extract/tables
│   └── Saved execution logs to tests/runs/2026-07-31_17-39-11/2018 - 
│       Determination of the Molecular Weight of Conjugated Polymers with 
│       Diffusion-Ordered NMR Spectroscopy/extract/log_2018 - Determination of 
│       the Molecular Weight of Conjugated Polymers with Diffusion-Ordered NMR 
│       Spectroscopy.pdf.log
├── ✓ Categorised extracted tables using gemma4:31b (completed in 0.00s)
│   └── No tables found to categorise
├── ⚠ No extracted tables found to interpret.
└── Total time taken: 112.10s📄 2018 - Finite-Size Effects of Binary Mutual Diffusion Coefficients from 
Molecular Dynamics.pdf
├── ✓ Extracted text & tables (completed in 390.97s)
│   ├── Hardware Acceleration: GPU Active (CUDA (NVIDIA A100-SXM4-80GB))
│   ├── Extracted text & tables in-memory
│   ├── Saved cleaned PDF to tests/runs/2026-07-31_17-39-11/2018 - Finite-Size 
│   │   Effects of Binary Mutual Diffusion Coefficients from Molecular 
│   │   Dynamics/extract/clean_2018 - Finite-Size Effects of Binary Mutual 
│   │   Diffusion Coefficients from Molecular Dynamics.pdf
│   ├── Saved unclean markdown to tests/runs/2026-07-31_17-39-11/2018 - 
│   │   Finite-Size Effects of Binary Mutual Diffusion Coefficients from 
│   │   Molecular Dynamics/extract/output.md
│   ├── Saved cleaned markdown to tests/runs/2026-07-31_17-39-11/2018 - 
│   │   Finite-Size Effects of Binary Mutual Diffusion Coefficients from 
│   │   Molecular Dynamics/extract/output_clean.md
│   ├── Saved 2 tables (txt & csv) to tests/runs/2026-07-31_17-39-11/2018 - 
│   │   Finite-Size Effects of Binary Mutual Diffusion Coefficients from 
│   │   Molecular Dynamics/extract/tables
│   └── Saved execution logs to tests/runs/2026-07-31_17-39-11/2018 - 
│       Finite-Size Effects of Binary Mutual Diffusion Coefficients from 
│       Molecular Dynamics/extract/log_2018 - Finite-Size Effects of Binary 
│       Mutual Diffusion Coefficients from Molecular Dynamics.pdf.log
├── ✓ Categorised extracted tables using gemma4:31b (completed in 42.63s) (Total
│   tokens: 2821 in, 123 out)
│   ├── table1.txt: Not flagged (no experimental data, no polymers) (tokens: 
│   │   1220 in, 57 out)
│   └── table2.txt: Not flagged (no experimental data, no polymers) (tokens: 
│       1601 in, 66 out)
├── ⚠ No tables categorized as containing required parameters. Skipping 
│   interpretation.
└── Total time taken: 434.30s📄 2018 - Liquid-State NMR Analysis of Nanocelluloses.pdf
├── ✓ Extracted text & tables (completed in 116.88s)
│   ├── Hardware Acceleration: GPU Active (CUDA (NVIDIA A100-SXM4-80GB))
│   ├── Extracted text & tables in-memory
│   ├── Saved cleaned PDF to tests/runs/2026-07-31_17-39-11/2018 - Liquid-State 
│   │   NMR Analysis of Nanocelluloses/extract/clean_2018 - Liquid-State NMR 
│   │   Analysis of Nanocelluloses.pdf
│   ├── Saved unclean markdown to tests/runs/2026-07-31_17-39-11/2018 - 
│   │   Liquid-State NMR Analysis of Nanocelluloses/extract/output.md
│   ├── Saved cleaned markdown to tests/runs/2026-07-31_17-39-11/2018 - 
│   │   Liquid-State NMR Analysis of Nanocelluloses/extract/output_clean.md
│   ├── Saved 0 tables (txt & csv) to tests/runs/2026-07-31_17-39-11/2018 - 
│   │   Liquid-State NMR Analysis of Nanocelluloses/extract/tables
│   └── Saved execution logs to tests/runs/2026-07-31_17-39-11/2018 - 
│       Liquid-State NMR Analysis of Nanocelluloses/extract/log_2018 - 
│       Liquid-State NMR Analysis of Nanocelluloses.pdf.log
├── ✓ Categorised extracted tables using gemma4:31b (completed in 0.00s)
│   └── No tables found to categorise
├── ⚠ No extracted tables found to interpret.
└── Total time taken: 117.04s
Extractor logs for 2018 - Novel method for the determination of average 
molecular weight of natural polymers.pdf before crash:
Running: parse_pdf
Raw PDF conversion timings:
{
  "pipeline_total": {
    "scope": "document",
    "count": 1,
    "times": [
      4.2166415171232074
    ],
    "start_timestamps": [
      "2026-07-31 19:41:49.914696+00:00"
    ]
  },
  "page_parse": {
    "scope": "page",
    "count": 5,
    "times": [
      0.13919917703606188,
      0.22081842203624547,
      0.19004988903179765,
      0.1794064799323678,
      0.2709678830578923
    ],
    "start_timestamps": [
      "2026-07-31 19:41:49.920080+00:00",
      "2026-07-31 19:41:50.059322+00:00",
      "2026-07-31 19:41:50.280179+00:00",
      "2026-07-31 19:41:50.470270+00:00",
      "2026-07-31 19:41:50.649720+00:00"
    ]
  },
  "ocr": {
    "scope": "page",
    "count": 5,
    "times": [
      0.23828262416645885,
      0.36500424705445766,
      1.3413981208577752,
      0.8633708117995411,
      0.29291339311748743
    ],
    "start_timestamps": [
      "2026-07-31 19:41:50.059701+00:00",
      "2026-07-31 19:41:50.298029+00:00",
      "2026-07-31 19:41:50.663077+00:00",
      "2026-07-31 19:41:52.004492+00:00",
      "2026-07-31 19:41:52.867929+00:00"
    ]
  },
  "layout": {
    "scope": "page",
    "count": 4,
    "times": [
      0.6232719679828733,
      0.04183901520445943,
      0.061857896856963634,
      0.029332298086956143
    ],
    "start_timestamps": [
      "2026-07-31 19:41:50.298115+00:00",
      "2026-07-31 19:41:51.158904+00:00",
      "2026-07-31 19:41:52.867997+00:00",
      "2026-07-31 19:41:53.160990+00:00"
    ]
  },
  "table_structure": {
    "scope": "page",
    "count": 5,
    "times": [
      3.9214035496115685e-05,
      5.1717041060328484e-05,
      2.9274960979819298e-05,
      0.8136870660819113,
      2.722092904150486e-05
    ],
    "start_timestamps": [
      "2026-07-31 19:41:51.159181+00:00",
      "2026-07-31 19:41:51.381786+00:00",
      "2026-07-31 19:41:53.129321+00:00",
      "2026-07-31 19:41:53.129354+00:00",
      "2026-07-31 19:41:53.943156+00:00"
    ]
  },
  "page_assemble": {
    "scope": "page",
    "count": 5,
    "times": [
      0.0014471549075096846,
      0.001163009088486433,
      0.0007504229433834553,
      0.0006417080294340849,
      0.1562975700944662
    ],
    "start_timestamps": [
      "2026-07-31 19:41:51.159753+00:00",
      "2026-07-31 19:41:51.381887+00:00",
      "2026-07-31 19:41:53.943250+00:00",
      "2026-07-31 19:41:53.944032+00:00",
      "2026-07-31 19:41:53.944702+00:00"
    ]
  },
  "doc_assemble": {
    "scope": "document",
    "count": 1,
    "times": [
      0.028617452131584287
    ],
    "start_timestamps": [
      "2026-07-31 19:41:54.101175+00:00"
    ]
  },
  "reading_order": {
    "scope": "document",
    "count": 1,
    "times": [
      0.02807492995634675
    ],
    "start_timestamps": [
      "2026-07-31 19:41:54.101339+00:00"
    ]
  },
  "doc_enrich": {
    "scope": "document",
    "count": 1,
    "times": [
      0.0015155728906393051
    ],
    "start_timestamps": [
      "2026-07-31 19:41:54.129817+00:00"
    ]
  }
}
All hyperlinked elements redacted in-memory.
Clean PDF conversion timings:
{
  "pipeline_total": {
    "scope": "document",
    "count": 1,
    "times": [
      4.758499167161062
    ],
    "start_timestamps": [
      "2026-07-31 19:42:00.827903+00:00"
    ]
  },
  "page_parse": {
    "scope": "page",
    "count": 5,
    "times": [
      0.1310491820331663,
      0.219919147901237,
      0.4993196490686387,
      0.1746576689183712,
      0.11250762199051678
    ],
    "start_timestamps": [
      "2026-07-31 19:42:00.834805+00:00",
      "2026-07-31 19:42:00.965899+00:00",
      "2026-07-31 19:42:01.185863+00:00",
      "2026-07-31 19:42:01.685225+00:00",
      "2026-07-31 19:42:01.859924+00:00"
    ]
  },
  "ocr": {
    "scope": "page",
    "count": 5,
    "times": [
      0.23713510297238827,
      0.7711753938347101,
      1.0818469738587737,
      0.8907840261235833,
      0.13696044217795134
    ],
    "start_timestamps": [
      "2026-07-31 19:42:00.966234+00:00",
      "2026-07-31 19:42:01.203408+00:00",
      "2026-07-31 19:42:01.974635+00:00",
      "2026-07-31 19:42:03.056498+00:00",
      "2026-07-31 19:42:03.947297+00:00"
    ]
  },
  "layout": {
    "scope": "page",
    "count": 3,
    "times": [
      0.7796233708504587,
      0.029558954993262887,
      0.06675383495166898
    ],
    "start_timestamps": [
      "2026-07-31 19:42:01.203523+00:00",
      "2026-07-31 19:42:02.165205+00:00",
      "2026-07-31 19:42:04.084429+00:00"
    ]
  },
  "table_structure": {
    "scope": "page",
    "count": 5,
    "times": [
      6.832904182374477e-05,
      2.5968998670578003e-05,
      2.818298526108265e-05,
      0.5980766210705042,
      0.5690645861905068
    ],
    "start_timestamps": [
      "2026-07-31 19:42:02.165300+00:00",
      "2026-07-31 19:42:02.345001+00:00",
      "2026-07-31 19:42:04.393605+00:00",
      "2026-07-31 19:42:04.393637+00:00",
      "2026-07-31 19:42:04.991733+00:00"
    ]
  },
  "page_assemble": {
    "scope": "page",
    "count": 5,
    "times": [
      0.0006876750849187374,
      0.000661815982311964,
      0.0010200999677181244,
      0.0006354260258376598,
      0.00023057404905557632
    ],
    "start_timestamps": [
      "2026-07-31 19:42:02.165442+00:00",
      "2026-07-31 19:42:02.345073+00:00",
      "2026-07-31 19:42:05.560969+00:00",
      "2026-07-31 19:42:05.562048+00:00",
      "2026-07-31 19:42:05.562711+00:00"
    ]
  },
  "doc_assemble": {
    "scope": "document",
    "count": 1,
    "times": [
      0.02189347194507718
    ],
    "start_timestamps": [
      "2026-07-31 19:42:05.563202+00:00"
    ]
  },
  "reading_order": {
    "scope": "document",
    "count": 1,
    "times": [
      0.02138682804070413
    ],
    "start_timestamps": [
      "2026-07-31 19:42:05.563304+00:00"
    ]
  },
  "doc_enrich": {
    "scope": "document",
    "count": 1,
    "times": [
      0.0012670960277318954
    ],
    "start_timestamps": [
      "2026-07-31 19:42:05.585123+00:00"
    ]
  }
}
Function parse_pdf took 15.7900 seconds to execute.
Running: get_tables
Function get_tables took 0.0001 seconds to execute.
Running: get_surrounding_paragraphs
Function get_surrounding_paragraphs took 0.0001 seconds to execute.

📄 2018 - Novel method for the determination of average molecular weight of 
natural polymers.pdf
├── ✗ Extraction failed: Extraction failed: list index out of range
│   └── Hardware Acceleration: GPU Active (CUDA (NVIDIA A100-SXM4-80GB))
├── ✓ Categorised extracted tables using gemma4:31b (completed in 0.00s)
│   └── No tables found to categorise
├── ⚠ No extracted tables found to interpret.
└── Total time taken: 15.91s📄 2018 - PFG-NMR Studies of Linear and Dendritic Polymers.pdf
├── ✓ Extracted text & tables (completed in 11.55s)
│   ├── Hardware Acceleration: GPU Active (CUDA (NVIDIA A100-SXM4-80GB))
│   ├── Extracted text & tables in-memory
│   ├── Saved cleaned PDF to tests/runs/2026-07-31_17-39-11/2018 - PFG-NMR 
│   │   Studies of Linear and Dendritic Polymers/extract/clean_2018 - PFG-NMR 
│   │   Studies of Linear and Dendritic Polymers.pdf
│   ├── Saved unclean markdown to tests/runs/2026-07-31_17-39-11/2018 - PFG-NMR 
│   │   Studies of Linear and Dendritic Polymers/extract/output.md
│   ├── Saved cleaned markdown to tests/runs/2026-07-31_17-39-11/2018 - PFG-NMR 
│   │   Studies of Linear and Dendritic Polymers/extract/output_clean.md
│   ├── Saved 4 tables (txt & csv) to tests/runs/2026-07-31_17-39-11/2018 - 
│   │   PFG-NMR Studies of Linear and Dendritic Polymers/extract/tables
│   └── Saved execution logs to tests/runs/2026-07-31_17-39-11/2018 - PFG-NMR 
│       Studies of Linear and Dendritic Polymers/extract/log_2018 - PFG-NMR 
│       Studies of Linear and Dendritic Polymers.pdf.log
├── ✓ Categorised extracted tables using gemma4:31b (completed in 63.01s) (Total
│   tokens: 4166 in, 228 out)
│   ├── table1.txt: raw (tokens: 1024 in, 57 out)
│   ├── table2.txt: raw (tokens: 1084 in, 57 out)
│   ├── table3.txt: raw (tokens: 1011 in, 57 out)
│   └── table4.txt: raw (tokens: 1047 in, 57 out)
├── ⚠ No tables categorized as containing required parameters. Skipping 
│   interpretation.
└── Total time taken: 75.08s📄 2019 - 1H PFG‐NMR Diffusion Study on a Sequence‐Defined Macromolecule 
Confirming Monodispersity.pdf
├── ✓ Extracted text & tables (completed in 24.20s)
│   ├── Hardware Acceleration: GPU Active (CUDA (NVIDIA A100-SXM4-80GB))
│   ├── Extracted text & tables in-memory
│   ├── Saved cleaned PDF to tests/runs/2026-07-31_17-39-11/2019 - 1H PFG‐NMR 
│   │   Diffusion Study on a Sequence‐Defined Macromolecule Confirming 
│   │   Monodispersity/extract/clean_2019 - 1H PFG‐NMR Diffusion Study on a 
│   │   Sequence‐Defined Macromolecule Confirming Monodispersity.pdf
│   ├── Saved unclean markdown to tests/runs/2026-07-31_17-39-11/2019 - 1H 
│   │   PFG‐NMR Diffusion Study on a Sequence‐Defined Macromolecule Confirming 
│   │   Monodispersity/extract/output.md
│   ├── Saved cleaned markdown to tests/runs/2026-07-31_17-39-11/2019 - 1H 
│   │   PFG‐NMR Diffusion Study on a Sequence‐Defined Macromolecule Confirming 
│   │   Monodispersity/extract/output_clean.md
│   ├── Saved 2 tables (txt & csv) to tests/runs/2026-07-31_17-39-11/2019 - 1H 
│   │   PFG‐NMR Diffusion Study on a Sequence‐Defined Macromolecule Confirming 
│   │   Monodispersity/extract/tables
│   └── Saved execution logs to tests/runs/2026-07-31_17-39-11/2019 - 1H PFG‐NMR
│       Diffusion Study on a Sequence‐Defined Macromolecule Confirming 
│       Monodispersity/extract/log_2019 - 1H PFG‐NMR Diffusion Study on a 
│       Sequence‐Defined Macromolecule Confirming Monodispersity.pdf.log
├── ✓ Categorised extracted tables using gemma4:31b (completed in 51.48s) (Total
│   tokens: 2758 in, 123 out)
│   ├── table1.txt: Not flagged (no polymers) (tokens: 1479 in, 57 out)
│   └── table2.txt: raw (tokens: 1279 in, 66 out)
├── ⚠ No tables categorized as containing required parameters. Skipping 
│   interpretation.
└── Total time taken: 76.19s📄 2019 - Comprehensive Structural Assessment of Linear Block Polymers by NMR 
and SEC.pdf
├── ✓ Extracted text & tables (completed in 19.16s)
│   ├── Hardware Acceleration: GPU Active (CUDA (NVIDIA A100-SXM4-80GB))
│   ├── Extracted text & tables in-memory
│   ├── Saved cleaned PDF to tests/runs/2026-07-31_17-39-11/2019 - Comprehensive
│   │   Structural Assessment of Linear Block Polymers by NMR and 
│   │   SEC/extract/clean_2019 - Comprehensive Structural Assessment of Linear 
│   │   Block Polymers by NMR and SEC.pdf
│   ├── Saved unclean markdown to tests/runs/2026-07-31_17-39-11/2019 - 
│   │   Comprehensive Structural Assessment of Linear Block Polymers by NMR and 
│   │   SEC/extract/output.md
│   ├── Saved cleaned markdown to tests/runs/2026-07-31_17-39-11/2019 - 
│   │   Comprehensive Structural Assessment of Linear Block Polymers by NMR and 
│   │   SEC/extract/output_clean.md
│   ├── Saved 1 tables (txt & csv) to tests/runs/2026-07-31_17-39-11/2019 - 
│   │   Comprehensive Structural Assessment of Linear Block Polymers by NMR and 
│   │   SEC/extract/tables
│   └── Saved execution logs to tests/runs/2026-07-31_17-39-11/2019 - 
│       Comprehensive Structural Assessment of Linear Block Polymers by NMR and 
│       SEC/extract/log_2019 - Comprehensive Structural Assessment of Linear 
│       Block Polymers by NMR and SEC.pdf.log
├── ✓ Categorised extracted tables using gemma4:31b (completed in 17.97s) (Total
│   tokens: 1327 in, 67 out)
│   └── table1.txt: Not flagged (no polymers) (tokens: 1327 in, 67 out)
├── ⚠ No tables categorized as containing required parameters. Skipping 
│   interpretation.
└── Total time taken: 37.83s📄 2019 - Deconstructing Oligomer Distributions Discrete Species and Artificial 
Distributions.pdf
├── ✓ Extracted text & tables (completed in 17.45s)
│   ├── Hardware Acceleration: GPU Active (CUDA (NVIDIA A100-SXM4-80GB))
│   ├── Extracted text & tables in-memory
│   ├── Saved cleaned PDF to tests/runs/2026-07-31_17-39-11/2019 - 
│   │   Deconstructing Oligomer Distributions Discrete Species and Artificial 
│   │   Distributions/extract/clean_2019 - Deconstructing Oligomer Distributions
│   │   Discrete Species and Artificial Distributions.pdf
│   ├── Saved unclean markdown to tests/runs/2026-07-31_17-39-11/2019 - 
│   │   Deconstructing Oligomer Distributions Discrete Species and Artificial 
│   │   Distributions/extract/output.md
│   ├── Saved cleaned markdown to tests/runs/2026-07-31_17-39-11/2019 - 
│   │   Deconstructing Oligomer Distributions Discrete Species and Artificial 
│   │   Distributions/extract/output_clean.md
│   ├── Saved 0 tables (txt & csv) to tests/runs/2026-07-31_17-39-11/2019 - 
│   │   Deconstructing Oligomer Distributions Discrete Species and Artificial 
│   │   Distributions/extract/tables
│   └── Saved execution logs to tests/runs/2026-07-31_17-39-11/2019 - 
│       Deconstructing Oligomer Distributions Discrete Species and Artificial 
│       Distributions/extract/log_2019 - Deconstructing Oligomer Distributions 
│       Discrete Species and Artificial Distributions.pdf.log
├── ✓ Categorised extracted tables using gemma4:31b (completed in 0.00s)
│   └── No tables found to categorise
├── ⚠ No extracted tables found to interpret.
└── Total time taken: 17.76s📄 2019 - Quantitative Studies of Block Copolymers and Their Containing 
Homopolymer Components by Diffusion Ordered Spectroscopy.pdf
├── ✓ Extracted text & tables (completed in 117.35s)
│   ├── Hardware Acceleration: GPU Active (CUDA (NVIDIA A100-SXM4-80GB))
│   ├── Extracted text & tables in-memory
│   ├── Saved cleaned PDF to tests/runs/2026-07-31_17-39-11/2019 - Quantitative 
│   │   Studies of Block Copolymers and Their Containing Homopolymer Components 
│   │   by Diffusion Ordered Spectroscopy/extract/clean_2019 - Quantitative 
│   │   Studies of Block Copolymers and Their Containing Homopolymer Components 
│   │   by Diffusion Ordered Spectroscopy.pdf
│   ├── Saved unclean markdown to tests/runs/2026-07-31_17-39-11/2019 - 
│   │   Quantitative Studies of Block Copolymers and Their Containing 
│   │   Homopolymer Components by Diffusion Ordered 
│   │   Spectroscopy/extract/output.md
│   ├── Saved cleaned markdown to tests/runs/2026-07-31_17-39-11/2019 - 
│   │   Quantitative Studies of Block Copolymers and Their Containing 
│   │   Homopolymer Components by Diffusion Ordered 
│   │   Spectroscopy/extract/output_clean.md
│   ├── Saved 6 tables (txt & csv) to tests/runs/2026-07-31_17-39-11/2019 - 
│   │   Quantitative Studies of Block Copolymers and Their Containing 
│   │   Homopolymer Components by Diffusion Ordered Spectroscopy/extract/tables
│   └── Saved execution logs to tests/runs/2026-07-31_17-39-11/2019 - 
│       Quantitative Studies of Block Copolymers and Their Containing 
│       Homopolymer Components by Diffusion Ordered 
│       Spectroscopy/extract/log_2019 - Quantitative Studies of Block Copolymers
│       and Their Containing Homopolymer Components by Diffusion Ordered 
│       Spectroscopy.pdf.log
├── ✓ Categorised extracted tables using gemma4:31b (completed in 110.65s) 
│   (Total tokens: 9983 in, 375 out)
│   ├── table1.txt: flory (tokens: 1248 in, 58 out)
│   ├── table2.txt: raw (tokens: 1446 in, 57 out)
│   ├── table3.txt: raw (tokens: 1044 in, 57 out)
│   ├── table4.txt: raw (tokens: 2414 in, 69 out)
│   ├── table5.txt: raw (tokens: 2586 in, 56 out)
│   └── table6.txt: Not flagged (no polymers) (tokens: 1245 in, 78 out)
├── ✓ Interpreted coeff tables using gemma4:31b (completed in 100.75s) (Total 
│   tokens: 11665 in, 1653 out)
│   └── table1.txt (Flory): Interpreted (tokens: 11665 in, 1653 out)
│       ├── Calculator Call: log10(3.23 * 10**-8) -> -7.490797477668897
│       ├── Calculator Call: log10(1.17 * 10**-6) -> -5.931814138253839
│       ├── Calculator Call: log10(2.85 * 10**-8) -> -7.54515513999149
│       ├── Calculator Call: log10(1.34 * 10**-6) -> -5.872895201635193
│       ├── Calculator Call: log10(4.09 * 10**-8) -> -7.388276691992658
│       └── Calculator Call: log10(7.95 * 10**-6) -> -5.0996328713435295
└── Total time taken: 329.00s📄 2019 - Using Fractionation and Diffusion Ordered Spectroscopy to Study Lignin
Molecular Weight.pdf
├── ✓ Extracted text & tables (completed in 7.92s)
│   ├── Hardware Acceleration: GPU Active (CUDA (NVIDIA A100-SXM4-80GB))
│   ├── Extracted text & tables in-memory
│   ├── Saved cleaned PDF to tests/runs/2026-07-31_17-39-11/2019 - Using 
│   │   Fractionation and Diffusion Ordered Spectroscopy to Study Lignin 
│   │   Molecular Weight/extract/clean_2019 - Using Fractionation and Diffusion 
│   │   Ordered Spectroscopy to Study Lignin Molecular Weight.pdf
│   ├── Saved unclean markdown to tests/runs/2026-07-31_17-39-11/2019 - Using 
│   │   Fractionation and Diffusion Ordered Spectroscopy to Study Lignin 
│   │   Molecular Weight/extract/output.md
│   ├── Saved cleaned markdown to tests/runs/2026-07-31_17-39-11/2019 - Using 
│   │   Fractionation and Diffusion Ordered Spectroscopy to Study Lignin 
│   │   Molecular Weight/extract/output_clean.md
│   ├── Saved 0 tables (txt & csv) to tests/runs/2026-07-31_17-39-11/2019 - 
│   │   Using Fractionation and Diffusion Ordered Spectroscopy to Study Lignin 
│   │   Molecular Weight/extract/tables
│   └── Saved execution logs to tests/runs/2026-07-31_17-39-11/2019 - Using 
│       Fractionation and Diffusion Ordered Spectroscopy to Study Lignin 
│       Molecular Weight/extract/log_2019 - Using Fractionation and Diffusion 
│       Ordered Spectroscopy to Study Lignin Molecular Weight.pdf.log
├── ✓ Categorised extracted tables using gemma4:31b (completed in 0.00s)
│   └── No tables found to categorise
├── ⚠ No extracted tables found to interpret.
└── Total time taken: 8.07s📄 2019 - polydispersity indexs of polymers revealed by DOSY - abstract.pdf
├── ✓ Extracted text & tables (completed in 1.79s)
│   ├── Hardware Acceleration: GPU Active (CUDA (NVIDIA A100-SXM4-80GB))
│   ├── Extracted text & tables in-memory
│   ├── Saved cleaned PDF to tests/runs/2026-07-31_17-39-11/2019 - 
│   │   polydispersity indexs of polymers revealed by DOSY - 
│   │   abstract/extract/clean_2019 - polydispersity indexs of polymers revealed
│   │   by DOSY - abstract.pdf
│   ├── Saved unclean markdown to tests/runs/2026-07-31_17-39-11/2019 - 
│   │   polydispersity indexs of polymers revealed by DOSY - 
│   │   abstract/extract/output.md
│   ├── Saved cleaned markdown to tests/runs/2026-07-31_17-39-11/2019 - 
│   │   polydispersity indexs of polymers revealed by DOSY - 
│   │   abstract/extract/output_clean.md
│   ├── Saved 0 tables (txt & csv) to tests/runs/2026-07-31_17-39-11/2019 - 
│   │   polydispersity indexs of polymers revealed by DOSY - 
│   │   abstract/extract/tables
│   └── Saved execution logs to tests/runs/2026-07-31_17-39-11/2019 - 
│       polydispersity indexs of polymers revealed by DOSY - 
│       abstract/extract/log_2019 - polydispersity indexs of polymers revealed 
│       by DOSY - abstract.pdf.log
├── ✓ Categorised extracted tables using gemma4:31b (completed in 0.00s)
│   └── No tables found to categorise
├── ⚠ No extracted tables found to interpret.
└── Total time taken: 1.85s📄 2020 - A multivariate approach to invesigate the NMR CPMG pulse sequence for 
analysing low MW species in polymers.pdf
├── ✓ Extracted text & tables (completed in 120.32s)
│   ├── Hardware Acceleration: GPU Active (CUDA (NVIDIA A100-SXM4-80GB))
│   ├── Extracted text & tables in-memory
│   ├── Saved cleaned PDF to tests/runs/2026-07-31_17-39-11/2020 - A 
│   │   multivariate approach to invesigate the NMR CPMG pulse sequence for 
│   │   analysing low MW species in polymers/extract/clean_2020 - A multivariate
│   │   approach to invesigate the NMR CPMG pulse sequence for analysing low MW 
│   │   species in polymers.pdf
│   ├── Saved unclean markdown to tests/runs/2026-07-31_17-39-11/2020 - A 
│   │   multivariate approach to invesigate the NMR CPMG pulse sequence for 
│   │   analysing low MW species in polymers/extract/output.md
│   ├── Saved cleaned markdown to tests/runs/2026-07-31_17-39-11/2020 - A 
│   │   multivariate approach to invesigate the NMR CPMG pulse sequence for 
│   │   analysing low MW species in polymers/extract/output_clean.md
│   ├── Saved 6 tables (txt & csv) to tests/runs/2026-07-31_17-39-11/2020 - A 
│   │   multivariate approach to invesigate the NMR CPMG pulse sequence for 
│   │   analysing low MW species in polymers/extract/tables
│   └── Saved execution logs to tests/runs/2026-07-31_17-39-11/2020 - A 
│       multivariate approach to invesigate the NMR CPMG pulse sequence for 
│       analysing low MW species in polymers/extract/log_2020 - A multivariate 
│       approach to invesigate the NMR CPMG pulse sequence for analysing low MW 
│       species in polymers.pdf.log
├── ✓ Categorised extracted tables using gemma4:31b (completed in 109.83s) 
│   (Total tokens: 10512 in, 363 out)
│   ├── table1.txt: Not flagged (no experimental data, no polymers) (tokens: 806
│   │   in, 75 out)
│   ├── table2.txt: Not flagged (no experimental data, no polymers) (tokens: 736
│   │   in, 54 out)
│   ├── table3.txt: Not flagged (no polymers) (tokens: 2589 in, 55 out)
│   ├── table4.txt: Not flagged (no experimental data, no polymers) (tokens: 
│   │   1481 in, 67 out)
│   ├── table5.txt: Not flagged (no polymers) (tokens: 3453 in, 55 out)
│   └── table6.txt: Not flagged (no experimental data, no polymers) (tokens: 
│       1447 in, 57 out)
├── ⚠ No tables categorized as containing required parameters. Skipping 
│   interpretation.
└── Total time taken: 230.53s📄 2020 - Application of 1H DOSY NMR in Measurement of Polystyrene Molecular 
Weights.pdf
├── ✓ Extracted text & tables (completed in 89.57s)
│   ├── Hardware Acceleration: GPU Active (CUDA (NVIDIA A100-SXM4-80GB))
│   ├── Extracted text & tables in-memory
│   ├── Saved cleaned PDF to tests/runs/2026-07-31_17-39-11/2020 - Application 
│   │   of 1H DOSY NMR in Measurement of Polystyrene Molecular 
│   │   Weights/extract/clean_2020 - Application of 1H DOSY NMR in Measurement 
│   │   of Polystyrene Molecular Weights.pdf
│   ├── Saved unclean markdown to tests/runs/2026-07-31_17-39-11/2020 - 
│   │   Application of 1H DOSY NMR in Measurement of Polystyrene Molecular 
│   │   Weights/extract/output.md
│   ├── Saved cleaned markdown to tests/runs/2026-07-31_17-39-11/2020 - 
│   │   Application of 1H DOSY NMR in Measurement of Polystyrene Molecular 
│   │   Weights/extract/output_clean.md
│   ├── Saved 3 tables (txt & csv) to tests/runs/2026-07-31_17-39-11/2020 - 
│   │   Application of 1H DOSY NMR in Measurement of Polystyrene Molecular 
│   │   Weights/extract/tables
│   └── Saved execution logs to tests/runs/2026-07-31_17-39-11/2020 - 
│       Application of 1H DOSY NMR in Measurement of Polystyrene Molecular 
│       Weights/extract/log_2020 - Application of 1H DOSY NMR in Measurement of 
│       Polystyrene Molecular Weights.pdf.log
├── ✓ Categorised extracted tables using gemma4:31b (completed in 48.33s) (Total
│   tokens: 2462 in, 186 out)
│   ├── table1.txt: raw, flory (tokens: 800 in, 66 out)
│   ├── table2.txt: raw, flory (tokens: 835 in, 54 out)
│   └── table3.txt: raw, flory (tokens: 827 in, 66 out)
├── ✓ Interpreted coeff tables using gemma4:31b (completed in 261.63s) (Total 
│   tokens: 25717 in, 4076 out)
│   ├── table1.txt (Flory): Interpreted (tokens: 8531 in, 1165 out)
│   ├── table2.txt (Flory): Interpreted (tokens: 8601 in, 1159 out)
│   └── table3.txt (Flory): Interpreted (tokens: 8585 in, 1752 out)
└── Total time taken: 399.67s📄 2020 - Diffusion of Polymethylene Chain Molecules in Nonpolar Solvents.pdf
├── ✓ Extracted text & tables (completed in 103.09s)
│   ├── Hardware Acceleration: GPU Active (CUDA (NVIDIA A100-SXM4-80GB))
│   ├── Extracted text & tables in-memory
│   ├── Saved cleaned PDF to tests/runs/2026-07-31_17-39-11/2020 - Diffusion of 
│   │   Polymethylene Chain Molecules in Nonpolar Solvents/extract/clean_2020 - 
│   │   Diffusion of Polymethylene Chain Molecules in Nonpolar Solvents.pdf
│   ├── Saved unclean markdown to tests/runs/2026-07-31_17-39-11/2020 - 
│   │   Diffusion of Polymethylene Chain Molecules in Nonpolar 
│   │   Solvents/extract/output.md
│   ├── Saved cleaned markdown to tests/runs/2026-07-31_17-39-11/2020 - 
│   │   Diffusion of Polymethylene Chain Molecules in Nonpolar 
│   │   Solvents/extract/output_clean.md
│   ├── Saved 9 tables (txt & csv) to tests/runs/2026-07-31_17-39-11/2020 - 
│   │   Diffusion of Polymethylene Chain Molecules in Nonpolar 
│   │   Solvents/extract/tables
│   └── Saved execution logs to tests/runs/2026-07-31_17-39-11/2020 - Diffusion 
│       of Polymethylene Chain Molecules in Nonpolar Solvents/extract/log_2020 -
│       Diffusion of Polymethylene Chain Molecules in Nonpolar Solvents.pdf.log
├── ✓ Categorised extracted tables using gemma4:31b (completed in 241.89s) 
│   (Total tokens: 13063 in, 571 out)
│   ├── table1.txt: Not flagged (no polymers) (tokens: 1528 in, 72 out)
│   ├── table2.txt: raw (tokens: 1366 in, 58 out)
│   ├── table3.txt: Not flagged (no polymers) (tokens: 2069 in, 56 out)
│   ├── table4.txt: Not flagged (no polymers) (tokens: 1484 in, 58 out)
│   ├── table5.txt: Not flagged (no polymers) (tokens: 1494 in, 55 out)
│   ├── table6.txt: Not flagged (no polymers) (tokens: 1348 in, 55 out)
│   ├── table7.txt: Not flagged (no polymers) (tokens: 1076 in, 75 out)
│   ├── table8.txt: Not flagged (no polymers) (tokens: 1373 in, 55 out)
│   └── table9.txt: Not flagged (no experimental data, no polymers) (tokens: 
│       1325 in, 87 out)
├── ⚠ No tables categorized as containing required parameters. Skipping 
│   interpretation.
└── Total time taken: 345.27s📄 2020 - Hyperbranched polymers with step-growth chemistries from 
transfer-dominated branching radical telomerisation (TBRT) of divinyl 
onomers.pdf
├── ✓ Extracted text & tables (completed in 29.67s)
│   ├── Hardware Acceleration: GPU Active (CUDA (NVIDIA A100-SXM4-80GB))
│   ├── Extracted text & tables in-memory
│   ├── Saved cleaned PDF to tests/runs/2026-07-31_17-39-11/2020 - Hyperbranched
│   │   polymers with step-growth chemistries from transfer-dominated branching 
│   │   radical telomerisation (TBRT) of divinyl onomers/extract/clean_2020 - 
│   │   Hyperbranched polymers with step-growth chemistries from 
│   │   transfer-dominated branching radical telomerisation (TBRT) of divinyl 
│   │   onomers.pdf
│   ├── Saved unclean markdown to tests/runs/2026-07-31_17-39-11/2020 - 
│   │   Hyperbranched polymers with step-growth chemistries from 
│   │   transfer-dominated branching radical telomerisation (TBRT) of divinyl 
│   │   onomers/extract/output.md
│   ├── Saved cleaned markdown to tests/runs/2026-07-31_17-39-11/2020 - 
│   │   Hyperbranched polymers with step-growth chemistries from 
│   │   transfer-dominated branching radical telomerisation (TBRT) of divinyl 
│   │   onomers/extract/output_clean.md
│   ├── Saved 1 tables (txt & csv) to tests/runs/2026-07-31_17-39-11/2020 - 
│   │   Hyperbranched polymers with step-growth chemistries from 
│   │   transfer-dominated branching radical telomerisation (TBRT) of divinyl 
│   │   onomers/extract/tables
│   └── Saved execution logs to tests/runs/2026-07-31_17-39-11/2020 - 
│       Hyperbranched polymers with step-growth chemistries from 
│       transfer-dominated branching radical telomerisation (TBRT) of divinyl 
│       onomers/extract/log_2020 - Hyperbranched polymers with step-growth 
│       chemistries from transfer-dominated branching radical telomerisation 
│       (TBRT) of divinyl onomers.pdf.log
├── ✓ Categorised extracted tables using gemma4:31b (completed in 16.54s) (Total
│   tokens: 1488 in, 67 out)
│   └── table1.txt: Not flagged (no polymers) (tokens: 1488 in, 67 out)
├── ⚠ No tables categorized as containing required parameters. Skipping 
│   interpretation.
└── Total time taken: 46.40s📄 2020 - Molecular Modeling to Estimate the Diffusion Coefficients of Drugs and
Other Small Molecules.pdf
├── ✓ Extracted text & tables (completed in 14.80s)
│   ├── Hardware Acceleration: GPU Active (CUDA (NVIDIA A100-SXM4-80GB))
│   ├── Extracted text & tables in-memory
│   ├── Saved cleaned PDF to tests/runs/2026-07-31_17-39-11/2020 - Molecular 
│   │   Modeling to Estimate the Diffusion Coefficients of Drugs and Other Small
│   │   Molecules/extract/clean_2020 - Molecular Modeling to Estimate the 
│   │   Diffusion Coefficients of Drugs and Other Small Molecules.pdf
│   ├── Saved unclean markdown to tests/runs/2026-07-31_17-39-11/2020 - 
│   │   Molecular Modeling to Estimate the Diffusion Coefficients of Drugs and 
│   │   Other Small Molecules/extract/output.md
│   ├── Saved cleaned markdown to tests/runs/2026-07-31_17-39-11/2020 - 
│   │   Molecular Modeling to Estimate the Diffusion Coefficients of Drugs and 
│   │   Other Small Molecules/extract/output_clean.md
│   ├── Saved 1 tables (txt & csv) to tests/runs/2026-07-31_17-39-11/2020 - 
│   │   Molecular Modeling to Estimate the Diffusion Coefficients of Drugs and 
│   │   Other Small Molecules/extract/tables
│   └── Saved execution logs to tests/runs/2026-07-31_17-39-11/2020 - Molecular 
│       Modeling to Estimate the Diffusion Coefficients of Drugs and Other Small
│       Molecules/extract/log_2020 - Molecular Modeling to Estimate the 
│       Diffusion Coefficients of Drugs and Other Small Molecules.pdf.log
├── ✓ Categorised extracted tables using gemma4:31b (completed in 23.25s) (Total
│   tokens: 3562 in, 68 out)
│   └── table1.txt: Not flagged (no polymers) (tokens: 3562 in, 68 out)
├── ⚠ No tables categorized as containing required parameters. Skipping 
│   interpretation.
└── Total time taken: 38.16s
Extractor logs for 2021 - A Method to Measure the Diffusion Coefficient in 
Liquids.pdf before crash:
Running: parse_pdf
Raw PDF conversion timings:
{
  "pipeline_total": {
    "scope": "document",
    "count": 1,
    "times": [
      10.322094968985766
    ],
    "start_timestamps": [
      "2026-07-31 20:08:55.217894+00:00"
    ]
  },
  "page_parse": {
    "scope": "page",
    "count": 12,
    "times": [
      0.07202400197274983,
      0.08026108704507351,
      0.09799433895386755,
      0.0763785489834845,
      0.07507078791968524,
      0.09246334712952375,
      0.09841469116508961,
      0.08194977720268071,
      0.09830825100652874,
      0.18680941895581782,
      0.10088385897688568,
      0.14946681400761008
    ],
    "start_timestamps": [
      "2026-07-31 20:08:55.225329+00:00",
      "2026-07-31 20:08:55.297389+00:00",
      "2026-07-31 20:08:55.377684+00:00",
      "2026-07-31 20:08:55.475718+00:00",
      "2026-07-31 20:08:55.552133+00:00",
      "2026-07-31 20:08:55.627241+00:00",
      "2026-07-31 20:08:55.719739+00:00",
      "2026-07-31 20:08:55.818190+00:00",
      "2026-07-31 20:08:55.900184+00:00",
      "2026-07-31 20:08:55.998536+00:00",
      "2026-07-31 20:08:56.185392+00:00",
      "2026-07-31 20:08:56.286315+00:00"
    ]
  },
  "ocr": {
    "scope": "page",
    "count": 12,
    "times": [
      0.08166415896266699,
      0.09880892210640013,
      0.07782236696220934,
      0.08140033204108477,
      0.08619997813366354,
      0.8343898570165038,
      0.09293407294899225,
      0.0791931371204555,
      0.07411982701160014,
      0.0756174260750413,
      0.08440036908723414,
      0.07756579294800758
    ],
    "start_timestamps": [
      "2026-07-31 20:08:55.297454+00:00",
      "2026-07-31 20:08:55.379146+00:00",
      "2026-07-31 20:08:55.477988+00:00",
      "2026-07-31 20:08:55.555841+00:00",
      "2026-07-31 20:08:55.637275+00:00",
      "2026-07-31 20:08:55.723503+00:00",
      "2026-07-31 20:08:56.557972+00:00",
      "2026-07-31 20:08:56.650922+00:00",
      "2026-07-31 20:08:56.730125+00:00",
      "2026-07-31 20:08:56.804256+00:00",
      "2026-07-31 20:08:56.879883+00:00",
      "2026-07-31 20:08:56.964293+00:00"
    ]
  },
  "layout": {
    "scope": "page",
    "count": 5,
    "times": [
      0.2638167010154575,
      0.4683255890849978,
      0.06122217793017626,
      0.03047687211073935,
      0.08275621407665312
    ],
    "start_timestamps": [
      "2026-07-31 20:08:55.379216+00:00",
      "2026-07-31 20:08:55.720035+00:00",
      "2026-07-31 20:08:56.438713+00:00",
      "2026-07-31 20:08:56.558029+00:00",
      "2026-07-31 20:08:57.042021+00:00"
    ]
  },
  "table_structure": {
    "scope": "page",
    "count": 12,
    "times": [
      1.327507197856903e-05,
      2.125999890267849e-05,
      8.88691283762455e-06,
      6.452901288866997e-06,
      2.6670051738619804e-05,
      2.6169000193476677e-05,
      5.05959615111351e-05,
      1.688092015683651e-05,
      1.3083918020129204e-05,
      9.757932275533676e-06,
      1.5108846127986908e-05,
      2.040807157754898e-05
    ],
    "start_timestamps": [
      "2026-07-31 20:08:55.720175+00:00",
      "2026-07-31 20:08:56.438795+00:00",
      "2026-07-31 20:08:56.438823+00:00",
      "2026-07-31 20:08:56.438836+00:00",
      "2026-07-31 20:08:56.530943+00:00",
      "2026-07-31 20:08:56.595738+00:00",
      "2026-07-31 20:08:57.213936+00:00",
      "2026-07-31 20:08:57.213993+00:00",
      "2026-07-31 20:08:57.214014+00:00",
      "2026-07-31 20:08:57.214032+00:00",
      "2026-07-31 20:08:57.214093+00:00",
      "2026-07-31 20:08:57.214113+00:00"
    ]
  },
  "page_assemble": {
    "scope": "page",
    "count": 12,
    "times": [
      0.0003279568627476692,
      0.0002832228783518076,
      0.0002202449832111597,
      0.0001734970137476921,
      0.000204174080863595,
      0.0002240510657429695,
      0.00041840807534754276,
      0.0003271161112934351,
      0.00023823813535273075,
      0.00020140991546213627,
      0.00018352502956986427,
      0.0005633211694657803
    ],
    "start_timestamps": [
      "2026-07-31 20:08:55.720235+00:00",
      "2026-07-31 20:08:56.438888+00:00",
      "2026-07-31 20:08:56.439242+00:00",
      "2026-07-31 20:08:56.439481+00:00",
      "2026-07-31 20:08:56.531017+00:00",
      "2026-07-31 20:08:56.595814+00:00",
      "2026-07-31 20:08:57.214221+00:00",
      "2026-07-31 20:08:57.214677+00:00",
      "2026-07-31 20:08:57.215035+00:00",
      "2026-07-31 20:08:57.215298+00:00",
      "2026-07-31 20:08:57.215517+00:00",
      "2026-07-31 20:08:57.215719+00:00"
    ]
  },
  "doc_assemble": {
    "scope": "document",
    "count": 1,
    "times": [
      0.030519180931150913
    ],
    "start_timestamps": [
      "2026-07-31 20:08:57.216487+00:00"
    ]
  },
  "reading_order": {
    "scope": "document",
    "count": 1,
    "times": [
      0.02996661001816392
    ],
    "start_timestamps": [
      "2026-07-31 20:08:57.216603+00:00"
    ]
  },
  "doc_enrich": {
    "scope": "document",
    "count": 1,
    "times": [
      8.29293406708166
    ],
    "start_timestamps": [
      "2026-07-31 20:08:57.247032+00:00"
    ]
  }
}
All hyperlinked elements redacted in-memory.
Clean PDF conversion timings:
{
  "pipeline_total": {
    "scope": "document",
    "count": 1,
    "times": [
      10.495132713811472
    ],
    "start_timestamps": [
      "2026-07-31 20:09:05.822756+00:00"
    ]
  },
  "page_parse": {
    "scope": "page",
    "count": 12,
    "times": [
      0.0731084430590272,
      0.07856159890070558,
      0.08947221701964736,
      0.07630676403641701,
      0.07427065097726882,
      0.08705102908425033,
      0.10590929910540581,
      0.08474468719214201,
      0.10301803704351187,
      0.10049247206188738,
      0.10636101919226348,
      0.164168287999928
    ],
    "start_timestamps": [
      "2026-07-31 20:09:05.829904+00:00",
      "2026-07-31 20:09:05.903049+00:00",
      "2026-07-31 20:09:05.981643+00:00",
      "2026-07-31 20:09:06.071153+00:00",
      "2026-07-31 20:09:06.147499+00:00",
      "2026-07-31 20:09:06.221803+00:00",
      "2026-07-31 20:09:06.308892+00:00",
      "2026-07-31 20:09:06.414844+00:00",
      "2026-07-31 20:09:06.499633+00:00",
      "2026-07-31 20:09:06.602698+00:00",
      "2026-07-31 20:09:06.703240+00:00",
      "2026-07-31 20:09:06.809640+00:00"
    ]
  },
  "ocr": {
    "scope": "page",
    "count": 12,
    "times": [
      0.08090344700030982,
      0.09030832117423415,
      0.07782046287320554,
      0.08415138092823327,
      0.08603122015483677,
      0.9887811408843845,
      0.12252260302193463,
      0.07771017495542765,
      0.07455592812038958,
      0.07644695811904967,
      0.07593224896118045,
      0.07350061112083495
    ],
    "start_timestamps": [
      "2026-07-31 20:09:05.903140+00:00",
      "2026-07-31 20:09:05.984083+00:00",
      "2026-07-31 20:09:06.074421+00:00",
      "2026-07-31 20:09:06.152273+00:00",
      "2026-07-31 20:09:06.236460+00:00",
      "2026-07-31 20:09:06.322524+00:00",
      "2026-07-31 20:09:07.311395+00:00",
      "2026-07-31 20:09:07.433936+00:00",
      "2026-07-31 20:09:07.511655+00:00",
      "2026-07-31 20:09:07.586221+00:00",
      "2026-07-31 20:09:07.662678+00:00",
      "2026-07-31 20:09:07.738619+00:00"
    ]
  },
  "layout": {
    "scope": "page",
    "count": 5,
    "times": [
      0.3269263820257038,
      0.6380108129233122,
      0.07653968199156225,
      0.0590246410574764,
      0.08686625096015632
    ],
    "start_timestamps": [
      "2026-07-31 20:09:05.984190+00:00",
      "2026-07-31 20:09:06.319268+00:00",
      "2026-07-31 20:09:07.012827+00:00",
      "2026-07-31 20:09:07.311454+00:00",
      "2026-07-31 20:09:07.812312+00:00"
    ]
  },
  "table_structure": {
    "scope": "page",
    "count": 12,
    "times": [
      1.1089252850506455,
      2.3934990167617798e-05,
      1.0309042409062386e-05,
      9.087147191166878e-06,
      6.322050467133522e-06,
      5.519948899745941e-06,
      2.543814480304718e-05,
      9.13720577955246e-06,
      7.0731621235609055e-06,
      5.2889809012413025e-06,
      8.706003427505493e-06,
      7.594004273414612e-06
    ],
    "start_timestamps": [
      "2026-07-31 20:09:06.319353+00:00",
      "2026-07-31 20:09:07.428531+00:00",
      "2026-07-31 20:09:07.428557+00:00",
      "2026-07-31 20:09:07.428571+00:00",
      "2026-07-31 20:09:07.428584+00:00",
      "2026-07-31 20:09:07.428611+00:00",
      "2026-07-31 20:09:08.007023+00:00",
      "2026-07-31 20:09:08.007053+00:00",
      "2026-07-31 20:09:08.007076+00:00",
      "2026-07-31 20:09:08.007088+00:00",
      "2026-07-31 20:09:08.007128+00:00",
      "2026-07-31 20:09:08.007141+00:00"
    ]
  },
  "page_assemble": {
    "scope": "page",
    "count": 12,
    "times": [
      0.0004045420791953802,
      0.0002027619630098343,
      0.00023271911777555943,
      0.0002142130397260189,
      0.00014555384404957294,
      0.00012505613267421722,
      0.00031281798146665096,
      0.00024389917962253094,
      0.0002001570537686348,
      0.00018402584828436375,
      0.00013476284220814705,
      0.00014516408555209637
    ],
    "start_timestamps": [
      "2026-07-31 20:09:07.428682+00:00",
      "2026-07-31 20:09:07.429124+00:00",
      "2026-07-31 20:09:07.429346+00:00",
      "2026-07-31 20:09:07.429597+00:00",
      "2026-07-31 20:09:07.429830+00:00",
      "2026-07-31 20:09:07.429993+00:00",
      "2026-07-31 20:09:08.007208+00:00",
      "2026-07-31 20:09:08.007550+00:00",
      "2026-07-31 20:09:08.007816+00:00",
      "2026-07-31 20:09:08.008038+00:00",
      "2026-07-31 20:09:08.008240+00:00",
      "2026-07-31 20:09:08.008391+00:00"
    ]
  },
  "doc_assemble": {
    "scope": "document",
    "count": 1,
    "times": [
      0.03223111294209957
    ],
    "start_timestamps": [
      "2026-07-31 20:09:08.008714+00:00"
    ]
  },
  "reading_order": {
    "scope": "document",
    "count": 1,
    "times": [
      0.03169018495827913
    ],
    "start_timestamps": [
      "2026-07-31 20:09:08.008866+00:00"
    ]
  },
  "doc_enrich": {
    "scope": "document",
    "count": 1,
    "times": [
      8.27685187314637
    ],
    "start_timestamps": [
      "2026-07-31 20:09:08.040970+00:00"
    ]
  }
}
Function parse_pdf took 21.2735 seconds to execute.
Running: get_tables
Function get_tables took 0.0001 seconds to execute.
Running: get_surrounding_paragraphs
Function get_surrounding_paragraphs took 0.0001 seconds to execute.

📄 2021 - A Method to Measure the Diffusion Coefficient in Liquids.pdf
├── ✗ Extraction failed: Extraction failed: list index out of range
│   └── Hardware Acceleration: GPU Active (CUDA (NVIDIA A100-SXM4-80GB))
├── ✓ Categorised extracted tables using gemma4:31b (completed in 0.00s)
│   └── No tables found to categorise
├── ⚠ No extracted tables found to interpret.
└── Total time taken: 21.40s📄 2021 - Characterization of Polymer Molecular Weight Distribution by NMR 
Diffusometry Experimental Criteria and Findings.pdf
├── ✓ Extracted text & tables (completed in 108.78s)
│   ├── Hardware Acceleration: GPU Active (CUDA (NVIDIA A100-SXM4-80GB))
│   ├── Extracted text & tables in-memory
│   ├── Saved cleaned PDF to tests/runs/2026-07-31_17-39-11/2021 - 
│   │   Characterization of Polymer Molecular Weight Distribution by NMR 
│   │   Diffusometry Experimental Criteria and Findings/extract/clean_2021 - 
│   │   Characterization of Polymer Molecular Weight Distribution by NMR 
│   │   Diffusometry Experimental Criteria and Findings.pdf
│   ├── Saved unclean markdown to tests/runs/2026-07-31_17-39-11/2021 - 
│   │   Characterization of Polymer Molecular Weight Distribution by NMR 
│   │   Diffusometry Experimental Criteria and Findings/extract/output.md
│   ├── Saved cleaned markdown to tests/runs/2026-07-31_17-39-11/2021 - 
│   │   Characterization of Polymer Molecular Weight Distribution by NMR 
│   │   Diffusometry Experimental Criteria and Findings/extract/output_clean.md
│   ├── Saved 3 tables (txt & csv) to tests/runs/2026-07-31_17-39-11/2021 - 
│   │   Characterization of Polymer Molecular Weight Distribution by NMR 
│   │   Diffusometry Experimental Criteria and Findings/extract/tables
│   └── Saved execution logs to tests/runs/2026-07-31_17-39-11/2021 - 
│       Characterization of Polymer Molecular Weight Distribution by NMR 
│       Diffusometry Experimental Criteria and Findings/extract/log_2021 - 
│       Characterization of Polymer Molecular Weight Distribution by NMR 
│       Diffusometry Experimental Criteria and Findings.pdf.log
├── ✓ Categorised extracted tables using gemma4:31b (completed in 106.02s) 
│   (Total tokens: 5936 in, 179 out)
│   ├── table1.txt: Not flagged (no polymers) (tokens: 1752 in, 59 out)
│   ├── table2.txt: Not flagged (no polymers) (tokens: 3210 in, 54 out)
│   └── table3.txt: Not flagged (no polymers) (tokens: 974 in, 66 out)
├── ⚠ No tables categorized as containing required parameters. Skipping 
│   interpretation.
└── Total time taken: 215.25s📄 2021 - Is NMR Combined with Multivariate Regression Applicable for the 
Molecular Weight Determination of Randomly Cross-Linked Polymers such as 
Lignin.pdf
├── ✓ Extracted text & tables (completed in 102.71s)
│   ├── Hardware Acceleration: GPU Active (CUDA (NVIDIA A100-SXM4-80GB))
│   ├── Extracted text & tables in-memory
│   ├── Saved cleaned PDF to tests/runs/2026-07-31_17-39-11/2021 - Is NMR 
│   │   Combined with Multivariate Regression Applicable for the Molecular 
│   │   Weight Determination of Randomly Cross-Linked Polymers such as 
│   │   Lignin/extract/clean_2021 - Is NMR Combined with Multivariate Regression
│   │   Applicable for the Molecular Weight Determination of Randomly 
│   │   Cross-Linked Polymers such as Lignin.pdf
│   ├── Saved unclean markdown to tests/runs/2026-07-31_17-39-11/2021 - Is NMR 
│   │   Combined with Multivariate Regression Applicable for the Molecular 
│   │   Weight Determination of Randomly Cross-Linked Polymers such as 
│   │   Lignin/extract/output.md
│   ├── Saved cleaned markdown to tests/runs/2026-07-31_17-39-11/2021 - Is NMR 
│   │   Combined with Multivariate Regression Applicable for the Molecular 
│   │   Weight Determination of Randomly Cross-Linked Polymers such as 
│   │   Lignin/extract/output_clean.md
│   ├── Saved 7 tables (txt & csv) to tests/runs/2026-07-31_17-39-11/2021 - Is 
│   │   NMR Combined with Multivariate Regression Applicable for the Molecular 
│   │   Weight Determination of Randomly Cross-Linked Polymers such as 
│   │   Lignin/extract/tables
│   └── Saved execution logs to tests/runs/2026-07-31_17-39-11/2021 - Is NMR 
│       Combined with Multivariate Regression Applicable for the Molecular 
│       Weight Determination of Randomly Cross-Linked Polymers such as 
│       Lignin/extract/log_2021 - Is NMR Combined with Multivariate Regression 
│       Applicable for the Molecular Weight Determination of Randomly 
│       Cross-Linked Polymers such as Lignin.pdf.log
├── ✓ Categorised extracted tables using gemma4:31b (completed in 147.15s) 
│   (Total tokens: 8172 in, 453 out)
│   ├── table1.txt: Not flagged (no polymers) (tokens: 915 in, 54 out)
│   ├── table2.txt: Not flagged (no polymers) (tokens: 1207 in, 76 out)
│   ├── table3.txt: Not flagged (no polymers) (tokens: 1077 in, 54 out)
│   ├── table4.txt: Not flagged (no experimental data, no polymers) (tokens: 
│   │   1041 in, 66 out)
│   ├── table5.txt: Not flagged (no polymers) (tokens: 1149 in, 78 out)
│   ├── table6.txt: Not flagged (no experimental data, no polymers) (tokens: 
│   │   1432 in, 68 out)
│   └── table7.txt: Not flagged (no polymers) (tokens: 1351 in, 57 out)
├── ⚠ No tables categorized as containing required parameters. Skipping 
│   interpretation.
└── Total time taken: 250.19s📄 2021 - Solvent‐Independent Molecular Weight Determination of Polymers Based 
on a Truly  Universal Calibration.pdf
├── ✓ Extracted text & tables (completed in 95.59s)
│   ├── Hardware Acceleration: GPU Active (CUDA (NVIDIA A100-SXM4-80GB))
│   ├── Extracted text & tables in-memory
│   ├── Saved cleaned PDF to tests/runs/2026-07-31_17-39-11/2021 - 
│   │   Solvent‐Independent Molecular Weight Determination of Polymers Based on 
│   │   a Truly  Universal Calibration/extract/clean_2021 - Solvent‐Independent 
│   │   Molecular Weight Determination of Polymers Based on a Truly  Universal 
│   │   Calibration.pdf
│   ├── Saved unclean markdown to tests/runs/2026-07-31_17-39-11/2021 - 
│   │   Solvent‐Independent Molecular Weight Determination of Polymers Based on 
│   │   a Truly  Universal Calibration/extract/output.md
│   ├── Saved cleaned markdown to tests/runs/2026-07-31_17-39-11/2021 - 
│   │   Solvent‐Independent Molecular Weight Determination of Polymers Based on 
│   │   a Truly  Universal Calibration/extract/output_clean.md
│   ├── Saved 3 tables (txt & csv) to tests/runs/2026-07-31_17-39-11/2021 - 
│   │   Solvent‐Independent Molecular Weight Determination of Polymers Based on 
│   │   a Truly  Universal Calibration/extract/tables
│   └── Saved execution logs to tests/runs/2026-07-31_17-39-11/2021 - 
│       Solvent‐Independent Molecular Weight Determination of Polymers Based on 
│       a Truly  Universal Calibration/extract/log_2021 - Solvent‐Independent 
│       Molecular Weight Determination of Polymers Based on a Truly  Universal 
│       Calibration.pdf.log
├── ✓ Categorised extracted tables using gemma4:31b (completed in 54.38s) (Total
│   tokens: 2989 in, 167 out)
│   ├── table1.txt: flory (tokens: 1103 in, 57 out)
│   ├── table2.txt: flory (tokens: 918 in, 55 out)
│   └── table3.txt: flory (tokens: 968 in, 55 out)
├── ✓ Interpreted coeff tables using gemma4:31b (completed in 241.66s) (Total 
│   tokens: 27659 in, 5987 out)
│   ├── table1.txt (Flory): Interpreted (tokens: 9433 in, 1686 out)
│   ├── table2.txt (Flory): Interpreted (tokens: 9063 in, 1845 out)
│   └── table3.txt (Flory): Interpreted (tokens: 9163 in, 2456 out)
└── Total time taken: 391.80s📄 2021 - Solvent‐Independent Molecular Weight Determination of Polymers Based 
on a Truly Universal Calibration SI.pdf
├── ✓ Extracted text & tables (completed in 14.20s)
│   ├── Hardware Acceleration: GPU Active (CUDA (NVIDIA A100-SXM4-80GB))
│   ├── Extracted text & tables in-memory
│   ├── Saved cleaned PDF to tests/runs/2026-07-31_17-39-11/2021 - 
│   │   Solvent‐Independent Molecular Weight Determination of Polymers Based on 
│   │   a Truly Universal Calibration SI/extract/clean_2021 - 
│   │   Solvent‐Independent Molecular Weight Determination of Polymers Based on 
│   │   a Truly Universal Calibration SI.pdf
│   ├── Saved unclean markdown to tests/runs/2026-07-31_17-39-11/2021 - 
│   │   Solvent‐Independent Molecular Weight Determination of Polymers Based on 
│   │   a Truly Universal Calibration SI/extract/output.md
│   ├── Saved cleaned markdown to tests/runs/2026-07-31_17-39-11/2021 - 
│   │   Solvent‐Independent Molecular Weight Determination of Polymers Based on 
│   │   a Truly Universal Calibration SI/extract/output_clean.md
│   ├── Saved 8 tables (txt & csv) to tests/runs/2026-07-31_17-39-11/2021 - 
│   │   Solvent‐Independent Molecular Weight Determination of Polymers Based on 
│   │   a Truly Universal Calibration SI/extract/tables
│   └── Saved execution logs to tests/runs/2026-07-31_17-39-11/2021 - 
│       Solvent‐Independent Molecular Weight Determination of Polymers Based on 
│       a Truly Universal Calibration SI/extract/log_2021 - Solvent‐Independent 
│       Molecular Weight Determination of Polymers Based on a Truly Universal 
│       Calibration SI.pdf.log
├── ✓ Categorised extracted tables using gemma4:31b (completed in 128.32s) 
│   (Total tokens: 4739 in, 449 out)
│   ├── table1.txt: raw (tokens: 645 in, 56 out)
│   ├── table2.txt: raw (tokens: 574 in, 66 out)
│   ├── table3.txt: raw (tokens: 665 in, 57 out)
│   ├── table4.txt: flory (tokens: 587 in, 54 out)
│   ├── table5.txt: raw, flory (tokens: 682 in, 54 out)
│   ├── table6.txt: flory (tokens: 457 in, 54 out)
│   ├── table7.txt: flory (tokens: 504 in, 54 out)
│   └── table8.txt: Not flagged (no polymers) (tokens: 625 in, 54 out)
├── ✓ Interpreted coeff tables using gemma4:31b (completed in 181.37s) (Total 
│   tokens: 18283 in, 3085 out)
│   ├── table4.txt (Flory): Interpreted (tokens: 4217 in, 1253 out)
│   ├── table5.txt (Flory): Interpreted (tokens: 4407 in, 1068 out)
│   ├── table6.txt (Flory): Interpreted (tokens: 4882 in, 346 out)
│   │   └── Calculator Call: abs(-0.4466) -> 0.4466
│   └── table7.txt (Flory): Interpreted (tokens: 4777 in, 418 out)
│       └── Calculator Call: -1 * -0.4737 -> 0.4737
└── Total time taken: 324.10s📄 2021 - The block copolymer shuffle in size exclusion chromatography the 
intrinsic problem with using elugrams to determine chain extension success.pdf
├── ✓ Extracted text & tables (completed in 22.57s)
│   ├── Hardware Acceleration: GPU Active (CUDA (NVIDIA A100-SXM4-80GB))
│   ├── Extracted text & tables in-memory
│   ├── Saved cleaned PDF to tests/runs/2026-07-31_17-39-11/2021 - The block 
│   │   copolymer shuffle in size exclusion chromatography the intrinsic problem
│   │   with using elugrams to determine chain extension 
│   │   success/extract/clean_2021 - The block copolymer shuffle in size 
│   │   exclusion chromatography the intrinsic problem with using elugrams to 
│   │   determine chain extension success.pdf
│   ├── Saved unclean markdown to tests/runs/2026-07-31_17-39-11/2021 - The 
│   │   block copolymer shuffle in size exclusion chromatography the intrinsic 
│   │   problem with using elugrams to determine chain extension 
│   │   success/extract/output.md
│   ├── Saved cleaned markdown to tests/runs/2026-07-31_17-39-11/2021 - The 
│   │   block copolymer shuffle in size exclusion chromatography the intrinsic 
│   │   problem with using elugrams to determine chain extension 
│   │   success/extract/output_clean.md
│   ├── Saved 1 tables (txt & csv) to tests/runs/2026-07-31_17-39-11/2021 - The 
│   │   block copolymer shuffle in size exclusion chromatography the intrinsic 
│   │   problem with using elugrams to determine chain extension 
│   │   success/extract/tables
│   └── Saved execution logs to tests/runs/2026-07-31_17-39-11/2021 - The block 
│       copolymer shuffle in size exclusion chromatography the intrinsic problem
│       with using elugrams to determine chain extension 
│       success/extract/log_2021 - The block copolymer shuffle in size exclusion
│       chromatography the intrinsic problem with using elugrams to determine 
│       chain extension success.pdf.log
├── ✓ Categorised extracted tables using gemma4:31b (completed in 16.62s) (Total
│   tokens: 1870 in, 57 out)
│   └── table1.txt: Not flagged (no experimental data, no polymers) (tokens: 
│       1870 in, 57 out)
├── ⚠ No tables categorized as containing required parameters. Skipping 
│   interpretation.
└── Total time taken: 39.37s📄 2022 - Molar Mass Distribution and Chemical Composition Distribution of 
PS‑b‑PMMA Block Copolymers Determined by Diffusion Ordered Spectroscopy.pdf
├── ✓ Extracted text & tables (completed in 152.35s)
│   ├── Hardware Acceleration: GPU Active (CUDA (NVIDIA A100-SXM4-80GB))
│   ├── Extracted text & tables in-memory
│   ├── Saved cleaned PDF to tests/runs/2026-07-31_17-39-11/2022 - Molar Mass 
│   │   Distribution and Chemical Composition Distribution of PS‑b‑PMMA Block 
│   │   Copolymers Determined by Diffusion Ordered 
│   │   Spectroscopy/extract/clean_2022 - Molar Mass Distribution and Chemical 
│   │   Composition Distribution of PS‑b‑PMMA Block Copolymers Determined by 
│   │   Diffusion Ordered Spectroscopy.pdf
│   ├── Saved unclean markdown to tests/runs/2026-07-31_17-39-11/2022 - Molar 
│   │   Mass Distribution and Chemical Composition Distribution of PS‑b‑PMMA 
│   │   Block Copolymers Determined by Diffusion Ordered 
│   │   Spectroscopy/extract/output.md
│   ├── Saved cleaned markdown to tests/runs/2026-07-31_17-39-11/2022 - Molar 
│   │   Mass Distribution and Chemical Composition Distribution of PS‑b‑PMMA 
│   │   Block Copolymers Determined by Diffusion Ordered 
│   │   Spectroscopy/extract/output_clean.md
│   ├── Saved 3 tables (txt & csv) to tests/runs/2026-07-31_17-39-11/2022 - 
│   │   Molar Mass Distribution and Chemical Composition Distribution of 
│   │   PS‑b‑PMMA Block Copolymers Determined by Diffusion Ordered 
│   │   Spectroscopy/extract/tables
│   └── Saved execution logs to tests/runs/2026-07-31_17-39-11/2022 - Molar Mass
│       Distribution and Chemical Composition Distribution of PS‑b‑PMMA Block 
│       Copolymers Determined by Diffusion Ordered Spectroscopy/extract/log_2022
│       - Molar Mass Distribution and Chemical Composition Distribution of 
│       PS‑b‑PMMA Block Copolymers Determined by Diffusion Ordered 
│       Spectroscopy.pdf.log
├── ✓ Categorised extracted tables using gemma4:31b (completed in 64.06s) (Total
│   tokens: 4608 in, 174 out)
│   ├── table1.txt: Not flagged (no experimental data, no polymers) (tokens: 
│   │   1007 in, 66 out)
│   ├── table2.txt: flory (tokens: 837 in, 54 out)
│   └── table3.txt: Not flagged (no polymers) (tokens: 2764 in, 54 out)
├── ✓ Interpreted coeff tables using gemma4:31b (completed in 65.65s) (Total 
│   tokens: 15592 in, 677 out)
│   └── table2.txt (Flory): Interpreted (tokens: 15592 in, 677 out)
│       ├── Calculator Call: log10(4.026 * 10**-8) -> -7.3951262294473645
│       └── Calculator Call: log10(5.362 * 10**-8) -> -7.270673190353139
└── Total time taken: 282.44s📄 2022 - Rapid Online Analysis of Photopolymerization Kinetics and Molecular 
Weight Using Diffusion NMR.pdf
├── ✓ Extracted text & tables (completed in 20.16s)
│   ├── Hardware Acceleration: GPU Active (CUDA (NVIDIA A100-SXM4-80GB))
│   ├── Extracted text & tables in-memory
│   ├── Saved cleaned PDF to tests/runs/2026-07-31_17-39-11/2022 - Rapid Online 
│   │   Analysis of Photopolymerization Kinetics and Molecular Weight Using 
│   │   Diffusion NMR/extract/clean_2022 - Rapid Online Analysis of 
│   │   Photopolymerization Kinetics and Molecular Weight Using Diffusion 
│   │   NMR.pdf
│   ├── Saved unclean markdown to tests/runs/2026-07-31_17-39-11/2022 - Rapid 
│   │   Online Analysis of Photopolymerization Kinetics and Molecular Weight 
│   │   Using Diffusion NMR/extract/output.md
│   ├── Saved cleaned markdown to tests/runs/2026-07-31_17-39-11/2022 - Rapid 
│   │   Online Analysis of Photopolymerization Kinetics and Molecular Weight 
│   │   Using Diffusion NMR/extract/output_clean.md
│   ├── Saved 0 tables (txt & csv) to tests/runs/2026-07-31_17-39-11/2022 - 
│   │   Rapid Online Analysis of Photopolymerization Kinetics and Molecular 
│   │   Weight Using Diffusion NMR/extract/tables
│   └── Saved execution logs to tests/runs/2026-07-31_17-39-11/2022 - Rapid 
│       Online Analysis of Photopolymerization Kinetics and Molecular Weight 
│       Using Diffusion NMR/extract/log_2022 - Rapid Online Analysis of 
│       Photopolymerization Kinetics and Molecular Weight Using Diffusion 
│       NMR.pdf.log
├── ✓ Categorised extracted tables using gemma4:31b (completed in 0.00s)
│   └── No tables found to categorise
├── ⚠ No extracted tables found to interpret.
└── Total time taken: 20.39s
Extractor logs for 2023 - 1H DOSY analysis of high molecular weight 
acrylamide-based copolymer electrolytes using an inverse-geometry diffusion 
probe.pdf before crash:
Running: parse_pdf
Raw PDF conversion timings:
{
  "pipeline_total": {
    "scope": "document",
    "count": 1,
    "times": [
      47.97278907196596
    ],
    "start_timestamps": [
      "2026-07-31 20:34:42.412703+00:00"
    ]
  },
  "page_parse": {
    "scope": "page",
    "count": 8,
    "times": [
      0.09484437806531787,
      0.10154196713119745,
      0.09180988487787545,
      0.2245271170977503,
      0.2569541491102427,
      0.22908032918348908,
      0.11843755701556802,
      0.16774190496653318
    ],
    "start_timestamps": [
      "2026-07-31 20:34:42.418209+00:00",
      "2026-07-31 20:34:42.513115+00:00",
      "2026-07-31 20:34:42.614702+00:00",
      "2026-07-31 20:34:42.706559+00:00",
      "2026-07-31 20:34:42.931134+00:00",
      "2026-07-31 20:34:43.188135+00:00",
      "2026-07-31 20:34:43.417258+00:00",
      "2026-07-31 20:34:43.535736+00:00"
    ]
  },
  "ocr": {
    "scope": "page",
    "count": 8,
    "times": [
      0.19504557992331684,
      1.5390253691002727,
      0.12152412883006036,
      1.3668469220865518,
      1.3572783858980983,
      1.3367350078187883,
      0.12158338003791869,
      0.12096363282762468
    ],
    "start_timestamps": [
      "2026-07-31 20:34:42.513207+00:00",
      "2026-07-31 20:34:42.708304+00:00",
      "2026-07-31 20:34:44.247346+00:00",
      "2026-07-31 20:34:44.368934+00:00",
      "2026-07-31 20:34:45.735798+00:00",
      "2026-07-31 20:34:47.093092+00:00",
      "2026-07-31 20:34:48.429843+00:00",
      "2026-07-31 20:34:48.551437+00:00"
    ]
  },
  "layout": {
    "scope": "page",
    "count": 3,
    "times": [
      0.055925463093444705,
      0.06333783897571266,
      0.07637790008448064
    ],
    "start_timestamps": [
      "2026-07-31 20:34:42.708395+00:00",
      "2026-07-31 20:34:44.368986+00:00",
      "2026-07-31 20:34:48.672616+00:00"
    ]
  },
  "table_structure": {
    "scope": "page",
    "count": 8,
    "times": [
      2.332380972802639e-05,
      3.780098631978035e-05,
      0.5888591399416327,
      0.47906680894084275,
      2.4656997993588448e-05,
      1.3555865734815598e-05,
      2.001808024942875e-05,
      1.7573125660419464e-05
    ],
    "start_timestamps": [
      "2026-07-31 20:34:42.806051+00:00",
      "2026-07-31 20:34:44.530239+00:00",
      "2026-07-31 20:34:44.530283+00:00",
      "2026-07-31 20:34:48.965817+00:00",
      "2026-07-31 20:34:49.444902+00:00",
      "2026-07-31 20:34:49.444928+00:00",
      "2026-07-31 20:34:49.444946+00:00",
      "2026-07-31 20:34:49.445139+00:00"
    ]
  },
  "page_assemble": {
    "scope": "page",
    "count": 8,
    "times": [
      0.0013131119776517153,
      0.000437453156337142,
      0.0003289689775556326,
      0.0003417541738599539,
      0.0003211649600416422,
      0.000269667012616992,
      0.006602610927075148,
      0.008100812090560794
    ],
    "start_timestamps": [
      "2026-07-31 20:34:42.806121+00:00",
      "2026-07-31 20:34:45.119341+00:00",
      "2026-07-31 20:34:45.119815+00:00",
      "2026-07-31 20:34:49.445267+00:00",
      "2026-07-31 20:34:49.445658+00:00",
      "2026-07-31 20:34:49.446003+00:00",
      "2026-07-31 20:34:49.446292+00:00",
      "2026-07-31 20:34:49.452929+00:00"
    ]
  },
  "doc_assemble": {
    "scope": "document",
    "count": 1,
    "times": [
      0.03328101010993123
    ],
    "start_timestamps": [
      "2026-07-31 20:34:49.461259+00:00"
    ]
  },
  "reading_order": {
    "scope": "document",
    "count": 1,
    "times": [
      0.032786799129098654
    ],
    "start_timestamps": [
      "2026-07-31 20:34:49.461367+00:00"
    ]
  },
  "doc_enrich": {
    "scope": "document",
    "count": 1,
    "times": [
      40.89090561703779
    ],
    "start_timestamps": [
      "2026-07-31 20:34:49.494568+00:00"
    ]
  }
}

📄 2023 - 1H DOSY analysis of high molecular weight acrylamide-based copolymer 
electrolytes using an inverse-geometry diffusion probe.pdf
├── ✗ Extraction failed: Extraction failed: code=4: only Gray, RGB, and CMYK 
│   colorspaces supported
│   └── Hardware Acceleration: GPU Active (CUDA (NVIDIA A100-SXM4-80GB))
├── ✓ Categorised extracted tables using gemma4:31b (completed in 0.00s)
│   └── No tables found to categorise
├── ⚠ No extracted tables found to interpret.
└── Total time taken: 48.31s📄 2023 - A fast and efficient way of obtaining the average molecular weight of 
block copolymers via DOSY.pdf
├── ✓ Extracted text & tables (completed in 13.95s)
│   ├── Hardware Acceleration: GPU Active (CUDA (NVIDIA A100-SXM4-80GB))
│   ├── Extracted text & tables in-memory
│   ├── Saved cleaned PDF to tests/runs/2026-07-31_17-39-11/2023 - A fast and 
│   │   efficient way of obtaining the average molecular weight of block 
│   │   copolymers via DOSY/extract/clean_2023 - A fast and efficient way of 
│   │   obtaining the average molecular weight of block copolymers via DOSY.pdf
│   ├── Saved unclean markdown to tests/runs/2026-07-31_17-39-11/2023 - A fast 
│   │   and efficient way of obtaining the average molecular weight of block 
│   │   copolymers via DOSY/extract/output.md
│   ├── Saved cleaned markdown to tests/runs/2026-07-31_17-39-11/2023 - A fast 
│   │   and efficient way of obtaining the average molecular weight of block 
│   │   copolymers via DOSY/extract/output_clean.md
│   ├── Saved 8 tables (txt & csv) to tests/runs/2026-07-31_17-39-11/2023 - A 
│   │   fast and efficient way of obtaining the average molecular weight of 
│   │   block copolymers via DOSY/extract/tables
│   └── Saved execution logs to tests/runs/2026-07-31_17-39-11/2023 - A fast and
│       efficient way of obtaining the average molecular weight of block 
│       copolymers via DOSY/extract/log_2023 - A fast and efficient way of 
│       obtaining the average molecular weight of block copolymers via 
│       DOSY.pdf.log
├── ✓ Categorised extracted tables using gemma4:31b (completed in 170.26s) 
│   (Total tokens: 11042 in, 557 out)
│   ├── table1.txt: flory (tokens: 1441 in, 66 out)
│   ├── table2.txt: Not flagged (no polymers) (tokens: 1358 in, 66 out)
│   ├── table3.txt: flory (tokens: 1068 in, 55 out)
│   ├── table4.txt: Not flagged (no polymers) (tokens: 1655 in, 79 out)
│   ├── table5.txt: Not flagged (no polymers) (tokens: 1202 in, 57 out)
│   ├── table6.txt: flory (tokens: 1006 in, 66 out)
│   ├── table7.txt: Not flagged (no polymers) (tokens: 1755 in, 78 out)
│   └── table8.txt: Not flagged (no polymers) (tokens: 1557 in, 90 out)
├── ✓ Interpreted coeff tables using gemma4:31b (completed in 180.11s) (Total 
│   tokens: 15865 in, 4095 out)
│   ├── table1.txt (Flory): Interpreted (tokens: 5827 in, 1682 out)
│   ├── table3.txt (Flory): Interpreted (tokens: 5081 in, 1394 out)
│   └── table6.txt (Flory): Interpreted (tokens: 4957 in, 1019 out)
└── Total time taken: 364.52s📄 2023 - Diffusion NMR of Poly(acrylic acid) Solutions Molar Mass Scaling and 
pH-Induced Conformational Variation.pdf
├── ✓ Extracted text & tables (completed in 200.03s)
│   ├── Hardware Acceleration: GPU Active (CUDA (NVIDIA A100-SXM4-80GB))
│   ├── Extracted text & tables in-memory
│   ├── Saved cleaned PDF to tests/runs/2026-07-31_17-39-11/2023 - Diffusion NMR
│   │   of Poly(acrylic acid) Solutions Molar Mass Scaling and pH-Induced 
│   │   Conformational Variation/extract/clean_2023 - Diffusion NMR of 
│   │   Poly(acrylic acid) Solutions Molar Mass Scaling and pH-Induced 
│   │   Conformational Variation.pdf
│   ├── Saved unclean markdown to tests/runs/2026-07-31_17-39-11/2023 - 
│   │   Diffusion NMR of Poly(acrylic acid) Solutions Molar Mass Scaling and 
│   │   pH-Induced Conformational Variation/extract/output.md
│   ├── Saved cleaned markdown to tests/runs/2026-07-31_17-39-11/2023 - 
│   │   Diffusion NMR of Poly(acrylic acid) Solutions Molar Mass Scaling and 
│   │   pH-Induced Conformational Variation/extract/output_clean.md
│   ├── Saved 0 tables (txt & csv) to tests/runs/2026-07-31_17-39-11/2023 - 
│   │   Diffusion NMR of Poly(acrylic acid) Solutions Molar Mass Scaling and 
│   │   pH-Induced Conformational Variation/extract/tables
│   └── Saved execution logs to tests/runs/2026-07-31_17-39-11/2023 - Diffusion 
│       NMR of Poly(acrylic acid) Solutions Molar Mass Scaling and pH-Induced 
│       Conformational Variation/extract/log_2023 - Diffusion NMR of 
│       Poly(acrylic acid) Solutions Molar Mass Scaling and pH-Induced 
│       Conformational Variation.pdf.log
├── ✓ Categorised extracted tables using gemma4:31b (completed in 0.00s)
│   └── No tables found to categorise
├── ⚠ No extracted tables found to interpret.
└── Total time taken: 200.30s📄 2023 - Diffusion-Ordered Spectroscopy for Rapid and Facile Determination of 
Consumer Plastic Molecular Weight.pdf
├── ✓ Extracted text & tables (completed in 18.14s)
│   ├── Hardware Acceleration: GPU Active (CUDA (NVIDIA A100-SXM4-80GB))
│   ├── Extracted text & tables in-memory
│   ├── Saved cleaned PDF to tests/runs/2026-07-31_17-39-11/2023 - 
│   │   Diffusion-Ordered Spectroscopy for Rapid and Facile Determination of 
│   │   Consumer Plastic Molecular Weight/extract/clean_2023 - Diffusion-Ordered
│   │   Spectroscopy for Rapid and Facile Determination of Consumer Plastic 
│   │   Molecular Weight.pdf
│   ├── Saved unclean markdown to tests/runs/2026-07-31_17-39-11/2023 - 
│   │   Diffusion-Ordered Spectroscopy for Rapid and Facile Determination of 
│   │   Consumer Plastic Molecular Weight/extract/output.md
│   ├── Saved cleaned markdown to tests/runs/2026-07-31_17-39-11/2023 - 
│   │   Diffusion-Ordered Spectroscopy for Rapid and Facile Determination of 
│   │   Consumer Plastic Molecular Weight/extract/output_clean.md
│   ├── Saved 1 tables (txt & csv) to tests/runs/2026-07-31_17-39-11/2023 - 
│   │   Diffusion-Ordered Spectroscopy for Rapid and Facile Determination of 
│   │   Consumer Plastic Molecular Weight/extract/tables
│   └── Saved execution logs to tests/runs/2026-07-31_17-39-11/2023 - 
│       Diffusion-Ordered Spectroscopy for Rapid and Facile Determination of 
│       Consumer Plastic Molecular Weight/extract/log_2023 - Diffusion-Ordered 
│       Spectroscopy for Rapid and Facile Determination of Consumer Plastic 
│       Molecular Weight.pdf.log
├── ✓ Categorised extracted tables using gemma4:31b (completed in 20.09s) (Total
│   tokens: 1199 in, 76 out)
│   └── table1.txt: Not flagged (tokens: 1199 in, 76 out)
├── ⚠ No tables categorized as containing required parameters. Skipping 
│   interpretation.
└── Total time taken: 38.72s📄 2023 - Direct Extraction of Sodium Hydroxide by Calix[4]pyrrole-Based 
Ion-Pair Receptors.pdf
├── ✓ Extracted text & tables (completed in 12.28s)
│   ├── Hardware Acceleration: GPU Active (CUDA (NVIDIA A100-SXM4-80GB))
│   ├── Extracted text & tables in-memory
│   ├── Saved cleaned PDF to tests/runs/2026-07-31_17-39-11/2023 - Direct 
│   │   Extraction of Sodium Hydroxide by Calix[4]pyrrole-Based Ion-Pair 
│   │   Receptors/extract/clean_2023 - Direct Extraction of Sodium Hydroxide by 
│   │   Calix[4]pyrrole-Based Ion-Pair Receptors.pdf
│   ├── Saved unclean markdown to tests/runs/2026-07-31_17-39-11/2023 - Direct 
│   │   Extraction of Sodium Hydroxide by Calix[4]pyrrole-Based Ion-Pair 
│   │   Receptors/extract/output.md
│   ├── Saved cleaned markdown to tests/runs/2026-07-31_17-39-11/2023 - Direct 
│   │   Extraction of Sodium Hydroxide by Calix[4]pyrrole-Based Ion-Pair 
│   │   Receptors/extract/output_clean.md
│   ├── Saved 2 tables (txt & csv) to tests/runs/2026-07-31_17-39-11/2023 - 
│   │   Direct Extraction of Sodium Hydroxide by Calix[4]pyrrole-Based Ion-Pair 
│   │   Receptors/extract/tables
│   └── Saved execution logs to tests/runs/2026-07-31_17-39-11/2023 - Direct 
│       Extraction of Sodium Hydroxide by Calix[4]pyrrole-Based Ion-Pair 
│       Receptors/extract/log_2023 - Direct Extraction of Sodium Hydroxide by 
│       Calix[4]pyrrole-Based Ion-Pair Receptors.pdf.log
├── ✓ Categorised extracted tables using gemma4:31b (completed in 40.48s) (Total
│   tokens: 3504 in, 124 out)
│   ├── table1.txt: Not flagged (no polymers) (tokens: 1952 in, 57 out)
│   └── table2.txt: Not flagged (no experimental data, no polymers) (tokens: 
│       1552 in, 67 out)
├── ⚠ No tables categorized as containing required parameters. Skipping 
│   interpretation.
└── Total time taken: 52.87s📄 2023 - Polymer Molecular Weights via Dosy nmr.pdf
├── ✓ Extracted text & tables (completed in 105.88s)
│   ├── Hardware Acceleration: GPU Active (CUDA (NVIDIA A100-SXM4-80GB))
│   ├── Extracted text & tables in-memory
│   ├── Saved cleaned PDF to tests/runs/2026-07-31_17-39-11/2023 - Polymer 
│   │   Molecular Weights via Dosy nmr/extract/clean_2023 - Polymer Molecular 
│   │   Weights via Dosy nmr.pdf
│   ├── Saved unclean markdown to tests/runs/2026-07-31_17-39-11/2023 - Polymer 
│   │   Molecular Weights via Dosy nmr/extract/output.md
│   ├── Saved cleaned markdown to tests/runs/2026-07-31_17-39-11/2023 - Polymer 
│   │   Molecular Weights via Dosy nmr/extract/output_clean.md
│   ├── Saved 0 tables (txt & csv) to tests/runs/2026-07-31_17-39-11/2023 - 
│   │   Polymer Molecular Weights via Dosy nmr/extract/tables
│   └── Saved execution logs to tests/runs/2026-07-31_17-39-11/2023 - Polymer 
│       Molecular Weights via Dosy nmr/extract/log_2023 - Polymer Molecular 
│       Weights via Dosy nmr.pdf.log
├── ✓ Categorised extracted tables using gemma4:31b (completed in 0.00s)
│   └── No tables found to categorise
├── ⚠ No extracted tables found to interpret.
└── Total time taken: 106.18s📄 2023 - Silicone-specific identification of trace polydimethylsiloxanes in 
wines with 2D-diffusion-ordered nuclear magnetic resonance spectroscopy 
(DOSY-NMR).pdf
├── ✓ Extracted text & tables (completed in 108.37s)
│   ├── Hardware Acceleration: GPU Active (CUDA (NVIDIA A100-SXM4-80GB))
│   ├── Extracted text & tables in-memory
│   ├── Saved cleaned PDF to tests/runs/2026-07-31_17-39-11/2023 - 
│   │   Silicone-specific identification of trace polydimethylsiloxanes in wines
│   │   with 2D-diffusion-ordered nuclear magnetic resonance spectroscopy 
│   │   (DOSY-NMR)/extract/clean_2023 - Silicone-specific identification of 
│   │   trace polydimethylsiloxanes in wines with 2D-diffusion-ordered nuclear 
│   │   magnetic resonance spectroscopy (DOSY-NMR).pdf
│   ├── Saved unclean markdown to tests/runs/2026-07-31_17-39-11/2023 - 
│   │   Silicone-specific identification of trace polydimethylsiloxanes in wines
│   │   with 2D-diffusion-ordered nuclear magnetic resonance spectroscopy 
│   │   (DOSY-NMR)/extract/output.md
│   ├── Saved cleaned markdown to tests/runs/2026-07-31_17-39-11/2023 - 
│   │   Silicone-specific identification of trace polydimethylsiloxanes in wines
│   │   with 2D-diffusion-ordered nuclear magnetic resonance spectroscopy 
│   │   (DOSY-NMR)/extract/output_clean.md
│   ├── Saved 1 tables (txt & csv) to tests/runs/2026-07-31_17-39-11/2023 - 
│   │   Silicone-specific identification of trace polydimethylsiloxanes in wines
│   │   with 2D-diffusion-ordered nuclear magnetic resonance spectroscopy 
│   │   (DOSY-NMR)/extract/tables
│   └── Saved execution logs to tests/runs/2026-07-31_17-39-11/2023 - 
│       Silicone-specific identification of trace polydimethylsiloxanes in wines
│       with 2D-diffusion-ordered nuclear magnetic resonance spectroscopy 
│       (DOSY-NMR)/extract/log_2023 - Silicone-specific identification of trace 
│       polydimethylsiloxanes in wines with 2D-diffusion-ordered nuclear 
│       magnetic resonance spectroscopy (DOSY-NMR).pdf.log
├── ✓ Categorised extracted tables using gemma4:31b (completed in 18.38s) (Total
│   tokens: 2028 in, 56 out)
│   └── table1.txt: raw (tokens: 2028 in, 56 out)
├── ⚠ No tables categorized as containing required parameters. Skipping 
│   interpretation.
└── Total time taken: 126.91s📄 2023 - The Universal Calibration for Structure- and Solvent-Independent Molar
Mass Determinations of Polymers Using Diffusion-Ordered Spectroscopy - SI.pdf
├── ✓ Extracted text & tables (completed in 60.98s)
│   ├── Hardware Acceleration: GPU Active (CUDA (NVIDIA A100-SXM4-80GB))
│   ├── Extracted text & tables in-memory
│   ├── Saved cleaned PDF to tests/runs/2026-07-31_17-39-11/2023 - The Universal
│   │   Calibration for Structure- and Solvent-Independent Molar Mass 
│   │   Determinations of Polymers Using Diffusion-Ordered Spectroscopy - 
│   │   SI/extract/clean_2023 - The Universal Calibration for Structure- and 
│   │   Solvent-Independent Molar Mass Determinations of Polymers Using 
│   │   Diffusion-Ordered Spectroscopy - SI.pdf
│   ├── Saved unclean markdown to tests/runs/2026-07-31_17-39-11/2023 - The 
│   │   Universal Calibration for Structure- and Solvent-Independent Molar Mass 
│   │   Determinations of Polymers Using Diffusion-Ordered Spectroscopy - 
│   │   SI/extract/output.md
│   ├── Saved cleaned markdown to tests/runs/2026-07-31_17-39-11/2023 - The 
│   │   Universal Calibration for Structure- and Solvent-Independent Molar Mass 
│   │   Determinations of Polymers Using Diffusion-Ordered Spectroscopy - 
│   │   SI/extract/output_clean.md
│   ├── Saved 4 tables (txt & csv) to tests/runs/2026-07-31_17-39-11/2023 - The 
│   │   Universal Calibration for Structure- and Solvent-Independent Molar Mass 
│   │   Determinations of Polymers Using Diffusion-Ordered Spectroscopy - 
│   │   SI/extract/tables
│   └── Saved execution logs to tests/runs/2026-07-31_17-39-11/2023 - The 
│       Universal Calibration for Structure- and Solvent-Independent Molar Mass 
│       Determinations of Polymers Using Diffusion-Ordered Spectroscopy - 
│       SI/extract/log_2023 - The Universal Calibration for Structure- and 
│       Solvent-Independent Molar Mass Determinations of Polymers Using 
│       Diffusion-Ordered Spectroscopy - SI.pdf.log
├── ✓ Categorised extracted tables using gemma4:31b (completed in 92.98s) (Total
│   tokens: 7699 in, 238 out)
│   ├── table1.txt: Not flagged (no polymers) (tokens: 2009 in, 57 out)
│   ├── table2.txt: Not flagged (no polymers) (tokens: 3039 in, 55 out)
│   ├── table3.txt: mark_houwink (tokens: 1406 in, 69 out)
│   └── table4.txt: Not flagged (no polymers) (tokens: 1245 in, 57 out)
├── ✓ Interpreted coeff tables using gemma4:31b (completed in 0.00s)
└── Total time taken: 154.13s📄 2023 - The Universal Calibration for Structure- and Solvent-Independent Molar
Mass Determinations of Polymers Using Diffusion-Ordered Spectroscopy.pdf
├── ✓ Extracted text & tables (completed in 115.27s)
│   ├── Hardware Acceleration: GPU Active (CUDA (NVIDIA A100-SXM4-80GB))
│   ├── Extracted text & tables in-memory
│   ├── Saved cleaned PDF to tests/runs/2026-07-31_17-39-11/2023 - The Universal
│   │   Calibration for Structure- and Solvent-Independent Molar Mass 
│   │   Determinations of Polymers Using Diffusion-Ordered 
│   │   Spectroscopy/extract/clean_2023 - The Universal Calibration for 
│   │   Structure- and Solvent-Independent Molar Mass Determinations of Polymers
│   │   Using Diffusion-Ordered Spectroscopy.pdf
│   ├── Saved unclean markdown to tests/runs/2026-07-31_17-39-11/2023 - The 
│   │   Universal Calibration for Structure- and Solvent-Independent Molar Mass 
│   │   Determinations of Polymers Using Diffusion-Ordered 
│   │   Spectroscopy/extract/output.md
│   ├── Saved cleaned markdown to tests/runs/2026-07-31_17-39-11/2023 - The 
│   │   Universal Calibration for Structure- and Solvent-Independent Molar Mass 
│   │   Determinations of Polymers Using Diffusion-Ordered 
│   │   Spectroscopy/extract/output_clean.md
│   ├── Saved 1 tables (txt & csv) to tests/runs/2026-07-31_17-39-11/2023 - The 
│   │   Universal Calibration for Structure- and Solvent-Independent Molar Mass 
│   │   Determinations of Polymers Using Diffusion-Ordered 
│   │   Spectroscopy/extract/tables
│   └── Saved execution logs to tests/runs/2026-07-31_17-39-11/2023 - The 
│       Universal Calibration for Structure- and Solvent-Independent Molar Mass 
│       Determinations of Polymers Using Diffusion-Ordered 
│       Spectroscopy/extract/log_2023 - The Universal Calibration for Structure-
│       and Solvent-Independent Molar Mass Determinations of Polymers Using 
│       Diffusion-Ordered Spectroscopy.pdf.log
├── ✓ Categorised extracted tables using gemma4:31b (completed in 19.61s) (Total
│   tokens: 1901 in, 67 out)
│   └── table1.txt: mark_houwink, flory (tokens: 1901 in, 67 out)
├── ✓ Interpreted coeff tables using gemma4:31b (completed in 197.12s) (Total 
│   tokens: 16440 in, 3823 out)
│   └── table1.txt (Flory): Interpreted (tokens: 16440 in, 3823 out)
│       ├── Calculator Call: log10(2.20882 * 10**-8) -> -7.655839673984551
│       ├── Calculator Call: log10(2.34303 * 10**-8) -> -7.630222150689829
│       ├── Calculator Call: log10(1.91203 * 10**-8) -> -7.718505297869414
│       ├── Calculator Call: log10(2.13758 * 10**-8) -> -7.6700776226075575
│       ├── Calculator Call: log10(2.74368 * 10**-8) -> -7.56166654250548
│       ├── Calculator Call: log10(2.0934 * 10**-8) -> -7.679147780168245
│       ├── Calculator Call: log10(1.43345 * 10**-8) -> -7.843617451027789
│       ├── Calculator Call: log10(0.792177 * 10**-8) -> -8.101177771017927
│       ├── Calculator Call: log10(1.8457 * 10**-8) -> -7.733838887780599
│       ├── Calculator Call: log10(2.56919 * 10**-8) -> -7.590203777049215
│       ├── Calculator Call: log10(2.12079 * 10**-8) -> -7.673502333065918
│       ├── Calculator Call: log10(2.42854 * 10**-8) -> -7.61465473895388
│       ├── Calculator Call: log10(2.63117 * 10**-8) -> -7.579851091223765
│       ├── Calculator Call: log10(2.07035 * 10**-8) -> -7.683956229316216
│       ├── Calculator Call: log10(3.23833 * 10**-8) -> -7.48967889681907
│       └── Calculator Call: log10(0.312052 * 10**-8) -> -8.505773029599105
└── Total time taken: 332.27s📄 2024 - Accurate Estimation of Diffusion Coefficients and their Uncertainties 
from Computer Simulation.pdf
├── ✓ Extracted text & tables (completed in 15.90s)
│   ├── Hardware Acceleration: GPU Active (CUDA (NVIDIA A100-SXM4-80GB))
│   ├── Extracted text & tables in-memory
│   ├── Saved cleaned PDF to tests/runs/2026-07-31_17-39-11/2024 - Accurate 
│   │   Estimation of Diffusion Coefficients and their Uncertainties from 
│   │   Computer Simulation/extract/clean_2024 - Accurate Estimation of 
│   │   Diffusion Coefficients and their Uncertainties from Computer 
│   │   Simulation.pdf
│   ├── Saved unclean markdown to tests/runs/2026-07-31_17-39-11/2024 - Accurate
│   │   Estimation of Diffusion Coefficients and their Uncertainties from 
│   │   Computer Simulation/extract/output.md
│   ├── Saved cleaned markdown to tests/runs/2026-07-31_17-39-11/2024 - Accurate
│   │   Estimation of Diffusion Coefficients and their Uncertainties from 
│   │   Computer Simulation/extract/output_clean.md
│   ├── Saved 0 tables (txt & csv) to tests/runs/2026-07-31_17-39-11/2024 - 
│   │   Accurate Estimation of Diffusion Coefficients and their Uncertainties 
│   │   from Computer Simulation/extract/tables
│   └── Saved execution logs to tests/runs/2026-07-31_17-39-11/2024 - Accurate 
│       Estimation of Diffusion Coefficients and their Uncertainties from 
│       Computer Simulation/extract/log_2024 - Accurate Estimation of Diffusion 
│       Coefficients and their Uncertainties from Computer Simulation.pdf.log
├── ✓ Categorised extracted tables using gemma4:31b (completed in 0.00s)
│   └── No tables found to categorise
├── ⚠ No extracted tables found to interpret.
└── Total time taken: 16.03s📄 2024 - Diffusion Coefficients of Coated Plasmonic Nanoparticles in Viscous 
Environment.pdf
├── ✓ Extracted text & tables (completed in 193.90s)
│   ├── Hardware Acceleration: GPU Active (CUDA (NVIDIA A100-SXM4-80GB))
│   ├── Extracted text & tables in-memory
│   ├── Saved cleaned PDF to tests/runs/2026-07-31_17-39-11/2024 - Diffusion 
│   │   Coefficients of Coated Plasmonic Nanoparticles in Viscous 
│   │   Environment/extract/clean_2024 - Diffusion Coefficients of Coated 
│   │   Plasmonic Nanoparticles in Viscous Environment.pdf
│   ├── Saved unclean markdown to tests/runs/2026-07-31_17-39-11/2024 - 
│   │   Diffusion Coefficients of Coated Plasmonic Nanoparticles in Viscous 
│   │   Environment/extract/output.md
│   ├── Saved cleaned markdown to tests/runs/2026-07-31_17-39-11/2024 - 
│   │   Diffusion Coefficients of Coated Plasmonic Nanoparticles in Viscous 
│   │   Environment/extract/output_clean.md
│   ├── Saved 5 tables (txt & csv) to tests/runs/2026-07-31_17-39-11/2024 - 
│   │   Diffusion Coefficients of Coated Plasmonic Nanoparticles in Viscous 
│   │   Environment/extract/tables
│   └── Saved execution logs to tests/runs/2026-07-31_17-39-11/2024 - Diffusion 
│       Coefficients of Coated Plasmonic Nanoparticles in Viscous 
│       Environment/extract/log_2024 - Diffusion Coefficients of Coated 
│       Plasmonic Nanoparticles in Viscous Environment.pdf.log
├── ✓ Categorised extracted tables using gemma4:31b (completed in 103.11s) 
│   (Total tokens: 5030 in, 319 out)
│   ├── table1.txt: Not flagged (no experimental data, no polymers) (tokens: 546
│   │   in, 54 out)
│   ├── table2.txt: Not flagged (no polymers) (tokens: 888 in, 66 out)
│   ├── table3.txt: Not flagged (no polymers) (tokens: 1338 in, 66 out)
│   ├── table4.txt: Not flagged (no polymers) (tokens: 1138 in, 78 out)
│   └── table5.txt: Not flagged (tokens: 1120 in, 55 out)
├── ⚠ No tables categorized as containing required parameters. Skipping 
│   interpretation.
└── Total time taken: 297.44s📄 2024 - How Do We Set Up or Choose An Optimal Procedure to Determine the 
Molecular Weight of Polymers with A Good Accuracy Using Size Exclusion 
Chromatography.pdf
├── ✓ Extracted text & tables (completed in 273.23s)
│   ├── Hardware Acceleration: GPU Active (CUDA (NVIDIA A100-SXM4-80GB))
│   ├── Extracted text & tables in-memory
│   ├── Saved cleaned PDF to tests/runs/2026-07-31_17-39-11/2024 - How Do We Set
│   │   Up or Choose An Optimal Procedure to Determine the Molecular Weight of 
│   │   Polymers with A Good Accuracy Using Size Exclusion 
│   │   Chromatography/extract/clean_2024 - How Do We Set Up or Choose An 
│   │   Optimal Procedure to Determine the Molecular Weight of Polymers with A 
│   │   Good Accuracy Using Size Exclusion Chromatography.pdf
│   ├── Saved unclean markdown to tests/runs/2026-07-31_17-39-11/2024 - How Do 
│   │   We Set Up or Choose An Optimal Procedure to Determine the Molecular 
│   │   Weight of Polymers with A Good Accuracy Using Size Exclusion 
│   │   Chromatography/extract/output.md
│   ├── Saved cleaned markdown to tests/runs/2026-07-31_17-39-11/2024 - How Do 
│   │   We Set Up or Choose An Optimal Procedure to Determine the Molecular 
│   │   Weight of Polymers with A Good Accuracy Using Size Exclusion 
│   │   Chromatography/extract/output_clean.md
│   ├── Saved 3 tables (txt & csv) to tests/runs/2026-07-31_17-39-11/2024 - How 
│   │   Do We Set Up or Choose An Optimal Procedure to Determine the Molecular 
│   │   Weight of Polymers with A Good Accuracy Using Size Exclusion 
│   │   Chromatography/extract/tables
│   └── Saved execution logs to tests/runs/2026-07-31_17-39-11/2024 - How Do We 
│       Set Up or Choose An Optimal Procedure to Determine the Molecular Weight 
│       of Polymers with A Good Accuracy Using Size Exclusion 
│       Chromatography/extract/log_2024 - How Do We Set Up or Choose An Optimal 
│       Procedure to Determine the Molecular Weight of Polymers with A Good 
│       Accuracy Using Size Exclusion Chromatography.pdf.log
├── ✓ Categorised extracted tables using gemma4:31b (completed in 62.92s) (Total
│   tokens: 3815 in, 169 out)
│   ├── table1.txt: Not flagged (no experimental data, no polymers) (tokens: 
│   │   1460 in, 57 out)
│   ├── table2.txt: Not flagged (no experimental data, no polymers) (tokens: 
│   │   1098 in, 55 out)
│   └── table3.txt: Not flagged (no experimental data, no polymers) (tokens: 
│       1257 in, 57 out)
├── ⚠ No tables categorized as containing required parameters. Skipping 
│   interpretation.
└── Total time taken: 336.30s📄 2024 - Impedimetric Measurement of Exchange Currents and Ionic Diffusion 
Coefficients in Individual Pseudocapacitive Nanoparticles.pdf
├── ✓ Extracted text & tables (completed in 97.36s)
│   ├── Hardware Acceleration: GPU Active (CUDA (NVIDIA A100-SXM4-80GB))
│   ├── Extracted text & tables in-memory
│   ├── Saved cleaned PDF to tests/runs/2026-07-31_17-39-11/2024 - Impedimetric 
│   │   Measurement of Exchange Currents and Ionic Diffusion Coefficients in 
│   │   Individual Pseudocapacitive Nanoparticles/extract/clean_2024 - 
│   │   Impedimetric Measurement of Exchange Currents and Ionic Diffusion 
│   │   Coefficients in Individual Pseudocapacitive Nanoparticles.pdf
│   ├── Saved unclean markdown to tests/runs/2026-07-31_17-39-11/2024 - 
│   │   Impedimetric Measurement of Exchange Currents and Ionic Diffusion 
│   │   Coefficients in Individual Pseudocapacitive 
│   │   Nanoparticles/extract/output.md
│   ├── Saved cleaned markdown to tests/runs/2026-07-31_17-39-11/2024 - 
│   │   Impedimetric Measurement of Exchange Currents and Ionic Diffusion 
│   │   Coefficients in Individual Pseudocapacitive 
│   │   Nanoparticles/extract/output_clean.md
│   ├── Saved 0 tables (txt & csv) to tests/runs/2026-07-31_17-39-11/2024 - 
│   │   Impedimetric Measurement of Exchange Currents and Ionic Diffusion 
│   │   Coefficients in Individual Pseudocapacitive Nanoparticles/extract/tables
│   └── Saved execution logs to tests/runs/2026-07-31_17-39-11/2024 - 
│       Impedimetric Measurement of Exchange Currents and Ionic Diffusion 
│       Coefficients in Individual Pseudocapacitive 
│       Nanoparticles/extract/log_2024 - Impedimetric Measurement of Exchange 
│       Currents and Ionic Diffusion Coefficients in Individual Pseudocapacitive
│       Nanoparticles.pdf.log
├── ✓ Categorised extracted tables using gemma4:31b (completed in 0.00s)
│   └── No tables found to categorise
├── ⚠ No extracted tables found to interpret.
└── Total time taken: 97.60s📄 2024 - MaDDOSY  Mass Determination Diffusion Ordered Spectroscopy  using an 
80 MHz Bench Top NMR for the Rapid Determination of Polymer and 
Macromolecular.pdf
├── ✓ Extracted text & tables (completed in 17.31s)
│   ├── Hardware Acceleration: GPU Active (CUDA (NVIDIA A100-SXM4-80GB))
│   ├── Extracted text & tables in-memory
│   ├── Saved cleaned PDF to tests/runs/2026-07-31_17-39-11/2024 - MaDDOSY  Mass
│   │   Determination Diffusion Ordered Spectroscopy  using an 80 MHz Bench Top 
│   │   NMR for the Rapid Determination of Polymer and 
│   │   Macromolecular/extract/clean_2024 - MaDDOSY  Mass Determination 
│   │   Diffusion Ordered Spectroscopy  using an 80 MHz Bench Top NMR for the 
│   │   Rapid Determination of Polymer and Macromolecular.pdf
│   ├── Saved unclean markdown to tests/runs/2026-07-31_17-39-11/2024 - MaDDOSY 
│   │   Mass Determination Diffusion Ordered Spectroscopy  using an 80 MHz Bench
│   │   Top NMR for the Rapid Determination of Polymer and 
│   │   Macromolecular/extract/output.md
│   ├── Saved cleaned markdown to tests/runs/2026-07-31_17-39-11/2024 - MaDDOSY 
│   │   Mass Determination Diffusion Ordered Spectroscopy  using an 80 MHz Bench
│   │   Top NMR for the Rapid Determination of Polymer and 
│   │   Macromolecular/extract/output_clean.md
│   ├── Saved 0 tables (txt & csv) to tests/runs/2026-07-31_17-39-11/2024 - 
│   │   MaDDOSY  Mass Determination Diffusion Ordered Spectroscopy  using an 80 
│   │   MHz Bench Top NMR for the Rapid Determination of Polymer and 
│   │   Macromolecular/extract/tables
│   └── Saved execution logs to tests/runs/2026-07-31_17-39-11/2024 - MaDDOSY  
│       Mass Determination Diffusion Ordered Spectroscopy  using an 80 MHz Bench
│       Top NMR for the Rapid Determination of Polymer and 
│       Macromolecular/extract/log_2024 - MaDDOSY  Mass Determination Diffusion 
│       Ordered Spectroscopy  using an 80 MHz Bench Top NMR for the Rapid 
│       Determination of Polymer and Macromolecular.pdf.log
├── ✓ Categorised extracted tables using gemma4:31b (completed in 0.00s)
│   └── No tables found to categorise
├── ⚠ No extracted tables found to interpret.
└── Total time taken: 17.39s📄 2024 - MaDDOSY (Mass Determination Diffusion Ordered Spectroscopy) using a 80
MHz Bench Top NMR for the Rapid Determination of Polymer and Macromolecular 
Molecular Weight - SI.pdf
├── ✓ Extracted text & tables (completed in 54.32s)
│   ├── Hardware Acceleration: GPU Active (CUDA (NVIDIA A100-SXM4-80GB))
│   ├── Extracted text & tables in-memory
│   ├── Saved cleaned PDF to tests/runs/2026-07-31_17-39-11/2024 - MaDDOSY (Mass
│   │   Determination Diffusion Ordered Spectroscopy) using a 80 MHz Bench Top 
│   │   NMR for the Rapid Determination of Polymer and Macromolecular Molecular 
│   │   Weight - SI/extract/clean_2024 - MaDDOSY (Mass Determination Diffusion 
│   │   Ordered Spectroscopy) using a 80 MHz Bench Top NMR for the Rapid 
│   │   Determination of Polymer and Macromolecular Molecular Weight - SI.pdf
│   ├── Saved unclean markdown to tests/runs/2026-07-31_17-39-11/2024 - MaDDOSY 
│   │   (Mass Determination Diffusion Ordered Spectroscopy) using a 80 MHz Bench
│   │   Top NMR for the Rapid Determination of Polymer and Macromolecular 
│   │   Molecular Weight - SI/extract/output.md
│   ├── Saved cleaned markdown to tests/runs/2026-07-31_17-39-11/2024 - MaDDOSY 
│   │   (Mass Determination Diffusion Ordered Spectroscopy) using a 80 MHz Bench
│   │   Top NMR for the Rapid Determination of Polymer and Macromolecular 
│   │   Molecular Weight - SI/extract/output_clean.md
│   ├── Saved 7 tables (txt & csv) to tests/runs/2026-07-31_17-39-11/2024 - 
│   │   MaDDOSY (Mass Determination Diffusion Ordered Spectroscopy) using a 80 
│   │   MHz Bench Top NMR for the Rapid Determination of Polymer and 
│   │   Macromolecular Molecular Weight - SI/extract/tables
│   └── Saved execution logs to tests/runs/2026-07-31_17-39-11/2024 - MaDDOSY 
│       (Mass Determination Diffusion Ordered Spectroscopy) using a 80 MHz Bench
│       Top NMR for the Rapid Determination of Polymer and Macromolecular 
│       Molecular Weight - SI/extract/log_2024 - MaDDOSY (Mass Determination 
│       Diffusion Ordered Spectroscopy) using a 80 MHz Bench Top NMR for the 
│       Rapid Determination of Polymer and Macromolecular Molecular Weight - 
│       SI.pdf.log
├── ✓ Categorised extracted tables using gemma4:31b (completed in 136.00s) 
│   (Total tokens: 8032 in, 448 out)
│   ├── table1.txt: Not flagged (no polymers) (tokens: 1073 in, 55 out)
│   ├── table2.txt: Not flagged (no polymers) (tokens: 889 in, 57 out)
│   ├── table3.txt: Not flagged (tokens: 953 in, 75 out)
│   ├── table4.txt: Not flagged (no polymers) (tokens: 827 in, 66 out)
│   ├── table5.txt: Not flagged (no experimental data, no polymers) (tokens: 
│   │   1023 in, 78 out)
│   ├── table6.txt: Not flagged (no polymers) (tokens: 1957 in, 60 out)
│   └── table7.txt: Not flagged (no polymers) (tokens: 1310 in, 57 out)
├── ⚠ No tables categorized as containing required parameters. Skipping 
│   interpretation.
└── Total time taken: 190.55s📄 2024 - Molar Mass Determination for Small and Large Molecules Using 
Diffusion-Ordered Spectroscopy - SI.pdf
├── ✓ Extracted text & tables (completed in 26.87s)
│   ├── Hardware Acceleration: GPU Active (CUDA (NVIDIA A100-SXM4-80GB))
│   ├── Extracted text & tables in-memory
│   ├── Saved cleaned PDF to tests/runs/2026-07-31_17-39-11/2024 - Molar Mass 
│   │   Determination for Small and Large Molecules Using Diffusion-Ordered 
│   │   Spectroscopy - SI/extract/clean_2024 - Molar Mass Determination for 
│   │   Small and Large Molecules Using Diffusion-Ordered Spectroscopy - SI.pdf
│   ├── Saved unclean markdown to tests/runs/2026-07-31_17-39-11/2024 - Molar 
│   │   Mass Determination for Small and Large Molecules Using Diffusion-Ordered
│   │   Spectroscopy - SI/extract/output.md
│   ├── Saved cleaned markdown to tests/runs/2026-07-31_17-39-11/2024 - Molar 
│   │   Mass Determination for Small and Large Molecules Using Diffusion-Ordered
│   │   Spectroscopy - SI/extract/output_clean.md
│   ├── Saved 11 tables (txt & csv) to tests/runs/2026-07-31_17-39-11/2024 - 
│   │   Molar Mass Determination for Small and Large Molecules Using 
│   │   Diffusion-Ordered Spectroscopy - SI/extract/tables
│   └── Saved execution logs to tests/runs/2026-07-31_17-39-11/2024 - Molar Mass
│       Determination for Small and Large Molecules Using Diffusion-Ordered 
│       Spectroscopy - SI/extract/log_2024 - Molar Mass Determination for Small 
│       and Large Molecules Using Diffusion-Ordered Spectroscopy - SI.pdf.log
├── ✓ Categorised extracted tables using gemma4:31b (completed in 249.46s) 
│   (Total tokens: 21413 in, 626 out)
│   ├── table1.txt: Not flagged (no polymers) (tokens: 2161 in, 57 out)
│   ├── table2.txt: Not flagged (no polymers) (tokens: 992 in, 57 out)
│   ├── table3.txt: Not flagged (no polymers) (tokens: 1238 in, 56 out)
│   ├── table4.txt: Not flagged (no polymers) (tokens: 2921 in, 57 out)
│   ├── table5.txt: Not flagged (no polymers) (tokens: 2864 in, 54 out)
│   ├── table6.txt: Not flagged (no polymers) (tokens: 1351 in, 56 out)
│   ├── table7.txt: flory (tokens: 1609 in, 55 out)
│   ├── table8.txt: flory (tokens: 2426 in, 56 out)
│   ├── table9.txt: flory (tokens: 1866 in, 57 out)
│   ├── table10.txt: flory (tokens: 2047 in, 66 out)
│   └── table11.txt: Not flagged (no polymers) (tokens: 1938 in, 55 out)
├── ✓ Interpreted coeff tables using gemma4:31b (completed in 949.59s) (Total 
│   tokens: 41118 in, 15496 out)
│   ├── table7.txt (Flory): Interpreted (tokens: 10898 in, 5044 out)
│   │   ├── Calculator Call: log10(1.8988e-8) -> -7.721520776953677
│   │   ├── Calculator Call: log10(1.562e-8) -> -7.806318970458719
│   │   ├── Calculator Call: log10(1.5319e-8) -> -7.814769583832438
│   │   ├── Calculator Call: log10(2.1503e-8) -> -7.667500945081821
│   │   ├── Calculator Call: log10(1.7992e-8) -> -7.744920557572424
│   │   ├── Calculator Call: log10(1.0117e-8) -> -7.994948250006004
│   │   ├── Calculator Call: log10(1.9022e-8) -> -7.720743822661493
│   │   ├── Calculator Call: log10(3.4413e-8) -> -7.463277465517583
│   │   ├── Calculator Call: log10(3.5605e-8) -> -7.448489009894183
│   │   ├── Calculator Call: log10(2.6851e-8) -> -7.571039535424586
│   │   ├── Calculator Call: log10(3.3222e-8) -> -7.478574226104423
│   │   ├── Calculator Call: log10(3.1356e-8) -> -7.503679344225049
│   │   ├── Calculator Call: log10(1.7684e-8) -> -7.752419493766164
│   │   ├── Calculator Call: log10(3.8083e-8) -> -7.419268847259023
│   │   ├── Calculator Call: log10(8.8757e-8) -> -7.05179738541101
│   │   ├── Calculator Call: log10(7.6004e-8) -> -7.119163550716393
│   │   ├── Calculator Call: log10(3.5927e-8) -> -7.444579046025
│   │   ├── Calculator Call: log10(5.1783e-8) -> -7.285812792724934
│   │   ├── Calculator Call: log10(9.8044e-8) -> -7.008578978708307
│   │   ├── Calculator Call: log10(4.6005e-8) -> -7.337194964961833
│   │   └── Calculator Call: log10(2.8854e-7) -> -6.539793972542549
│   ├── table8.txt (Flory): Interpreted (tokens: 11143 in, 5073 out)
│   │   ├── Calculator Call: log10(3.1796e-8) -> -7.497627511688311
│   │   ├── Calculator Call: log10(2.5445e-8) -> -7.594397544790686
│   │   ├── Calculator Call: log10(2.9966e-8) -> -7.523371224817643
│   │   ├── Calculator Call: log10(3.92e-8) -> -7.406713932979542
│   │   ├── Calculator Call: log10(2.1376e-8) -> -7.670073559204548
│   │   ├── Calculator Call: log10(2.0934e-8) -> -7.679147780168245
│   │   ├── Calculator Call: log10(3.6793e-8) -> -7.434234799547848
│   │   ├── Calculator Call: log10(2.9624e-8) -> -7.528356300958614
│   │   ├── Calculator Call: log10(3.8316e-8) -> -7.416619835412931
│   │   ├── Calculator Call: log10(5.1798e-8) -> -7.285687008705199
│   │   ├── Calculator Call: log10(3.1205e-9) -> -8.505775813083098
│   │   ├── Calculator Call: log10(4.672e-8) -> -7.330497165895657
│   │   ├── Calculator Call: log10(4.0871e-8) -> -7.388584736177106
│   │   ├── Calculator Call: log10(5.0317e-8) -> -7.298285260295005
│   │   ├── Calculator Call: log10(4.1675e-8) -> -7.380124391499957
│   │   ├── Calculator Call: log10(1.8199e-8) -> -7.739952475004678
│   │   ├── Calculator Call: log10(1.2484e-8) -> -7.903646240006705
│   │   ├── Calculator Call: log10(2.6449e-8) -> -7.577590743390301
│   │   └── Calculator Call: log10(1.1295e-8) -> -7.9471137647436185
│   ├── table9.txt (Flory): Interpreted (tokens: 7901 in, 1240 out)
│   │   ├── Calculator Call: log10(3.3196e-8) -> -7.478914244084677
│   │   ├── Calculator Call: log10(5.225e-8) -> -7.281913705216908
│   │   ├── Calculator Call: log10(1.3268e-8) -> -7.877194537152556
│   │   ├── Calculator Call: log10(2.5609e-8) -> -7.591607379866639
│   │   └── Calculator Call: log10(2.1208e-8) -> -7.6735002852749625
│   └── table10.txt (Flory): Interpreted (tokens: 11176 in, 4139 out)
│       ├── Calculator Call: log10(2.0111e-8) -> -7.696566333993796
│       ├── Calculator Call: log10(2.3805e-8) -> -7.623331814189471
│       ├── Calculator Call: log10(2.58e-8) -> -7.58838029403677
│       ├── Calculator Call: log10(3.0718e-8) -> -7.512607063941288
│       ├── Calculator Call: log10(2.9217e-8) -> -7.5343643794466715
│       ├── Calculator Call: log10(3.2651e-8) -> -7.486103513077076
│       ├── Calculator Call: log10(1.3268e-8) -> -7.877194537152556
│       ├── Calculator Call: log10(1.4378e-8) -> -7.842301520724484
│       ├── Calculator Call: log10(1.9152e-8) -> -7.717785866937665
│       ├── Calculator Call: log10(2.3712e-8) -> -7.625031813700766
│       └── Calculator Call: log10(2.7776e-8) -> -7.556330296503602
└── Total time taken: 1226.19s📄 2024 - Molar Mass Determination for Small and Large Molecules Using 
Diffusion-Ordered Spectroscopy.pdf
├── ✓ Extracted text & tables (completed in 282.15s)
│   ├── Hardware Acceleration: GPU Active (CUDA (NVIDIA A100-SXM4-80GB))
│   ├── Extracted text & tables in-memory
│   ├── Saved cleaned PDF to tests/runs/2026-07-31_17-39-11/2024 - Molar Mass 
│   │   Determination for Small and Large Molecules Using Diffusion-Ordered 
│   │   Spectroscopy/extract/clean_2024 - Molar Mass Determination for Small and
│   │   Large Molecules Using Diffusion-Ordered Spectroscopy.pdf
│   ├── Saved unclean markdown to tests/runs/2026-07-31_17-39-11/2024 - Molar 
│   │   Mass Determination for Small and Large Molecules Using Diffusion-Ordered
│   │   Spectroscopy/extract/output.md
│   ├── Saved cleaned markdown to tests/runs/2026-07-31_17-39-11/2024 - Molar 
│   │   Mass Determination for Small and Large Molecules Using Diffusion-Ordered
│   │   Spectroscopy/extract/output_clean.md
│   ├── Saved 3 tables (txt & csv) to tests/runs/2026-07-31_17-39-11/2024 - 
│   │   Molar Mass Determination for Small and Large Molecules Using 
│   │   Diffusion-Ordered Spectroscopy/extract/tables
│   └── Saved execution logs to tests/runs/2026-07-31_17-39-11/2024 - Molar Mass
│       Determination for Small and Large Molecules Using Diffusion-Ordered 
│       Spectroscopy/extract/log_2024 - Molar Mass Determination for Small and 
│       Large Molecules Using Diffusion-Ordered Spectroscopy.pdf.log
├── ✓ Categorised extracted tables using gemma4:31b (completed in 62.02s) (Total
│   tokens: 10338 in, 162 out)
│   ├── table1.txt: mark_houwink (tokens: 3360 in, 54 out)
│   ├── table2.txt: Not flagged (no polymers) (tokens: 3728 in, 54 out)
│   └── table3.txt: mark_houwink (tokens: 3250 in, 54 out)
├── ✓ Interpreted coeff tables using gemma4:31b (completed in 0.00s)
└── Total time taken: 344.42s📄 2024 - Photophysical, thermal and imaging studies on vancomycin functional 
branched poly(N-.pdf
├── ✓ Extracted text & tables (completed in 28.10s)
│   ├── Hardware Acceleration: GPU Active (CUDA (NVIDIA A100-SXM4-80GB))
│   ├── Extracted text & tables in-memory
│   ├── Saved cleaned PDF to tests/runs/2026-07-31_17-39-11/2024 - 
│   │   Photophysical, thermal and imaging studies on vancomycin functional 
│   │   branched poly(N-/extract/clean_2024 - Photophysical, thermal and imaging
│   │   studies on vancomycin functional branched poly(N-.pdf
│   ├── Saved unclean markdown to tests/runs/2026-07-31_17-39-11/2024 - 
│   │   Photophysical, thermal and imaging studies on vancomycin functional 
│   │   branched poly(N-/extract/output.md
│   ├── Saved cleaned markdown to tests/runs/2026-07-31_17-39-11/2024 - 
│   │   Photophysical, thermal and imaging studies on vancomycin functional 
│   │   branched poly(N-/extract/output_clean.md
│   ├── Saved 4 tables (txt & csv) to tests/runs/2026-07-31_17-39-11/2024 - 
│   │   Photophysical, thermal and imaging studies on vancomycin functional 
│   │   branched poly(N-/extract/tables
│   └── Saved execution logs to tests/runs/2026-07-31_17-39-11/2024 - 
│       Photophysical, thermal and imaging studies on vancomycin functional 
│       branched poly(N-/extract/log_2024 - Photophysical, thermal and imaging 
│       studies on vancomycin functional branched poly(N-.pdf.log
├── ✓ Categorised extracted tables using gemma4:31b (completed in 80.10s) (Total
│   tokens: 5902 in, 238 out)
│   ├── table1.txt: Not flagged (no polymers) (tokens: 1480 in, 57 out)
│   ├── table2.txt: raw (tokens: 1521 in, 57 out)
│   ├── table3.txt: Not flagged (no experimental data, no polymers) (tokens: 
│   │   1175 in, 69 out)
│   └── table4.txt: Not flagged (no polymers) (tokens: 1726 in, 55 out)
├── ⚠ No tables categorized as containing required parameters. Skipping 
│   interpretation.
└── Total time taken: 109.13s📄 2024 - Real-Time Determination of Molecular Weight Use of MaDDOSY (Mass 
Determination Diffusion Ordered Spectroscopy) to Monitor the Progress of 
Polymerization Reactions.pdf
├── ✓ Extracted text & tables (completed in 19.70s)
│   ├── Hardware Acceleration: GPU Active (CUDA (NVIDIA A100-SXM4-80GB))
│   ├── Extracted text & tables in-memory
│   ├── Saved cleaned PDF to tests/runs/2026-07-31_17-39-11/2024 - Real-Time 
│   │   Determination of Molecular Weight Use of MaDDOSY (Mass Determination 
│   │   Diffusion Ordered Spectroscopy) to Monitor the Progress of 
│   │   Polymerization Reactions/extract/clean_2024 - Real-Time Determination of
│   │   Molecular Weight Use of MaDDOSY (Mass Determination Diffusion Ordered 
│   │   Spectroscopy) to Monitor the Progress of Polymerization Reactions.pdf
│   ├── Saved unclean markdown to tests/runs/2026-07-31_17-39-11/2024 - 
│   │   Real-Time Determination of Molecular Weight Use of MaDDOSY (Mass 
│   │   Determination Diffusion Ordered Spectroscopy) to Monitor the Progress of
│   │   Polymerization Reactions/extract/output.md
│   ├── Saved cleaned markdown to tests/runs/2026-07-31_17-39-11/2024 - 
│   │   Real-Time Determination of Molecular Weight Use of MaDDOSY (Mass 
│   │   Determination Diffusion Ordered Spectroscopy) to Monitor the Progress of
│   │   Polymerization Reactions/extract/output_clean.md
│   ├── Saved 0 tables (txt & csv) to tests/runs/2026-07-31_17-39-11/2024 - 
│   │   Real-Time Determination of Molecular Weight Use of MaDDOSY (Mass 
│   │   Determination Diffusion Ordered Spectroscopy) to Monitor the Progress of
│   │   Polymerization Reactions/extract/tables
│   └── Saved execution logs to tests/runs/2026-07-31_17-39-11/2024 - Real-Time 
│       Determination of Molecular Weight Use of MaDDOSY (Mass Determination 
│       Diffusion Ordered Spectroscopy) to Monitor the Progress of 
│       Polymerization Reactions/extract/log_2024 - Real-Time Determination of 
│       Molecular Weight Use of MaDDOSY (Mass Determination Diffusion Ordered 
│       Spectroscopy) to Monitor the Progress of Polymerization 
│       Reactions.pdf.log
├── ✓ Categorised extracted tables using gemma4:31b (completed in 0.00s)
│   └── No tables found to categorise
├── ⚠ No extracted tables found to interpret.
└── Total time taken: 21.06s📄 2024 - Surface Plasmon Resonance Allows to Correlate Molecular Properties 
With Diffusion Coefficients of Linear Chain Alcohols.pdf
├── ✓ Extracted text & tables (completed in 24.12s)
│   ├── Hardware Acceleration: GPU Active (CUDA (NVIDIA A100-SXM4-80GB))
│   ├── Extracted text & tables in-memory
│   ├── Saved cleaned PDF to tests/runs/2026-07-31_17-39-11/2024 - Surface 
│   │   Plasmon Resonance Allows to Correlate Molecular Properties With 
│   │   Diffusion Coefficients of Linear Chain Alcohols/extract/clean_2024 - 
│   │   Surface Plasmon Resonance Allows to Correlate Molecular Properties With 
│   │   Diffusion Coefficients of Linear Chain Alcohols.pdf
│   ├── Saved unclean markdown to tests/runs/2026-07-31_17-39-11/2024 - Surface 
│   │   Plasmon Resonance Allows to Correlate Molecular Properties With 
│   │   Diffusion Coefficients of Linear Chain Alcohols/extract/output.md
│   ├── Saved cleaned markdown to tests/runs/2026-07-31_17-39-11/2024 - Surface 
│   │   Plasmon Resonance Allows to Correlate Molecular Properties With 
│   │   Diffusion Coefficients of Linear Chain Alcohols/extract/output_clean.md
│   ├── Saved 2 tables (txt & csv) to tests/runs/2026-07-31_17-39-11/2024 - 
│   │   Surface Plasmon Resonance Allows to Correlate Molecular Properties With 
│   │   Diffusion Coefficients of Linear Chain Alcohols/extract/tables
│   └── Saved execution logs to tests/runs/2026-07-31_17-39-11/2024 - Surface 
│       Plasmon Resonance Allows to Correlate Molecular Properties With 
│       Diffusion Coefficients of Linear Chain Alcohols/extract/log_2024 - 
│       Surface Plasmon Resonance Allows to Correlate Molecular Properties With 
│       Diffusion Coefficients of Linear Chain Alcohols.pdf.log
├── ✓ Categorised extracted tables using gemma4:31b (completed in 39.33s) (Total
│   tokens: 2623 in, 145 out)
│   ├── table1.txt: Not flagged (no polymers) (tokens: 902 in, 56 out)
│   └── table2.txt: Not flagged (no polymers) (tokens: 1721 in, 89 out)
├── ⚠ No tables categorized as containing required parameters. Skipping 
│   interpretation.
└── Total time taken: 63.64s📄 2024 - Towards the universal use of DOSY as a molar mass characterization 
tool temperature dependence investigations and a software tool to process 
diffusion coefficients (2).pdf
├── ✓ Extracted text & tables (completed in 96.41s)
│   ├── Hardware Acceleration: GPU Active (CUDA (NVIDIA A100-SXM4-80GB))
│   ├── Extracted text & tables in-memory
│   ├── Saved cleaned PDF to tests/runs/2026-07-31_17-39-11/2024 - Towards the 
│   │   universal use of DOSY as a molar mass characterization tool temperature 
│   │   dependence investigations and a software tool to process diffusion 
│   │   coefficients (2)/extract/clean_2024 - Towards the universal use of DOSY 
│   │   as a molar mass characterization tool temperature dependence 
│   │   investigations and a software tool to process diffusion coefficients 
│   │   (2).pdf
│   ├── Saved unclean markdown to tests/runs/2026-07-31_17-39-11/2024 - Towards 
│   │   the universal use of DOSY as a molar mass characterization tool 
│   │   temperature dependence investigations and a software tool to process 
│   │   diffusion coefficients (2)/extract/output.md
│   ├── Saved cleaned markdown to tests/runs/2026-07-31_17-39-11/2024 - Towards 
│   │   the universal use of DOSY as a molar mass characterization tool 
│   │   temperature dependence investigations and a software tool to process 
│   │   diffusion coefficients (2)/extract/output_clean.md
│   ├── Saved 0 tables (txt & csv) to tests/runs/2026-07-31_17-39-11/2024 - 
│   │   Towards the universal use of DOSY as a molar mass characterization tool 
│   │   temperature dependence investigations and a software tool to process 
│   │   diffusion coefficients (2)/extract/tables
│   └── Saved execution logs to tests/runs/2026-07-31_17-39-11/2024 - Towards 
│       the universal use of DOSY as a molar mass characterization tool 
│       temperature dependence investigations and a software tool to process 
│       diffusion coefficients (2)/extract/log_2024 - Towards the universal use 
│       of DOSY as a molar mass characterization tool temperature dependence 
│       investigations and a software tool to process diffusion coefficients 
│       (2).pdf.log
├── ✓ Categorised extracted tables using gemma4:31b (completed in 0.00s)
│   └── No tables found to categorise
├── ⚠ No extracted tables found to interpret.
└── Total time taken: 96.55s📄 2024 - Towards the universal use of DOSY as a molar mass characterization 
tool temperature dependence investigations and a software tool to process 
diffusion coefficients.pdf
├── ✓ Extracted text & tables (completed in 96.51s)
│   ├── Hardware Acceleration: GPU Active (CUDA (NVIDIA A100-SXM4-80GB))
│   ├── Extracted text & tables in-memory
│   ├── Saved cleaned PDF to tests/runs/2026-07-31_17-39-11/2024 - Towards the 
│   │   universal use of DOSY as a molar mass characterization tool temperature 
│   │   dependence investigations and a software tool to process diffusion 
│   │   coefficients/extract/clean_2024 - Towards the universal use of DOSY as a
│   │   molar mass characterization tool temperature dependence investigations 
│   │   and a software tool to process diffusion coefficients.pdf
│   ├── Saved unclean markdown to tests/runs/2026-07-31_17-39-11/2024 - Towards 
│   │   the universal use of DOSY as a molar mass characterization tool 
│   │   temperature dependence investigations and a software tool to process 
│   │   diffusion coefficients/extract/output.md
│   ├── Saved cleaned markdown to tests/runs/2026-07-31_17-39-11/2024 - Towards 
│   │   the universal use of DOSY as a molar mass characterization tool 
│   │   temperature dependence investigations and a software tool to process 
│   │   diffusion coefficients/extract/output_clean.md
│   ├── Saved 0 tables (txt & csv) to tests/runs/2026-07-31_17-39-11/2024 - 
│   │   Towards the universal use of DOSY as a molar mass characterization tool 
│   │   temperature dependence investigations and a software tool to process 
│   │   diffusion coefficients/extract/tables
│   └── Saved execution logs to tests/runs/2026-07-31_17-39-11/2024 - Towards 
│       the universal use of DOSY as a molar mass characterization tool 
│       temperature dependence investigations and a software tool to process 
│       diffusion coefficients/extract/log_2024 - Towards the universal use of 
│       DOSY as a molar mass characterization tool temperature dependence 
│       investigations and a software tool to process diffusion 
│       coefficients.pdf.log
├── ✓ Categorised extracted tables using gemma4:31b (completed in 0.00s)
│   └── No tables found to categorise
├── ⚠ No extracted tables found to interpret.
└── Total time taken: 96.58s📄 2024 - Tratz - Potential of Benchtop NMR for the Determination of Polymer 
Molar.pdf
├── ✓ Extracted text & tables (completed in 211.14s)
│   ├── Hardware Acceleration: GPU Active (CUDA (NVIDIA A100-SXM4-80GB))
│   ├── Extracted text & tables in-memory
│   ├── Saved cleaned PDF to tests/runs/2026-07-31_17-39-11/2024 - Tratz - 
│   │   Potential of Benchtop NMR for the Determination of Polymer 
│   │   Molar/extract/clean_2024 - Tratz - Potential of Benchtop NMR for the 
│   │   Determination of Polymer Molar.pdf
│   ├── Saved unclean markdown to tests/runs/2026-07-31_17-39-11/2024 - Tratz - 
│   │   Potential of Benchtop NMR for the Determination of Polymer 
│   │   Molar/extract/output.md
│   ├── Saved cleaned markdown to tests/runs/2026-07-31_17-39-11/2024 - Tratz - 
│   │   Potential of Benchtop NMR for the Determination of Polymer 
│   │   Molar/extract/output_clean.md
│   ├── Saved 5 tables (txt & csv) to tests/runs/2026-07-31_17-39-11/2024 - 
│   │   Tratz - Potential of Benchtop NMR for the Determination of Polymer 
│   │   Molar/extract/tables
│   └── Saved execution logs to tests/runs/2026-07-31_17-39-11/2024 - Tratz - 
│       Potential of Benchtop NMR for the Determination of Polymer 
│       Molar/extract/log_2024 - Tratz - Potential of Benchtop NMR for the 
│       Determination of Polymer Molar.pdf.log
├── ✓ Categorised extracted tables using gemma4:31b (completed in 123.74s) 
│   (Total tokens: 9303 in, 279 out)
│   ├── table1.txt: Not flagged (no polymers) (tokens: 1576 in, 54 out)
│   ├── table2.txt: Not flagged (no polymers) (tokens: 2462 in, 54 out)
│   ├── table3.txt: Not flagged (no polymers) (tokens: 2358 in, 57 out)
│   ├── table4.txt: Not flagged (no polymers) (tokens: 1446 in, 57 out)
│   └── table5.txt: Not flagged (no polymers) (tokens: 1461 in, 57 out)
├── ⚠ No tables categorized as containing required parameters. Skipping 
│   interpretation.
└── Total time taken: 335.09s📄 2025 - A Hierarchical Model for Longitudinal and Intraparticle Diffusion 
Coefficients in Liquid Chromatography.pdf
├── ✓ Extracted text & tables (completed in 71.42s)
│   ├── Hardware Acceleration: GPU Active (CUDA (NVIDIA A100-SXM4-80GB))
│   ├── Extracted text & tables in-memory
│   ├── Saved cleaned PDF to tests/runs/2026-07-31_17-39-11/2025 - A 
│   │   Hierarchical Model for Longitudinal and Intraparticle Diffusion 
│   │   Coefficients in Liquid Chromatography/extract/clean_2025 - A 
│   │   Hierarchical Model for Longitudinal and Intraparticle Diffusion 
│   │   Coefficients in Liquid Chromatography.pdf
│   ├── Saved unclean markdown to tests/runs/2026-07-31_17-39-11/2025 - A 
│   │   Hierarchical Model for Longitudinal and Intraparticle Diffusion 
│   │   Coefficients in Liquid Chromatography/extract/output.md
│   ├── Saved cleaned markdown to tests/runs/2026-07-31_17-39-11/2025 - A 
│   │   Hierarchical Model for Longitudinal and Intraparticle Diffusion 
│   │   Coefficients in Liquid Chromatography/extract/output_clean.md
│   ├── Saved 1 tables (txt & csv) to tests/runs/2026-07-31_17-39-11/2025 - A 
│   │   Hierarchical Model for Longitudinal and Intraparticle Diffusion 
│   │   Coefficients in Liquid Chromatography/extract/tables
│   └── Saved execution logs to tests/runs/2026-07-31_17-39-11/2025 - A 
│       Hierarchical Model for Longitudinal and Intraparticle Diffusion 
│       Coefficients in Liquid Chromatography/extract/log_2025 - A Hierarchical 
│       Model for Longitudinal and Intraparticle Diffusion Coefficients in 
│       Liquid Chromatography.pdf.log
├── ✓ Categorised extracted tables using gemma4:31b (completed in 18.07s) (Total
│   tokens: 1643 in, 54 out)
│   └── table1.txt: Not flagged (no experimental data, no polymers) (tokens: 
│       1643 in, 54 out)
├── ⚠ No tables categorized as containing required parameters. Skipping 
│   interpretation.
└── Total time taken: 89.91s📄 2025 - Accurate Determination of Molecular Sizes of a Solute in Water From 
its Translational Self‐Diffusion Coefficient.pdf
├── ✓ Extracted text & tables (completed in 25.02s)
│   ├── Hardware Acceleration: GPU Active (CUDA (NVIDIA A100-SXM4-80GB))
│   ├── Extracted text & tables in-memory
│   ├── Saved cleaned PDF to tests/runs/2026-07-31_17-39-11/2025 - Accurate 
│   │   Determination of Molecular Sizes of a Solute in Water From its 
│   │   Translational Self‐Diffusion Coefficient/extract/clean_2025 - Accurate 
│   │   Determination of Molecular Sizes of a Solute in Water From its 
│   │   Translational Self‐Diffusion Coefficient.pdf
│   ├── Saved unclean markdown to tests/runs/2026-07-31_17-39-11/2025 - Accurate
│   │   Determination of Molecular Sizes of a Solute in Water From its 
│   │   Translational Self‐Diffusion Coefficient/extract/output.md
│   ├── Saved cleaned markdown to tests/runs/2026-07-31_17-39-11/2025 - Accurate
│   │   Determination of Molecular Sizes of a Solute in Water From its 
│   │   Translational Self‐Diffusion Coefficient/extract/output_clean.md
│   ├── Saved 1 tables (txt & csv) to tests/runs/2026-07-31_17-39-11/2025 - 
│   │   Accurate Determination of Molecular Sizes of a Solute in Water From its 
│   │   Translational Self‐Diffusion Coefficient/extract/tables
│   └── Saved execution logs to tests/runs/2026-07-31_17-39-11/2025 - Accurate 
│       Determination of Molecular Sizes of a Solute in Water From its 
│       Translational Self‐Diffusion Coefficient/extract/log_2025 - Accurate 
│       Determination of Molecular Sizes of a Solute in Water From its 
│       Translational Self‐Diffusion Coefficient.pdf.log
├── ✓ Categorised extracted tables using gemma4:31b (completed in 18.28s) (Total
│   tokens: 833 in, 54 out)
│   └── table1.txt: Not flagged (no polymers) (tokens: 833 in, 54 out)
├── ⚠ No tables categorized as containing required parameters. Skipping 
│   interpretation.
└── Total time taken: 43.50s📄 2025 - Beyond diffusion_ ion and electron migration contribute to charge 
transport in redox-conducting metal–organic frameworks.pdf
├── ✓ Extracted text & tables (completed in 18.24s)
│   ├── Hardware Acceleration: GPU Active (CUDA (NVIDIA A100-SXM4-80GB))
│   ├── Extracted text & tables in-memory
│   ├── Saved cleaned PDF to tests/runs/2026-07-31_17-39-11/2025 - Beyond 
│   │   diffusion_ ion and electron migration contribute to charge transport in 
│   │   redox-conducting metal–organic frameworks/extract/clean_2025 - Beyond 
│   │   diffusion_ ion and electron migration contribute to charge transport in 
│   │   redox-conducting metal–organic frameworks.pdf
│   ├── Saved unclean markdown to tests/runs/2026-07-31_17-39-11/2025 - Beyond 
│   │   diffusion_ ion and electron migration contribute to charge transport in 
│   │   redox-conducting metal–organic frameworks/extract/output.md
│   ├── Saved cleaned markdown to tests/runs/2026-07-31_17-39-11/2025 - Beyond 
│   │   diffusion_ ion and electron migration contribute to charge transport in 
│   │   redox-conducting metal–organic frameworks/extract/output_clean.md
│   ├── Saved 0 tables (txt & csv) to tests/runs/2026-07-31_17-39-11/2025 - 
│   │   Beyond diffusion_ ion and electron migration contribute to charge 
│   │   transport in redox-conducting metal–organic frameworks/extract/tables
│   └── Saved execution logs to tests/runs/2026-07-31_17-39-11/2025 - Beyond 
│       diffusion_ ion and electron migration contribute to charge transport in 
│       redox-conducting metal–organic frameworks/extract/log_2025 - Beyond 
│       diffusion_ ion and electron migration contribute to charge transport in 
│       redox-conducting metal–organic frameworks.pdf.log
├── ✓ Categorised extracted tables using gemma4:31b (completed in 0.00s)
│   └── No tables found to categorise
├── ⚠ No extracted tables found to interpret.
└── Total time taken: 18.31s📄 2025 - Brenninkmeijer - Quantifying the Biodegradation of Water‐Soluble 
Polymer Mixtures with Diffusion NMR Spectroscopy.pdf
├── ✓ Extracted text & tables (completed in 18.11s)
│   ├── Hardware Acceleration: GPU Active (CUDA (NVIDIA A100-SXM4-80GB))
│   ├── Extracted text & tables in-memory
│   ├── Saved cleaned PDF to tests/runs/2026-07-31_17-39-11/2025 - 
│   │   Brenninkmeijer - Quantifying the Biodegradation of Water‐Soluble Polymer
│   │   Mixtures with Diffusion NMR Spectroscopy/extract/clean_2025 - 
│   │   Brenninkmeijer - Quantifying the Biodegradation of Water‐Soluble Polymer
│   │   Mixtures with Diffusion NMR Spectroscopy.pdf
│   ├── Saved unclean markdown to tests/runs/2026-07-31_17-39-11/2025 - 
│   │   Brenninkmeijer - Quantifying the Biodegradation of Water‐Soluble Polymer
│   │   Mixtures with Diffusion NMR Spectroscopy/extract/output.md
│   ├── Saved cleaned markdown to tests/runs/2026-07-31_17-39-11/2025 - 
│   │   Brenninkmeijer - Quantifying the Biodegradation of Water‐Soluble Polymer
│   │   Mixtures with Diffusion NMR Spectroscopy/extract/output_clean.md
│   ├── Saved 0 tables (txt & csv) to tests/runs/2026-07-31_17-39-11/2025 - 
│   │   Brenninkmeijer - Quantifying the Biodegradation of Water‐Soluble Polymer
│   │   Mixtures with Diffusion NMR Spectroscopy/extract/tables
│   └── Saved execution logs to tests/runs/2026-07-31_17-39-11/2025 - 
│       Brenninkmeijer - Quantifying the Biodegradation of Water‐Soluble Polymer
│       Mixtures with Diffusion NMR Spectroscopy/extract/log_2025 - 
│       Brenninkmeijer - Quantifying the Biodegradation of Water‐Soluble Polymer
│       Mixtures with Diffusion NMR Spectroscopy.pdf.log
├── ✓ Categorised extracted tables using gemma4:31b (completed in 0.00s)
│   └── No tables found to categorise
├── ⚠ No extracted tables found to interpret.
└── Total time taken: 18.30s📄 2025 - Broad‐Spectrum Diffusion Coefficient Measurements via Surface Plasmon 
Resonance_ From Thermodynamics to Protein Conformational Disorders.pdf
├── ✓ Extracted text & tables (completed in 102.25s)
│   ├── Hardware Acceleration: GPU Active (CUDA (NVIDIA A100-SXM4-80GB))
│   ├── Extracted text & tables in-memory
│   ├── Saved cleaned PDF to tests/runs/2026-07-31_17-39-11/2025 - 
│   │   Broad‐Spectrum Diffusion Coefficient Measurements via Surface Plasmon 
│   │   Resonance_ From Thermodynamics to Protein Conformational 
│   │   Disorders/extract/clean_2025 - Broad‐Spectrum Diffusion Coefficient 
│   │   Measurements via Surface Plasmon Resonance_ From Thermodynamics to 
│   │   Protein Conformational Disorders.pdf
│   ├── Saved unclean markdown to tests/runs/2026-07-31_17-39-11/2025 - 
│   │   Broad‐Spectrum Diffusion Coefficient Measurements via Surface Plasmon 
│   │   Resonance_ From Thermodynamics to Protein Conformational 
│   │   Disorders/extract/output.md
│   ├── Saved cleaned markdown to tests/runs/2026-07-31_17-39-11/2025 - 
│   │   Broad‐Spectrum Diffusion Coefficient Measurements via Surface Plasmon 
│   │   Resonance_ From Thermodynamics to Protein Conformational 
│   │   Disorders/extract/output_clean.md
│   ├── Saved 1 tables (txt & csv) to tests/runs/2026-07-31_17-39-11/2025 - 
│   │   Broad‐Spectrum Diffusion Coefficient Measurements via Surface Plasmon 
│   │   Resonance_ From Thermodynamics to Protein Conformational 
│   │   Disorders/extract/tables
│   └── Saved execution logs to tests/runs/2026-07-31_17-39-11/2025 - 
│       Broad‐Spectrum Diffusion Coefficient Measurements via Surface Plasmon 
│       Resonance_ From Thermodynamics to Protein Conformational 
│       Disorders/extract/log_2025 - Broad‐Spectrum Diffusion Coefficient 
│       Measurements via Surface Plasmon Resonance_ From Thermodynamics to 
│       Protein Conformational Disorders.pdf.log
├── ✓ Categorised extracted tables using gemma4:31b (completed in 19.20s) (Total
│   tokens: 1354 in, 57 out)
│   └── table1.txt: raw (tokens: 1354 in, 57 out)
├── ⚠ No tables categorized as containing required parameters. Skipping 
│   interpretation.
└── Total time taken: 121.63s
Extractor logs for 2025 - Chemical structure characterization of polysaccharides
using diffusion ordered spectroscopy (DOSY).pdf before crash:
Running: parse_pdf
Raw PDF conversion timings:
{
  "pipeline_total": {
    "scope": "document",
    "count": 1,
    "times": [
      18.28691371413879
    ],
    "start_timestamps": [
      "2026-07-31 21:57:34.468840+00:00"
    ]
  },
  "page_parse": {
    "scope": "page",
    "count": 15,
    "times": [
      0.12858392181806266,
      0.11934060114435852,
      0.11873763613402843,
      0.1146116191521287,
      0.053677554009482265,
      0.08042093086987734,
      0.3134566049557179,
      0.15726708201691508,
      0.26226018206216395,
      0.15718082012608647,
      0.16149327787570655,
      0.20936552295461297,
      0.24064771505072713,
      0.16988402418792248,
      0.17388427583500743
    ],
    "start_timestamps": [
      "2026-07-31 21:57:34.473394+00:00",
      "2026-07-31 21:57:34.602039+00:00",
      "2026-07-31 21:57:34.721419+00:00",
      "2026-07-31 21:57:34.840209+00:00",
      "2026-07-31 21:57:34.954870+00:00",
      "2026-07-31 21:57:35.008589+00:00",
      "2026-07-31 21:57:35.089054+00:00",
      "2026-07-31 21:57:35.402558+00:00",
      "2026-07-31 21:57:35.559870+00:00",
      "2026-07-31 21:57:35.822183+00:00",
      "2026-07-31 21:57:35.979411+00:00",
      "2026-07-31 21:57:36.140951+00:00",
      "2026-07-31 21:57:36.350371+00:00",
      "2026-07-31 21:57:36.591062+00:00",
      "2026-07-31 21:57:36.760998+00:00"
    ]
  },
  "ocr": {
    "scope": "page",
    "count": 15,
    "times": [
      0.1318335400428623,
      0.12585152895189822,
      0.16085251211188734,
      0.12356470315717161,
      0.30096753290854394,
      0.12372188991867006,
      4.937654695939273,
      2.2475890731438994,
      1.9359123001340777,
      1.214143634075299,
      0.8600456269923598,
      2.185820607934147,
      0.8868396088946611,
      0.12385262595489621,
      0.12252580816857517
    ],
    "start_timestamps": [
      "2026-07-31 21:57:34.602132+00:00",
      "2026-07-31 21:57:34.734009+00:00",
      "2026-07-31 21:57:34.859900+00:00",
      "2026-07-31 21:57:35.020785+00:00",
      "2026-07-31 21:57:35.144367+00:00",
      "2026-07-31 21:57:35.445367+00:00",
      "2026-07-31 21:57:35.569108+00:00",
      "2026-07-31 21:57:40.506866+00:00",
      "2026-07-31 21:57:42.754471+00:00",
      "2026-07-31 21:57:44.690400+00:00",
      "2026-07-31 21:57:45.904559+00:00",
      "2026-07-31 21:57:46.764620+00:00",
      "2026-07-31 21:57:48.950457+00:00",
      "2026-07-31 21:57:49.837313+00:00",
      "2026-07-31 21:57:49.961175+00:00"
    ]
  },
  "layout": {
    "scope": "page",
    "count": 5,
    "times": [
      0.29156033298932016,
      0.06294606300070882,
      0.12454584008082747,
      0.049264015164226294,
      0.09469153685495257
    ],
    "start_timestamps": [
      "2026-07-31 21:57:34.734076+00:00",
      "2026-07-31 21:57:35.125047+00:00",
      "2026-07-31 21:57:35.445425+00:00",
      "2026-07-31 21:57:40.507047+00:00",
      "2026-07-31 21:57:50.083894+00:00"
    ]
  },
  "table_structure": {
    "scope": "page",
    "count": 15,
    "times": [
      1.939595676958561e-05,
      2.2973865270614624e-05,
      2.119148812023923,
      2.9886141419410706e-05,
      3.5399086920078844,
      0.8126299420837313,
      2.7161091566085815e-05,
      5.491403862833977e-05,
      1.4217104762792587e-05,
      1.4306977391242981e-05,
      0.3709499619435519,
      2.3344065994024277e-05,
      1.5849946066737175e-05,
      1.713191159069538e-05,
      1.3254815712571144e-05
    ],
    "start_timestamps": [
      "2026-07-31 21:57:35.125142+00:00",
      "2026-07-31 21:57:35.441445+00:00",
      "2026-07-31 21:57:35.441473+00:00",
      "2026-07-31 21:57:37.560783+00:00",
      "2026-07-31 21:57:37.560816+00:00",
      "2026-07-31 21:57:41.102205+00:00",
      "2026-07-31 21:57:41.914851+00:00",
      "2026-07-31 21:57:50.437672+00:00",
      "2026-07-31 21:57:50.437732+00:00",
      "2026-07-31 21:57:50.437751+00:00",
      "2026-07-31 21:57:50.437771+00:00",
      "2026-07-31 21:57:50.808914+00:00",
      "2026-07-31 21:57:50.808940+00:00",
      "2026-07-31 21:57:50.808959+00:00",
      "2026-07-31 21:57:50.808980+00:00"
    ]
  },
  "page_assemble": {
    "scope": "page",
    "count": 15,
    "times": [
      0.001670024124905467,
      0.0004677909892052412,
      0.00042711501009762287,
      0.0004987490829080343,
      4.8561953008174896e-05,
      0.0003928400110453367,
      0.00020194100216031075,
      0.00025450880639255047,
      0.00012582587078213692,
      0.00013902201317250729,
      0.0001256559044122696,
      8.282600902020931e-05,
      0.0002896348014473915,
      0.004243528936058283,
      0.007856440031901002
    ],
    "start_timestamps": [
      "2026-07-31 21:57:35.125244+00:00",
      "2026-07-31 21:57:37.560869+00:00",
      "2026-07-31 21:57:37.561371+00:00",
      "2026-07-31 21:57:41.102282+00:00",
      "2026-07-31 21:57:41.102818+00:00",
      "2026-07-31 21:57:41.915382+00:00",
      "2026-07-31 21:57:41.915833+00:00",
      "2026-07-31 21:57:50.809129+00:00",
      "2026-07-31 21:57:50.809426+00:00",
      "2026-07-31 21:57:50.809577+00:00",
      "2026-07-31 21:57:50.809737+00:00",
      "2026-07-31 21:57:50.809896+00:00",
      "2026-07-31 21:57:50.809997+00:00",
      "2026-07-31 21:57:50.810306+00:00",
      "2026-07-31 21:57:50.814581+00:00"
    ]
  },
  "doc_assemble": {
    "scope": "document",
    "count": 1,
    "times": [
      0.39885668992064893
    ],
    "start_timestamps": [
      "2026-07-31 21:57:50.822714+00:00"
    ]
  },
  "reading_order": {
    "scope": "document",
    "count": 1,
    "times": [
      0.3980021809693426
    ],
    "start_timestamps": [
      "2026-07-31 21:57:50.822883+00:00"
    ]
  },
  "doc_enrich": {
    "scope": "document",
    "count": 1,
    "times": [
      1.5341349600348622
    ],
    "start_timestamps": [
      "2026-07-31 21:57:51.221603+00:00"
    ]
  }
}
All hyperlinked elements redacted in-memory.
Clean PDF conversion timings:
{
  "pipeline_total": {
    "scope": "document",
    "count": 1,
    "times": [
      25.903888752916828
    ],
    "start_timestamps": [
      "2026-07-31 21:57:53.305672+00:00"
    ]
  },
  "page_parse": {
    "scope": "page",
    "count": 15,
    "times": [
      0.12107726000249386,
      0.10859671491198242,
      0.10286581609398127,
      0.1084064960014075,
      0.053840531036257744,
      0.07377009000629187,
      0.265581576153636,
      0.15087831486016512,
      0.22510561486706138,
      0.21198231889866292,
      0.1563344970345497,
      0.18185842782258987,
      0.14124597096815705,
      0.09665167704224586,
      0.08082755701616406
    ],
    "start_timestamps": [
      "2026-07-31 21:57:53.309463+00:00",
      "2026-07-31 21:57:53.430588+00:00",
      "2026-07-31 21:57:53.539228+00:00",
      "2026-07-31 21:57:53.642138+00:00",
      "2026-07-31 21:57:53.750589+00:00",
      "2026-07-31 21:57:53.804476+00:00",
      "2026-07-31 21:57:53.878290+00:00",
      "2026-07-31 21:57:54.143921+00:00",
      "2026-07-31 21:57:54.294843+00:00",
      "2026-07-31 21:57:54.519994+00:00",
      "2026-07-31 21:57:54.732028+00:00",
      "2026-07-31 21:57:54.888404+00:00",
      "2026-07-31 21:57:55.070309+00:00",
      "2026-07-31 21:57:55.211606+00:00",
      "2026-07-31 21:57:55.308298+00:00"
    ]
  },
  "ocr": {
    "scope": "page",
    "count": 15,
    "times": [
      0.11966515216045082,
      0.20606510899960995,
      0.18462260207161307,
      0.21276592509821057,
      0.14902556594461203,
      0.44035955402068794,
      2.987319874810055,
      3.3295811279676855,
      1.8518756709527224,
      1.178844017907977,
      0.8830214410554618,
      2.169506694888696,
      0.8799512500409037,
      0.12430037907324731,
      0.12207442801445723
    ],
    "start_timestamps": [
      "2026-07-31 21:57:53.430769+00:00",
      "2026-07-31 21:57:53.550483+00:00",
      "2026-07-31 21:57:53.756585+00:00",
      "2026-07-31 21:57:53.941220+00:00",
      "2026-07-31 21:57:54.154019+00:00",
      "2026-07-31 21:57:54.303059+00:00",
      "2026-07-31 21:57:54.743425+00:00",
      "2026-07-31 21:57:57.730838+00:00",
      "2026-07-31 21:58:01.060435+00:00",
      "2026-07-31 21:58:02.912326+00:00",
      "2026-07-31 21:58:04.091186+00:00",
      "2026-07-31 21:58:04.974223+00:00",
      "2026-07-31 21:58:07.143760+00:00",
      "2026-07-31 21:58:08.023728+00:00",
      "2026-07-31 21:58:08.148039+00:00"
    ]
  },
  "layout": {
    "scope": "page",
    "count": 5,
    "times": [
      0.3343963660299778,
      0.03135799500159919,
      0.1650343539658934,
      0.06756676104851067,
      0.10514431307092309
    ],
    "start_timestamps": [
      "2026-07-31 21:57:53.550557+00:00",
      "2026-07-31 21:57:53.936148+00:00",
      "2026-07-31 21:57:54.154096+00:00",
      "2026-07-31 21:57:57.730906+00:00",
      "2026-07-31 21:58:08.270341+00:00"
    ]
  },
  "table_structure": {
    "scope": "page",
    "count": 15,
    "times": [
      3.59478872269392e-05,
      3.24309803545475e-05,
      1.628789277980104,
      3.183004446327686e-05,
      2.4742900819983333,
      1.0564512109849602,
      3.175903111696243e-05,
      6.252783350646496e-05,
      1.7071841284632683e-05,
      1.1953059583902359e-05,
      0.37034673779271543,
      2.382509410381317e-05,
      1.67118851095438e-05,
      2.060900442302227e-05,
      8.481776511995122
    ],
    "start_timestamps": [
      "2026-07-31 21:57:53.936268+00:00",
      "2026-07-31 21:57:54.146927+00:00",
      "2026-07-31 21:57:54.742175+00:00",
      "2026-07-31 21:57:56.370982+00:00",
      "2026-07-31 21:57:57.932441+00:00",
      "2026-07-31 21:58:00.406750+00:00",
      "2026-07-31 21:58:01.463223+00:00",
      "2026-07-31 21:58:08.651431+00:00",
      "2026-07-31 21:58:08.651500+00:00",
      "2026-07-31 21:58:08.651523+00:00",
      "2026-07-31 21:58:08.651540+00:00",
      "2026-07-31 21:58:09.022077+00:00",
      "2026-07-31 21:58:09.022104+00:00",
      "2026-07-31 21:58:09.022124+00:00",
      "2026-07-31 21:58:09.022149+00:00"
    ]
  },
  "page_assemble": {
    "scope": "page",
    "count": 15,
    "times": [
      0.0006462468300014734,
      0.0004928279668092728,
      0.0005777371115982533,
      0.0005989980418235064,
      0.00012397300451993942,
      0.0004167649894952774,
      0.00018542911857366562,
      0.00020997598767280579,
      0.0001292640808969736,
      0.00011651893146336079,
      0.00019481685012578964,
      0.00020532682538032532,
      0.0004227450117468834,
      0.000572598073631525,
      4.9483031034469604e-05
    ],
    "start_timestamps": [
      "2026-07-31 21:57:53.936354+00:00",
      "2026-07-31 21:57:54.146997+00:00",
      "2026-07-31 21:57:56.371188+00:00",
      "2026-07-31 21:57:56.371812+00:00",
      "2026-07-31 21:58:01.463691+00:00",
      "2026-07-31 21:58:01.463858+00:00",
      "2026-07-31 21:58:01.464299+00:00",
      "2026-07-31 21:58:09.022952+00:00",
      "2026-07-31 21:58:09.023196+00:00",
      "2026-07-31 21:58:09.023345+00:00",
      "2026-07-31 21:58:09.023481+00:00",
      "2026-07-31 21:58:17.504364+00:00",
      "2026-07-31 21:58:17.504609+00:00",
      "2026-07-31 21:58:17.505057+00:00",
      "2026-07-31 21:58:17.505655+00:00"
    ]
  },
  "doc_assemble": {
    "scope": "document",
    "count": 1,
    "times": [
      0.07419737707823515
    ],
    "start_timestamps": [
      "2026-07-31 21:58:17.506275+00:00"
    ]
  },
  "reading_order": {
    "scope": "document",
    "count": 1,
    "times": [
      0.07350387098267674
    ],
    "start_timestamps": [
      "2026-07-31 21:58:17.506467+00:00"
    ]
  },
  "doc_enrich": {
    "scope": "document",
    "count": 1,
    "times": [
      1.629047593800351
    ],
    "start_timestamps": [
      "2026-07-31 21:58:17.580495+00:00"
    ]
  }
}
Function parse_pdf took 45.4982 seconds to execute.
Running: get_tables
Function get_tables took 0.0001 seconds to execute.
Running: get_surrounding_paragraphs
Function get_surrounding_paragraphs took 0.0001 seconds to execute.

📄 2025 - Chemical structure characterization of polysaccharides using diffusion
ordered spectroscopy (DOSY).pdf
├── ✗ Extraction failed: Extraction failed: list index out of range
│   └── Hardware Acceleration: GPU Active (CUDA (NVIDIA A100-SXM4-80GB))
├── ✓ Categorised extracted tables using gemma4:31b (completed in 0.00s)
│   └── No tables found to categorise
├── ⚠ No extracted tables found to interpret.
└── Total time taken: 45.81s
Extractor logs for 2025 - Concentration-independent molecular weight 
determination of polymers via diffusion NMR A universal approach across 
solvents.pdf before crash:
Running: parse_pdf
Raw PDF conversion timings:
{
  "pipeline_total": {
    "scope": "document",
    "count": 1,
    "times": [
      56.63883223105222
    ],
    "start_timestamps": [
      "2026-07-31 21:58:20.094908+00:00"
    ]
  },
  "page_parse": {
    "scope": "page",
    "count": 9,
    "times": [
      0.17510538292117417,
      0.23939844290725887,
      0.19345296802930534,
      0.2424719100818038,
      0.24274309002794325,
      0.24676614394411445,
      0.23610378988087177,
      0.4226206080056727,
      0.29437748505733907
    ],
    "start_timestamps": [
      "2026-07-31 21:58:20.099804+00:00",
      "2026-07-31 21:58:20.274966+00:00",
      "2026-07-31 21:58:20.514409+00:00",
      "2026-07-31 21:58:20.707904+00:00",
      "2026-07-31 21:58:20.950424+00:00",
      "2026-07-31 21:58:21.193216+00:00",
      "2026-07-31 21:58:21.440027+00:00",
      "2026-07-31 21:58:21.676176+00:00",
      "2026-07-31 21:58:22.098846+00:00"
    ]
  },
  "ocr": {
    "scope": "page",
    "count": 9,
    "times": [
      0.24307931307703257,
      0.1943364308681339,
      0.2474591787904501,
      2.273723640013486,
      0.436356718884781,
      0.9191252731252462,
      0.7612374948803335,
      0.12397435493767262,
      0.12651594984345138
    ],
    "start_timestamps": [
      "2026-07-31 21:58:20.275057+00:00",
      "2026-07-31 21:58:20.518183+00:00",
      "2026-07-31 21:58:20.712564+00:00",
      "2026-07-31 21:58:20.960060+00:00",
      "2026-07-31 21:58:23.233877+00:00",
      "2026-07-31 21:58:23.670249+00:00",
      "2026-07-31 21:58:24.589391+00:00",
      "2026-07-31 21:58:25.350644+00:00",
      "2026-07-31 21:58:25.474627+00:00"
    ]
  },
  "layout": {
    "scope": "page",
    "count": 5,
    "times": [
      0.23594167409464717,
      0.16992521099746227,
      0.2269786091055721,
      0.028970835031941533,
      0.08256711508147418
    ],
    "start_timestamps": [
      "2026-07-31 21:58:20.518279+00:00",
      "2026-07-31 21:58:20.794389+00:00",
      "2026-07-31 21:58:20.990392+00:00",
      "2026-07-31 21:58:23.233937+00:00",
      "2026-07-31 21:58:25.601367+00:00"
    ]
  },
  "table_structure": {
    "scope": "page",
    "count": 9,
    "times": [
      2.0638806745409966e-05,
      1.9456958398222923e-05,
      1.4617541581392288,
      2.6870984584093094e-05,
      3.0237017199397087e-05,
      8.837087079882622e-06,
      0.5999138408806175,
      2.2802967578172684e-05,
      1.2483913451433182e-05
    ],
    "start_timestamps": [
      "2026-07-31 21:58:20.794519+00:00",
      "2026-07-31 21:58:20.990446+00:00",
      "2026-07-31 21:58:21.445879+00:00",
      "2026-07-31 21:58:23.273664+00:00",
      "2026-07-31 21:58:25.977776+00:00",
      "2026-07-31 21:58:25.977811+00:00",
      "2026-07-31 21:58:25.977824+00:00",
      "2026-07-31 21:58:26.577758+00:00",
      "2026-07-31 21:58:26.577955+00:00"
    ]
  },
  "page_assemble": {
    "scope": "page",
    "count": 9,
    "times": [
      0.0011493740603327751,
      0.00038485415279865265,
      0.0004953518509864807,
      0.0002893649507313967,
      0.0003798052202910185,
      0.00019642990082502365,
      0.0003268858417868614,
      0.00840083695948124,
      0.012822631979361176
    ],
    "start_timestamps": [
      "2026-07-31 21:58:20.794991+00:00",
      "2026-07-31 21:58:20.990511+00:00",
      "2026-07-31 21:58:22.907846+00:00",
      "2026-07-31 21:58:23.273736+00:00",
      "2026-07-31 21:58:26.578047+00:00",
      "2026-07-31 21:58:26.578459+00:00",
      "2026-07-31 21:58:26.578675+00:00",
      "2026-07-31 21:58:26.579025+00:00",
      "2026-07-31 21:58:26.587452+00:00"
    ]
  },
  "doc_assemble": {
    "scope": "document",
    "count": 1,
    "times": [
      0.04592016711831093
    ],
    "start_timestamps": [
      "2026-07-31 21:58:26.600448+00:00"
    ]
  },
  "reading_order": {
    "scope": "document",
    "count": 1,
    "times": [
      0.0454190238378942
    ],
    "start_timestamps": [
      "2026-07-31 21:58:26.600530+00:00"
    ]
  },
  "doc_enrich": {
    "scope": "document",
    "count": 1,
    "times": [
      50.08732898090966
    ],
    "start_timestamps": [
      "2026-07-31 21:58:26.646393+00:00"
    ]
  }
}
All hyperlinked elements redacted in-memory.
Clean PDF conversion timings:
{
  "pipeline_total": {
    "scope": "document",
    "count": 1,
    "times": [
      98.32766740396619
    ],
    "start_timestamps": [
      "2026-07-31 21:59:17.267247+00:00"
    ]
  },
  "page_parse": {
    "scope": "page",
    "count": 9,
    "times": [
      0.168088753009215,
      0.24539578519761562,
      0.1857442520558834,
      0.24013156490400434,
      0.2533454420045018,
      0.19256993290036917,
      0.2681528788525611,
      0.6150909529533237,
      0.21178139094263315
    ],
    "start_timestamps": [
      "2026-07-31 21:59:17.271719+00:00",
      "2026-07-31 21:59:17.439867+00:00",
      "2026-07-31 21:59:17.685316+00:00",
      "2026-07-31 21:59:17.871114+00:00",
      "2026-07-31 21:59:18.111294+00:00",
      "2026-07-31 21:59:18.364689+00:00",
      "2026-07-31 21:59:18.557306+00:00",
      "2026-07-31 21:59:18.825504+00:00",
      "2026-07-31 21:59:19.440641+00:00"
    ]
  },
  "ocr": {
    "scope": "page",
    "count": 9,
    "times": [
      0.24860861408524215,
      0.18658536509610713,
      0.2455070149153471,
      2.419169127009809,
      0.48171295784413815,
      0.9139899259898812,
      0.751634888118133,
      0.12492218497209251,
      0.12243439094163477
    ],
    "start_timestamps": [
      "2026-07-31 21:59:17.439942+00:00",
      "2026-07-31 21:59:17.688602+00:00",
      "2026-07-31 21:59:17.875228+00:00",
      "2026-07-31 21:59:18.120771+00:00",
      "2026-07-31 21:59:20.540026+00:00",
      "2026-07-31 21:59:21.021754+00:00",
      "2026-07-31 21:59:21.935758+00:00",
      "2026-07-31 21:59:22.687410+00:00",
      "2026-07-31 21:59:22.812340+00:00"
    ]
  },
  "layout": {
    "scope": "page",
    "count": 5,
    "times": [
      0.2338481959886849,
      0.17018421809189022,
      0.18790019117295742,
      0.028519402956590056,
      0.08661732007749379
    ],
    "start_timestamps": [
      "2026-07-31 21:59:17.688676+00:00",
      "2026-07-31 21:59:17.966242+00:00",
      "2026-07-31 21:59:18.371758+00:00",
      "2026-07-31 21:59:20.540093+00:00",
      "2026-07-31 21:59:22.935018+00:00"
    ]
  },
  "table_structure": {
    "scope": "page",
    "count": 9,
    "times": [
      1.3906974345445633e-05,
      2.3424159735441208e-05,
      1.5629444520454854,
      3.230106085538864e-05,
      5.363090895116329e-05,
      3.0487077310681343e-05,
      0.602402935968712,
      2.1841144189238548e-05,
      1.0615016599185765
    ],
    "start_timestamps": [
      "2026-07-31 21:59:17.966390+00:00",
      "2026-07-31 21:59:18.371834+00:00",
      "2026-07-31 21:59:18.650603+00:00",
      "2026-07-31 21:59:20.578534+00:00",
      "2026-07-31 21:59:23.292990+00:00",
      "2026-07-31 21:59:23.293049+00:00",
      "2026-07-31 21:59:23.293085+00:00",
      "2026-07-31 21:59:23.895509+00:00",
      "2026-07-31 21:59:23.895739+00:00"
    ]
  },
  "page_assemble": {
    "scope": "page",
    "count": 9,
    "times": [
      0.0004154220223426819,
      0.0004869659896939993,
      0.0006154691800475121,
      0.0002048858441412449,
      0.0004888700786978006,
      0.00021456414833664894,
      0.00021765008568763733,
      0.00035816500894725323,
      0.00038526509888470173
    ],
    "start_timestamps": [
      "2026-07-31 21:59:17.966479+00:00",
      "2026-07-31 21:59:18.371913+00:00",
      "2026-07-31 21:59:20.213764+00:00",
      "2026-07-31 21:59:20.578626+00:00",
      "2026-07-31 21:59:23.896623+00:00",
      "2026-07-31 21:59:23.897153+00:00",
      "2026-07-31 21:59:23.897390+00:00",
      "2026-07-31 21:59:23.897631+00:00",
      "2026-07-31 21:59:24.958130+00:00"
    ]
  },
  "doc_assemble": {
    "scope": "document",
    "count": 1,
    "times": [
      0.049620878882706165
    ],
    "start_timestamps": [
      "2026-07-31 21:59:24.958990+00:00"
    ]
  },
  "reading_order": {
    "scope": "document",
    "count": 1,
    "times": [
      0.049096501898020506
    ],
    "start_timestamps": [
      "2026-07-31 21:59:24.959102+00:00"
    ]
  },
  "doc_enrich": {
    "scope": "document",
    "count": 1,
    "times": [
      90.58625285420567
    ],
    "start_timestamps": [
      "2026-07-31 21:59:25.008637+00:00"
    ]
  }
}
Function parse_pdf took 155.7154 seconds to execute.
Running: get_tables
Function get_tables took 0.0001 seconds to execute.
Running: get_surrounding_paragraphs
Function get_surrounding_paragraphs took 0.0001 seconds to execute.

📄 2025 - Concentration-independent molecular weight determination of polymers 
via diffusion NMR A universal approach across solvents.pdf
├── ✗ Extraction failed: Extraction failed: list index out of range
│   └── Hardware Acceleration: GPU Active (CUDA (NVIDIA A100-SXM4-80GB))
├── ✓ Categorised extracted tables using gemma4:31b (completed in 0.00s)
│   └── No tables found to categorise
├── ⚠ No extracted tables found to interpret.
└── Total time taken: 155.86s📄 2025 - Determination of Mark-Houwink parameters by NMR-DOSY.pdf
├── ✓ Extracted text & tables (completed in 1.01s)
│   ├── Hardware Acceleration: GPU Active (CUDA (NVIDIA A100-SXM4-80GB))
│   ├── Extracted text & tables in-memory
│   ├── Saved cleaned PDF to tests/runs/2026-07-31_17-39-11/2025 - Determination
│   │   of Mark-Houwink parameters by NMR-DOSY/extract/clean_2025 - 
│   │   Determination of Mark-Houwink parameters by NMR-DOSY.pdf
│   ├── Saved unclean markdown to tests/runs/2026-07-31_17-39-11/2025 - 
│   │   Determination of Mark-Houwink parameters by NMR-DOSY/extract/output.md
│   ├── Saved cleaned markdown to tests/runs/2026-07-31_17-39-11/2025 - 
│   │   Determination of Mark-Houwink parameters by 
│   │   NMR-DOSY/extract/output_clean.md
│   ├── Saved 0 tables (txt & csv) to tests/runs/2026-07-31_17-39-11/2025 - 
│   │   Determination of Mark-Houwink parameters by NMR-DOSY/extract/tables
│   └── Saved execution logs to tests/runs/2026-07-31_17-39-11/2025 - 
│       Determination of Mark-Houwink parameters by NMR-DOSY/extract/log_2025 - 
│       Determination of Mark-Houwink parameters by NMR-DOSY.pdf.log
├── ✓ Categorised extracted tables using gemma4:31b (completed in 0.00s)
│   └── No tables found to categorise
├── ⚠ No extracted tables found to interpret.
└── Total time taken: 1.07s📄 2025 - Determining the molecular diffusion coefficient of naphthenic acid in 
water as a heavy oil pollutant by experimental method.pdf
├── ✓ Extracted text & tables (completed in 24.78s)
│   ├── Hardware Acceleration: GPU Active (CUDA (NVIDIA A100-SXM4-80GB))
│   ├── Extracted text & tables in-memory
│   ├── Saved cleaned PDF to tests/runs/2026-07-31_17-39-11/2025 - Determining 
│   │   the molecular diffusion coefficient of naphthenic acid in water as a 
│   │   heavy oil pollutant by experimental method/extract/clean_2025 - 
│   │   Determining the molecular diffusion coefficient of naphthenic acid in 
│   │   water as a heavy oil pollutant by experimental method.pdf
│   ├── Saved unclean markdown to tests/runs/2026-07-31_17-39-11/2025 - 
│   │   Determining the molecular diffusion coefficient of naphthenic acid in 
│   │   water as a heavy oil pollutant by experimental method/extract/output.md
│   ├── Saved cleaned markdown to tests/runs/2026-07-31_17-39-11/2025 - 
│   │   Determining the molecular diffusion coefficient of naphthenic acid in 
│   │   water as a heavy oil pollutant by experimental 
│   │   method/extract/output_clean.md
│   ├── Saved 2 tables (txt & csv) to tests/runs/2026-07-31_17-39-11/2025 - 
│   │   Determining the molecular diffusion coefficient of naphthenic acid in 
│   │   water as a heavy oil pollutant by experimental method/extract/tables
│   └── Saved execution logs to tests/runs/2026-07-31_17-39-11/2025 - 
│       Determining the molecular diffusion coefficient of naphthenic acid in 
│       water as a heavy oil pollutant by experimental method/extract/log_2025 -
│       Determining the molecular diffusion coefficient of naphthenic acid in 
│       water as a heavy oil pollutant by experimental method.pdf.log
├── ✓ Categorised extracted tables using gemma4:31b (completed in 33.67s) (Total
│   tokens: 1791 in, 122 out)
│   ├── table1.txt: Not flagged (no experimental data, no polymers) (tokens: 
│   │   1039 in, 66 out)
│   └── table2.txt: Not flagged (no experimental data, no polymers) (tokens: 752
│       in, 56 out)
├── ⚠ No tables categorized as containing required parameters. Skipping 
│   interpretation.
└── Total time taken: 58.70s📄 2025 - Diffusion-programmed catalysis in nanoporous material.pdf
├── ✓ Extracted text & tables (completed in 12.65s)
│   ├── Hardware Acceleration: GPU Active (CUDA (NVIDIA A100-SXM4-80GB))
│   ├── Extracted text & tables in-memory
│   ├── Saved cleaned PDF to tests/runs/2026-07-31_17-39-11/2025 - 
│   │   Diffusion-programmed catalysis in nanoporous material/extract/clean_2025
│   │   - Diffusion-programmed catalysis in nanoporous material.pdf
│   ├── Saved unclean markdown to tests/runs/2026-07-31_17-39-11/2025 - 
│   │   Diffusion-programmed catalysis in nanoporous material/extract/output.md
│   ├── Saved cleaned markdown to tests/runs/2026-07-31_17-39-11/2025 - 
│   │   Diffusion-programmed catalysis in nanoporous 
│   │   material/extract/output_clean.md
│   ├── Saved 0 tables (txt & csv) to tests/runs/2026-07-31_17-39-11/2025 - 
│   │   Diffusion-programmed catalysis in nanoporous material/extract/tables
│   └── Saved execution logs to tests/runs/2026-07-31_17-39-11/2025 - 
│       Diffusion-programmed catalysis in nanoporous material/extract/log_2025 -
│       Diffusion-programmed catalysis in nanoporous material.pdf.log
├── ✓ Categorised extracted tables using gemma4:31b (completed in 0.00s)
│   └── No tables found to categorise
├── ⚠ No extracted tables found to interpret.
└── Total time taken: 12.74s📄 2025 - Highly porous metal-organic framework glass design and application for
gas separation membranes.pdf
├── ✓ Extracted text & tables (completed in 23.76s)
│   ├── Hardware Acceleration: GPU Active (CUDA (NVIDIA A100-SXM4-80GB))
│   ├── Extracted text & tables in-memory
│   ├── Saved cleaned PDF to tests/runs/2026-07-31_17-39-11/2025 - Highly porous
│   │   metal-organic framework glass design and application for gas separation 
│   │   membranes/extract/clean_2025 - Highly porous metal-organic framework 
│   │   glass design and application for gas separation membranes.pdf
│   ├── Saved unclean markdown to tests/runs/2026-07-31_17-39-11/2025 - Highly 
│   │   porous metal-organic framework glass design and application for gas 
│   │   separation membranes/extract/output.md
│   ├── Saved cleaned markdown to tests/runs/2026-07-31_17-39-11/2025 - Highly 
│   │   porous metal-organic framework glass design and application for gas 
│   │   separation membranes/extract/output_clean.md
│   ├── Saved 1 tables (txt & csv) to tests/runs/2026-07-31_17-39-11/2025 - 
│   │   Highly porous metal-organic framework glass design and application for 
│   │   gas separation membranes/extract/tables
│   └── Saved execution logs to tests/runs/2026-07-31_17-39-11/2025 - Highly 
│       porous metal-organic framework glass design and application for gas 
│       separation membranes/extract/log_2025 - Highly porous metal-organic 
│       framework glass design and application for gas separation 
│       membranes.pdf.log
├── ✓ Categorised extracted tables using gemma4:31b (completed in 18.34s) (Total
│   tokens: 1576 in, 67 out)
│   └── table1.txt: Not flagged (no experimental data, no polymers) (tokens: 
│       1576 in, 67 out)
├── ⚠ No tables categorized as containing required parameters. Skipping 
│   interpretation.
└── Total time taken: 42.25s📄 2025 - Hydration dynamics of hydrocolloid particles - Part 2_ Molecular 
dynamics simulation and correlation of self-diffusion coefficients with water 
vapor s.pdf
├── ✓ Extracted text & tables (completed in 27.47s)
│   ├── Hardware Acceleration: GPU Active (CUDA (NVIDIA A100-SXM4-80GB))
│   ├── Extracted text & tables in-memory
│   ├── Saved cleaned PDF to tests/runs/2026-07-31_17-39-11/2025 - Hydration 
│   │   dynamics of hydrocolloid particles - Part 2_ Molecular dynamics 
│   │   simulation and correlation of self-diffusion coefficients with water 
│   │   vapor s/extract/clean_2025 - Hydration dynamics of hydrocolloid 
│   │   particles - Part 2_ Molecular dynamics simulation and correlation of 
│   │   self-diffusion coefficients with water vapor s.pdf
│   ├── Saved unclean markdown to tests/runs/2026-07-31_17-39-11/2025 - 
│   │   Hydration dynamics of hydrocolloid particles - Part 2_ Molecular 
│   │   dynamics simulation and correlation of self-diffusion coefficients with 
│   │   water vapor s/extract/output.md
│   ├── Saved cleaned markdown to tests/runs/2026-07-31_17-39-11/2025 - 
│   │   Hydration dynamics of hydrocolloid particles - Part 2_ Molecular 
│   │   dynamics simulation and correlation of self-diffusion coefficients with 
│   │   water vapor s/extract/output_clean.md
│   ├── Saved 4 tables (txt & csv) to tests/runs/2026-07-31_17-39-11/2025 - 
│   │   Hydration dynamics of hydrocolloid particles - Part 2_ Molecular 
│   │   dynamics simulation and correlation of self-diffusion coefficients with 
│   │   water vapor s/extract/tables
│   └── Saved execution logs to tests/runs/2026-07-31_17-39-11/2025 - Hydration 
│       dynamics of hydrocolloid particles - Part 2_ Molecular dynamics 
│       simulation and correlation of self-diffusion coefficients with water 
│       vapor s/extract/log_2025 - Hydration dynamics of hydrocolloid particles 
│       - Part 2_ Molecular dynamics simulation and correlation of 
│       self-diffusion coefficients with water vapor s.pdf.log
├── ✓ Categorised extracted tables using gemma4:31b (completed in 62.38s) (Total
│   tokens: 4494 in, 249 out)
│   ├── table1.txt: Not flagged (no experimental data, no polymers) (tokens: 
│   │   1253 in, 58 out)
│   ├── table2.txt: Not flagged (no experimental data, no polymers) (tokens: 
│   │   1118 in, 67 out)
│   ├── table3.txt: Not flagged (no experimental data, no polymers) (tokens: 
│   │   1228 in, 57 out)
│   └── table4.txt: Not flagged (no experimental data, no polymers) (tokens: 895
│       in, 67 out)
├── ⚠ No tables categorized as containing required parameters. Skipping 
│   interpretation.
└── Total time taken: 89.98s📄 2025 - Molecular dynamics insights into the adsorption mechanism of acidic 
gases over iron based metal organic frameworks.pdf
├── ✓ Extracted text & tables (completed in 59.16s)
│   ├── Hardware Acceleration: GPU Active (CUDA (NVIDIA A100-SXM4-80GB))
│   ├── Extracted text & tables in-memory
│   ├── Saved cleaned PDF to tests/runs/2026-07-31_17-39-11/2025 - Molecular 
│   │   dynamics insights into the adsorption mechanism of acidic gases over 
│   │   iron based metal organic frameworks/extract/clean_2025 - Molecular 
│   │   dynamics insights into the adsorption mechanism of acidic gases over 
│   │   iron based metal organic frameworks.pdf
│   ├── Saved unclean markdown to tests/runs/2026-07-31_17-39-11/2025 - 
│   │   Molecular dynamics insights into the adsorption mechanism of acidic 
│   │   gases over iron based metal organic frameworks/extract/output.md
│   ├── Saved cleaned markdown to tests/runs/2026-07-31_17-39-11/2025 - 
│   │   Molecular dynamics insights into the adsorption mechanism of acidic 
│   │   gases over iron based metal organic frameworks/extract/output_clean.md
│   ├── Saved 2 tables (txt & csv) to tests/runs/2026-07-31_17-39-11/2025 - 
│   │   Molecular dynamics insights into the adsorption mechanism of acidic 
│   │   gases over iron based metal organic frameworks/extract/tables
│   └── Saved execution logs to tests/runs/2026-07-31_17-39-11/2025 - Molecular 
│       dynamics insights into the adsorption mechanism of acidic gases over 
│       iron based metal organic frameworks/extract/log_2025 - Molecular 
│       dynamics insights into the adsorption mechanism of acidic gases over 
│       iron based metal organic frameworks.pdf.log
├── ✓ Categorised extracted tables using gemma4:31b (completed in 32.90s) (Total
│   tokens: 2148 in, 126 out)
│   ├── table1.txt: Not flagged (no experimental data, no polymers) (tokens: 909
│   │   in, 57 out)
│   └── table2.txt: Not flagged (no experimental data, no polymers) (tokens: 
│       1239 in, 69 out)
├── ⚠ No tables categorized as containing required parameters. Skipping 
│   interpretation.
└── Total time taken: 92.26s
Extractor logs for 2025 - Overcoming ‘Diffusion Limits’ – Principles required to
measure high molar mass polymers by diffusion ordered NMR.pdf before crash:
Running: parse_pdf
Raw PDF conversion timings:
{
  "pipeline_total": {
    "scope": "document",
    "count": 1,
    "times": [
      14.576476738089696
    ],
    "start_timestamps": [
      "2026-07-31 22:05:54.807985+00:00"
    ]
  },
  "page_parse": {
    "scope": "page",
    "count": 11,
    "times": [
      0.21317012491635978,
      0.22834037709981203,
      0.24564927606843412,
      0.2544216918759048,
      0.17816870682872832,
      0.19230043306015432,
      0.2617859481833875,
      0.20043286494910717,
      0.2215214290190488,
      0.32559657702222466,
      0.051603096071630716
    ],
    "start_timestamps": [
      "2026-07-31 22:05:54.812029+00:00",
      "2026-07-31 22:05:55.025258+00:00",
      "2026-07-31 22:05:55.253642+00:00",
      "2026-07-31 22:05:55.499334+00:00",
      "2026-07-31 22:05:55.753802+00:00",
      "2026-07-31 22:05:55.932013+00:00",
      "2026-07-31 22:05:56.124363+00:00",
      "2026-07-31 22:05:56.386192+00:00",
      "2026-07-31 22:05:56.586669+00:00",
      "2026-07-31 22:05:56.808231+00:00",
      "2026-07-31 22:05:57.133874+00:00"
    ]
  },
  "ocr": {
    "scope": "page",
    "count": 11,
    "times": [
      3.356464189942926,
      0.1253138838801533,
      0.12058327812701464,
      0.12249851389788091,
      0.6745206930208951,
      0.8102142999414355,
      1.0718473899178207,
      1.407184736104682,
      0.12145704287104309,
      0.12088139005936682,
      0.11835810891352594
    ],
    "start_timestamps": [
      "2026-07-31 22:05:55.025347+00:00",
      "2026-07-31 22:05:58.381907+00:00",
      "2026-07-31 22:05:58.507236+00:00",
      "2026-07-31 22:05:58.627827+00:00",
      "2026-07-31 22:05:58.750336+00:00",
      "2026-07-31 22:05:59.424874+00:00",
      "2026-07-31 22:06:00.235104+00:00",
      "2026-07-31 22:06:01.307011+00:00",
      "2026-07-31 22:06:02.714211+00:00",
      "2026-07-31 22:06:02.835677+00:00",
      "2026-07-31 22:06:02.956569+00:00"
    ]
  },
  "layout": {
    "scope": "page",
    "count": 2,
    "times": [
      0.07113521895371377,
      0.11661911499686539
    ],
    "start_timestamps": [
      "2026-07-31 22:05:58.381993+00:00",
      "2026-07-31 22:06:03.075154+00:00"
    ]
  },
  "table_structure": {
    "scope": "page",
    "count": 11,
    "times": [
      2.6069115847349167e-05,
      5.8380188420414925e-05,
      2.219201996922493e-05,
      1.3805925846099854e-05,
      1.2424075976014137e-05,
      0.39007435203529894,
      2.485699951648712e-05,
      0.26225038105621934,
      3.459514118731022e-05,
      3.134901635348797e-05,
      7.604015991091728e-06
    ],
    "start_timestamps": [
      "2026-07-31 22:05:58.501078+00:00",
      "2026-07-31 22:06:03.509624+00:00",
      "2026-07-31 22:06:03.509687+00:00",
      "2026-07-31 22:06:03.509714+00:00",
      "2026-07-31 22:06:03.509733+00:00",
      "2026-07-31 22:06:03.509788+00:00",
      "2026-07-31 22:06:03.899881+00:00",
      "2026-07-31 22:06:03.899909+00:00",
      "2026-07-31 22:06:04.162178+00:00",
      "2026-07-31 22:06:04.162300+00:00",
      "2026-07-31 22:06:04.162335+00:00"
    ]
  },
  "page_assemble": {
    "scope": "page",
    "count": 11,
    "times": [
      0.002520265057682991,
      0.00032914988696575165,
      0.00032270699739456177,
      0.00047467416152358055,
      0.00018594996072351933,
      0.00036100996658205986,
      0.0002622739411890507,
      0.00023646606132388115,
      0.004441962810233235,
      0.024406300857663155,
      0.00037973513826727867
    ],
    "start_timestamps": [
      "2026-07-31 22:05:58.501185+00:00",
      "2026-07-31 22:06:03.510722+00:00",
      "2026-07-31 22:06:03.511100+00:00",
      "2026-07-31 22:06:03.511443+00:00",
      "2026-07-31 22:06:03.511935+00:00",
      "2026-07-31 22:06:04.162476+00:00",
      "2026-07-31 22:06:04.162878+00:00",
      "2026-07-31 22:06:04.163165+00:00",
      "2026-07-31 22:06:04.163426+00:00",
      "2026-07-31 22:06:04.167892+00:00",
      "2026-07-31 22:06:04.192329+00:00"
    ]
  },
  "doc_assemble": {
    "scope": "document",
    "count": 1,
    "times": [
      0.06521311984397471
    ],
    "start_timestamps": [
      "2026-07-31 22:06:04.192943+00:00"
    ]
  },
  "reading_order": {
    "scope": "document",
    "count": 1,
    "times": [
      0.0646084719337523
    ],
    "start_timestamps": [
      "2026-07-31 22:06:04.193102+00:00"
    ]
  },
  "doc_enrich": {
    "scope": "document",
    "count": 1,
    "times": [
      5.1262559939641505
    ],
    "start_timestamps": [
      "2026-07-31 22:06:04.258183+00:00"
    ]
  }
}
All hyperlinked elements redacted in-memory.
Clean PDF conversion timings:
{
  "pipeline_total": {
    "scope": "document",
    "count": 1,
    "times": [
      29.72994829295203
    ],
    "start_timestamps": [
      "2026-07-31 22:06:10.009690+00:00"
    ]
  },
  "page_parse": {
    "scope": "page",
    "count": 11,
    "times": [
      0.2096322849392891,
      0.21747757494449615,
      0.20909496303647757,
      0.36168395983986557,
      0.18879205803386867,
      0.5183877139352262,
      0.20304317912086844,
      0.22846363997086883,
      0.19970624707639217,
      0.2489547689910978,
      0.048503420082852244
    ],
    "start_timestamps": [
      "2026-07-31 22:06:10.013485+00:00",
      "2026-07-31 22:06:10.223163+00:00",
      "2026-07-31 22:06:10.440678+00:00",
      "2026-07-31 22:06:10.649809+00:00",
      "2026-07-31 22:06:11.011535+00:00",
      "2026-07-31 22:06:11.200371+00:00",
      "2026-07-31 22:06:11.718805+00:00",
      "2026-07-31 22:06:11.921895+00:00",
      "2026-07-31 22:06:12.150413+00:00",
      "2026-07-31 22:06:12.350162+00:00",
      "2026-07-31 22:06:12.599164+00:00"
    ]
  },
  "ocr": {
    "scope": "page",
    "count": 11,
    "times": [
      3.5732263079844415,
      0.12262742687016726,
      0.12079423503018916,
      0.12002911395393312,
      0.6666648129466921,
      0.7999689211137593,
      1.0642227840144187,
      1.4252025180030614,
      0.12072182912379503,
      0.12172836414538324,
      0.12263693497516215
    ],
    "start_timestamps": [
      "2026-07-31 22:06:10.223278+00:00",
      "2026-07-31 22:06:13.796601+00:00",
      "2026-07-31 22:06:13.919243+00:00",
      "2026-07-31 22:06:14.040046+00:00",
      "2026-07-31 22:06:14.160086+00:00",
      "2026-07-31 22:06:14.826768+00:00",
      "2026-07-31 22:06:15.626752+00:00",
      "2026-07-31 22:06:16.690992+00:00",
      "2026-07-31 22:06:18.116211+00:00",
      "2026-07-31 22:06:18.236945+00:00",
      "2026-07-31 22:06:18.358683+00:00"
    ]
  },
  "layout": {
    "scope": "page",
    "count": 2,
    "times": [
      0.07099910313263535,
      0.1320401788689196
    ],
    "start_timestamps": [
      "2026-07-31 22:06:13.796676+00:00",
      "2026-07-31 22:06:18.481569+00:00"
    ]
  },
  "table_structure": {
    "scope": "page",
    "count": 11,
    "times": [
      2.2792955860495567e-05,
      5.1737064495682716e-05,
      2.434616908431053e-05,
      1.478707417845726e-05,
      1.2253178283572197e-05,
      0.3929717179853469,
      1.8605031073093414e-05,
      0.2619053521193564,
      3.6227982491254807e-05,
      14.991355712059885,
      3.0888011679053307e-05
    ],
    "start_timestamps": [
      "2026-07-31 22:06:13.910854+00:00",
      "2026-07-31 22:06:18.954580+00:00",
      "2026-07-31 22:06:18.954638+00:00",
      "2026-07-31 22:06:18.954667+00:00",
      "2026-07-31 22:06:18.954686+00:00",
      "2026-07-31 22:06:18.954743+00:00",
      "2026-07-31 22:06:19.347733+00:00",
      "2026-07-31 22:06:19.347754+00:00",
      "2026-07-31 22:06:19.609679+00:00",
      "2026-07-31 22:06:19.609809+00:00",
      "2026-07-31 22:06:34.601187+00:00"
    ]
  },
  "page_assemble": {
    "scope": "page",
    "count": 11,
    "times": [
      0.001385388197377324,
      0.000485363882035017,
      0.0004729009233415127,
      0.00036617019213736057,
      0.00024925009347498417,
      0.000352273928001523,
      0.00028326292522251606,
      0.00023272796534001827,
      0.00044960714876651764,
      0.00012084795162081718,
      0.00012034596875309944
    ],
    "start_timestamps": [
      "2026-07-31 22:06:13.910934+00:00",
      "2026-07-31 22:06:18.954819+00:00",
      "2026-07-31 22:06:18.955344+00:00",
      "2026-07-31 22:06:18.955836+00:00",
      "2026-07-31 22:06:18.956221+00:00",
      "2026-07-31 22:06:19.610524+00:00",
      "2026-07-31 22:06:19.610915+00:00",
      "2026-07-31 22:06:19.611220+00:00",
      "2026-07-31 22:06:19.611475+00:00",
      "2026-07-31 22:06:34.603232+00:00",
      "2026-07-31 22:06:34.603396+00:00"
    ]
  },
  "doc_assemble": {
    "scope": "document",
    "count": 1,
    "times": [
      0.04664558218792081
    ],
    "start_timestamps": [
      "2026-07-31 22:06:34.603860+00:00"
    ]
  },
  "reading_order": {
    "scope": "document",
    "count": 1,
    "times": [
      0.0458167209289968
    ],
    "start_timestamps": [
      "2026-07-31 22:06:34.604139+00:00"
    ]
  },
  "doc_enrich": {
    "scope": "document",
    "count": 1,
    "times": [
      5.089083577040583
    ],
    "start_timestamps": [
      "2026-07-31 22:06:34.650531+00:00"
    ]
  }
}
Function parse_pdf took 45.0635 seconds to execute.
Running: get_tables
Function get_tables took 0.0001 seconds to execute.
Running: get_surrounding_paragraphs
Function get_surrounding_paragraphs took 0.0001 seconds to execute.

📄 2025 - Overcoming ‘Diffusion Limits’ – Principles required to measure high 
molar mass polymers by diffusion ordered NMR.pdf
├── ✗ Extraction failed: Extraction failed: list index out of range
│   └── Hardware Acceleration: GPU Active (CUDA (NVIDIA A100-SXM4-80GB))
├── ✓ Categorised extracted tables using gemma4:31b (completed in 0.00s)
│   └── No tables found to categorise
├── ⚠ No extracted tables found to interpret.
└── Total time taken: 45.30s📄 2025 - Revealing the Complexity of Polysaccharides Advances in NMR 
Spectroscopy for Structural Elucidation and Functional Characterization.pdf
├── ✓ Extracted text & tables (completed in 18.73s)
│   ├── Hardware Acceleration: GPU Active (CUDA (NVIDIA A100-SXM4-80GB))
│   ├── Extracted text & tables in-memory
│   ├── Saved cleaned PDF to tests/runs/2026-07-31_17-39-11/2025 - Revealing the
│   │   Complexity of Polysaccharides Advances in NMR Spectroscopy for 
│   │   Structural Elucidation and Functional 
│   │   Characterization/extract/clean_2025 - Revealing the Complexity of 
│   │   Polysaccharides Advances in NMR Spectroscopy for Structural Elucidation 
│   │   and Functional Characterization.pdf
│   ├── Saved unclean markdown to tests/runs/2026-07-31_17-39-11/2025 - 
│   │   Revealing the Complexity of Polysaccharides Advances in NMR Spectroscopy
│   │   for Structural Elucidation and Functional 
│   │   Characterization/extract/output.md
│   ├── Saved cleaned markdown to tests/runs/2026-07-31_17-39-11/2025 - 
│   │   Revealing the Complexity of Polysaccharides Advances in NMR Spectroscopy
│   │   for Structural Elucidation and Functional 
│   │   Characterization/extract/output_clean.md
│   ├── Saved 8 tables (txt & csv) to tests/runs/2026-07-31_17-39-11/2025 - 
│   │   Revealing the Complexity of Polysaccharides Advances in NMR Spectroscopy
│   │   for Structural Elucidation and Functional 
│   │   Characterization/extract/tables
│   └── Saved execution logs to tests/runs/2026-07-31_17-39-11/2025 - Revealing 
│       the Complexity of Polysaccharides Advances in NMR Spectroscopy for 
│       Structural Elucidation and Functional Characterization/extract/log_2025 
│       - Revealing the Complexity of Polysaccharides Advances in NMR 
│       Spectroscopy for Structural Elucidation and Functional 
│       Characterization.pdf.log
├── ✓ Categorised extracted tables using gemma4:31b (completed in 121.60s) 
│   (Total tokens: 13813 in, 476 out)
│   ├── table1.txt: Not flagged (no experimental data, no polymers) (tokens: 944
│   │   in, 54 out)
│   ├── table2.txt: Not flagged (no experimental data, no polymers) (tokens: 717
│   │   in, 54 out)
│   ├── table3.txt: Not flagged (no experimental data, no polymers) (tokens: 
│   │   1171 in, 55 out)
│   ├── table4.txt: Not flagged (no experimental data, no polymers) (tokens: 919
│   │   in, 67 out)
│   ├── table5.txt: Not flagged (no experimental data, no polymers) (tokens: 
│   │   1046 in, 66 out)
│   ├── table6.txt: Not flagged (no experimental data, no polymers) (tokens: 
│   │   1445 in, 69 out)
│   ├── table7.txt: Not flagged (no experimental data, no polymers) (tokens: 
│   │   1048 in, 57 out)
│   └── table8.txt: Not flagged (no experimental data, no polymers) (tokens: 
│       6523 in, 54 out)
├── ⚠ No tables categorized as containing required parameters. Skipping 
│   interpretation.
└── Total time taken: 140.55s📄 2025 - Silva - Polymer Dispersity Determination by Diffusion‐Ordered 
Spectroscopy.pdf
├── ✓ Extracted text & tables (completed in 102.59s)
│   ├── Hardware Acceleration: GPU Active (CUDA (NVIDIA A100-SXM4-80GB))
│   ├── Extracted text & tables in-memory
│   ├── Saved cleaned PDF to tests/runs/2026-07-31_17-39-11/2025 - Silva - 
│   │   Polymer Dispersity Determination by Diffusion‐Ordered 
│   │   Spectroscopy/extract/clean_2025 - Silva - Polymer Dispersity 
│   │   Determination by Diffusion‐Ordered Spectroscopy.pdf
│   ├── Saved unclean markdown to tests/runs/2026-07-31_17-39-11/2025 - Silva - 
│   │   Polymer Dispersity Determination by Diffusion‐Ordered 
│   │   Spectroscopy/extract/output.md
│   ├── Saved cleaned markdown to tests/runs/2026-07-31_17-39-11/2025 - Silva - 
│   │   Polymer Dispersity Determination by Diffusion‐Ordered 
│   │   Spectroscopy/extract/output_clean.md
│   ├── Saved 0 tables (txt & csv) to tests/runs/2026-07-31_17-39-11/2025 - 
│   │   Silva - Polymer Dispersity Determination by Diffusion‐Ordered 
│   │   Spectroscopy/extract/tables
│   └── Saved execution logs to tests/runs/2026-07-31_17-39-11/2025 - Silva - 
│       Polymer Dispersity Determination by Diffusion‐Ordered 
│       Spectroscopy/extract/log_2025 - Silva - Polymer Dispersity Determination
│       by Diffusion‐Ordered Spectroscopy.pdf.log
├── ✓ Categorised extracted tables using gemma4:31b (completed in 0.00s)
│   └── No tables found to categorise
├── ⚠ No extracted tables found to interpret.
└── Total time taken: 102.67s📄 2025 - 
maddflosy(mass-determination-via-diffusion-in-flow-ordered-spectroscopy)-for-the
-determination-of-diffusion-averaged.pdf
├── ✓ Extracted text & tables (completed in 96.64s)
│   ├── Hardware Acceleration: GPU Active (CUDA (NVIDIA A100-SXM4-80GB))
│   ├── Extracted text & tables in-memory
│   ├── Saved cleaned PDF to tests/runs/2026-07-31_17-39-11/2025 - 
│   │   maddflosy(mass-determination-via-diffusion-in-flow-ordered-spectroscopy)
│   │   -for-the-determination-of-diffusion-averaged/extract/clean_2025 - 
│   │   maddflosy(mass-determination-via-diffusion-in-flow-ordered-spectroscopy)
│   │   -for-the-determination-of-diffusion-averaged.pdf
│   ├── Saved unclean markdown to tests/runs/2026-07-31_17-39-11/2025 - 
│   │   maddflosy(mass-determination-via-diffusion-in-flow-ordered-spectroscopy)
│   │   -for-the-determination-of-diffusion-averaged/extract/output.md
│   ├── Saved cleaned markdown to tests/runs/2026-07-31_17-39-11/2025 - 
│   │   maddflosy(mass-determination-via-diffusion-in-flow-ordered-spectroscopy)
│   │   -for-the-determination-of-diffusion-averaged/extract/output_clean.md
│   ├── Saved 1 tables (txt & csv) to tests/runs/2026-07-31_17-39-11/2025 - 
│   │   maddflosy(mass-determination-via-diffusion-in-flow-ordered-spectroscopy)
│   │   -for-the-determination-of-diffusion-averaged/extract/tables
│   └── Saved execution logs to tests/runs/2026-07-31_17-39-11/2025 - 
│       maddflosy(mass-determination-via-diffusion-in-flow-ordered-spectroscopy)
│       -for-the-determination-of-diffusion-averaged/extract/log_2025 - 
│       maddflosy(mass-determination-via-diffusion-in-flow-ordered-spectroscopy)
│       -for-the-determination-of-diffusion-averaged.pdf.log
├── ✓ Categorised extracted tables using gemma4:31b (completed in 27.46s) (Total
│   tokens: 1406 in, 78 out)
│   └── table1.txt: Not flagged (no polymers) (tokens: 1406 in, 78 out)
├── ⚠ No tables categorized as containing required parameters. Skipping 
│   interpretation.
└── Total time taken: 124.37s📄 2026 - A Dual‐Piezoelectric Metal–Organic Cage_COF Z‐Scheme Heterojunction 
for Solar‐Mechanical Water Splitting.pdf
├── ✓ Extracted text & tables (completed in 116.15s)
│   ├── Hardware Acceleration: GPU Active (CUDA (NVIDIA A100-SXM4-80GB))
│   ├── Extracted text & tables in-memory
│   ├── Saved cleaned PDF to tests/runs/2026-07-31_17-39-11/2026 - A 
│   │   Dual‐Piezoelectric Metal–Organic Cage_COF Z‐Scheme Heterojunction for 
│   │   Solar‐Mechanical Water Splitting/extract/clean_2026 - A 
│   │   Dual‐Piezoelectric Metal–Organic Cage_COF Z‐Scheme Heterojunction for 
│   │   Solar‐Mechanical Water Splitting.pdf
│   ├── Saved unclean markdown to tests/runs/2026-07-31_17-39-11/2026 - A 
│   │   Dual‐Piezoelectric Metal–Organic Cage_COF Z‐Scheme Heterojunction for 
│   │   Solar‐Mechanical Water Splitting/extract/output.md
│   ├── Saved cleaned markdown to tests/runs/2026-07-31_17-39-11/2026 - A 
│   │   Dual‐Piezoelectric Metal–Organic Cage_COF Z‐Scheme Heterojunction for 
│   │   Solar‐Mechanical Water Splitting/extract/output_clean.md
│   ├── Saved 0 tables (txt & csv) to tests/runs/2026-07-31_17-39-11/2026 - A 
│   │   Dual‐Piezoelectric Metal–Organic Cage_COF Z‐Scheme Heterojunction for 
│   │   Solar‐Mechanical Water Splitting/extract/tables
│   └── Saved execution logs to tests/runs/2026-07-31_17-39-11/2026 - A 
│       Dual‐Piezoelectric Metal–Organic Cage_COF Z‐Scheme Heterojunction for 
│       Solar‐Mechanical Water Splitting/extract/log_2026 - A Dual‐Piezoelectric
│       Metal–Organic Cage_COF Z‐Scheme Heterojunction for Solar‐Mechanical 
│       Water Splitting.pdf.log
├── ✓ Categorised extracted tables using gemma4:31b (completed in 0.00s)
│   └── No tables found to categorise
├── ⚠ No extracted tables found to interpret.
└── Total time taken: 116.33s📄 2026 - A Molecular Dynamics Investigation of Wax Crystallization in Crude Oil
under Varying Pressures, Temperatures, and CO _sub_2__sub_ Contents.pdf
├── ✓ Extracted text & tables (completed in 25.01s)
│   ├── Hardware Acceleration: GPU Active (CUDA (NVIDIA A100-SXM4-80GB))
│   ├── Extracted text & tables in-memory
│   ├── Saved cleaned PDF to tests/runs/2026-07-31_17-39-11/2026 - A Molecular 
│   │   Dynamics Investigation of Wax Crystallization in Crude Oil under Varying
│   │   Pressures, Temperatures, and CO _sub_2__sub_ Contents/extract/clean_2026
│   │   - A Molecular Dynamics Investigation of Wax Crystallization in Crude Oil
│   │   under Varying Pressures, Temperatures, and CO _sub_2__sub_ Contents.pdf
│   ├── Saved unclean markdown to tests/runs/2026-07-31_17-39-11/2026 - A 
│   │   Molecular Dynamics Investigation of Wax Crystallization in Crude Oil 
│   │   under Varying Pressures, Temperatures, and CO _sub_2__sub_ 
│   │   Contents/extract/output.md
│   ├── Saved cleaned markdown to tests/runs/2026-07-31_17-39-11/2026 - A 
│   │   Molecular Dynamics Investigation of Wax Crystallization in Crude Oil 
│   │   under Varying Pressures, Temperatures, and CO _sub_2__sub_ 
│   │   Contents/extract/output_clean.md
│   ├── Saved 9 tables (txt & csv) to tests/runs/2026-07-31_17-39-11/2026 - A 
│   │   Molecular Dynamics Investigation of Wax Crystallization in Crude Oil 
│   │   under Varying Pressures, Temperatures, and CO _sub_2__sub_ 
│   │   Contents/extract/tables
│   └── Saved execution logs to tests/runs/2026-07-31_17-39-11/2026 - A 
│       Molecular Dynamics Investigation of Wax Crystallization in Crude Oil 
│       under Varying Pressures, Temperatures, and CO _sub_2__sub_ 
│       Contents/extract/log_2026 - A Molecular Dynamics Investigation of Wax 
│       Crystallization in Crude Oil under Varying Pressures, Temperatures, and 
│       CO _sub_2__sub_ Contents.pdf.log
├── ✓ Categorised extracted tables using gemma4:31b (completed in 173.33s) 
│   (Total tokens: 10600 in, 642 out)
│   ├── table1.txt: raw (tokens: 1753 in, 57 out)
│   ├── table2.txt: Not flagged (no experimental data, no polymers) (tokens: 
│   │   1493 in, 55 out)
│   ├── table3.txt: Not flagged (no experimental data, no polymers) (tokens: 
│   │   1037 in, 57 out)
│   ├── table4.txt: Not flagged (no experimental data, no polymers) (tokens: 
│   │   1073 in, 90 out)
│   ├── table5.txt: Not flagged (no experimental data, no polymers) (tokens: 
│   │   1038 in, 55 out)
│   ├── table6.txt: Not flagged (no experimental data, no polymers) (tokens: 
│   │   1026 in, 87 out)
│   ├── table7.txt: Not flagged (no experimental data, no polymers) (tokens: 
│   │   1043 in, 87 out)
│   ├── table8.txt: Not flagged (no experimental data, no polymers) (tokens: 
│   │   1039 in, 87 out)
│   └── table9.txt: Not flagged (no experimental data, no polymers) (tokens: 
│       1098 in, 67 out)
├── ⚠ No tables categorized as containing required parameters. Skipping 
│   interpretation.
└── Total time taken: 198.98s📄 2026 - A multi-objective optimization-driven screening approach for 
maximizing hydrogen storage capacities in MOFs.pdf
├── ✓ Extracted text & tables (completed in 23.31s)
│   ├── Hardware Acceleration: GPU Active (CUDA (NVIDIA A100-SXM4-80GB))
│   ├── Extracted text & tables in-memory
│   ├── Saved cleaned PDF to tests/runs/2026-07-31_17-39-11/2026 - A 
│   │   multi-objective optimization-driven screening approach for maximizing 
│   │   hydrogen storage capacities in MOFs/extract/clean_2026 - A 
│   │   multi-objective optimization-driven screening approach for maximizing 
│   │   hydrogen storage capacities in MOFs.pdf
│   ├── Saved unclean markdown to tests/runs/2026-07-31_17-39-11/2026 - A 
│   │   multi-objective optimization-driven screening approach for maximizing 
│   │   hydrogen storage capacities in MOFs/extract/output.md
│   ├── Saved cleaned markdown to tests/runs/2026-07-31_17-39-11/2026 - A 
│   │   multi-objective optimization-driven screening approach for maximizing 
│   │   hydrogen storage capacities in MOFs/extract/output_clean.md
│   ├── Saved 8 tables (txt & csv) to tests/runs/2026-07-31_17-39-11/2026 - A 
│   │   multi-objective optimization-driven screening approach for maximizing 
│   │   hydrogen storage capacities in MOFs/extract/tables
│   └── Saved execution logs to tests/runs/2026-07-31_17-39-11/2026 - A 
│       multi-objective optimization-driven screening approach for maximizing 
│       hydrogen storage capacities in MOFs/extract/log_2026 - A multi-objective
│       optimization-driven screening approach for maximizing hydrogen storage 
│       capacities in MOFs.pdf.log
├── ✓ Categorised extracted tables using gemma4:31b (completed in 143.23s) 
│   (Total tokens: 12291 in, 501 out)
│   ├── table1.txt: Not flagged (no experimental data, no polymers) (tokens: 
│   │   1796 in, 67 out)
│   ├── table2.txt: Not flagged (no experimental data, no polymers) (tokens: 
│   │   1366 in, 55 out)
│   ├── table3.txt: Not flagged (no experimental data, no polymers) (tokens: 
│   │   1105 in, 67 out)
│   ├── table4.txt: Not flagged (no experimental data, no polymers) (tokens: 
│   │   1948 in, 67 out)
│   ├── table5.txt: Not flagged (no experimental data, no polymers) (tokens: 
│   │   2176 in, 67 out)
│   ├── table6.txt: Not flagged (no experimental data, no polymers) (tokens: 
│   │   1445 in, 56 out)
│   ├── table7.txt: Not flagged (no experimental data, no polymers) (tokens: 
│   │   1184 in, 67 out)
│   └── table8.txt: Not flagged (no experimental data, no polymers) (tokens: 
│       1271 in, 55 out)
├── ⚠ No tables categorized as containing required parameters. Skipping 
│   interpretation.
└── Total time taken: 166.82s📄 2026 - A neutral cyclic aluminium (I) trimer.pdf
├── ✓ Extracted text & tables (completed in 18.27s)
│   ├── Hardware Acceleration: GPU Active (CUDA (NVIDIA A100-SXM4-80GB))
│   ├── Extracted text & tables in-memory
│   ├── Saved cleaned PDF to tests/runs/2026-07-31_17-39-11/2026 - A neutral 
│   │   cyclic aluminium (I) trimer/extract/clean_2026 - A neutral cyclic 
│   │   aluminium (I) trimer.pdf
│   ├── Saved unclean markdown to tests/runs/2026-07-31_17-39-11/2026 - A 
│   │   neutral cyclic aluminium (I) trimer/extract/output.md
│   ├── Saved cleaned markdown to tests/runs/2026-07-31_17-39-11/2026 - A 
│   │   neutral cyclic aluminium (I) trimer/extract/output_clean.md
│   ├── Saved 0 tables (txt & csv) to tests/runs/2026-07-31_17-39-11/2026 - A 
│   │   neutral cyclic aluminium (I) trimer/extract/tables
│   └── Saved execution logs to tests/runs/2026-07-31_17-39-11/2026 - A neutral 
│       cyclic aluminium (I) trimer/extract/log_2026 - A neutral cyclic 
│       aluminium (I) trimer.pdf.log
├── ✓ Categorised extracted tables using gemma4:31b (completed in 0.00s)
│   └── No tables found to categorise
├── ⚠ No extracted tables found to interpret.
└── Total time taken: 18.36s📄 2026 - Adsorption-Coupled Oxidation of Single Ag Nanoparticles as Resolved by
Stochastic Scanning Electrochemical Microscopy.pdf
├── ✓ Extracted text & tables (completed in 99.99s)
│   ├── Hardware Acceleration: GPU Active (CUDA (NVIDIA A100-SXM4-80GB))
│   ├── Extracted text & tables in-memory
│   ├── Saved cleaned PDF to tests/runs/2026-07-31_17-39-11/2026 - 
│   │   Adsorption-Coupled Oxidation of Single Ag Nanoparticles as Resolved by 
│   │   Stochastic Scanning Electrochemical Microscopy/extract/clean_2026 - 
│   │   Adsorption-Coupled Oxidation of Single Ag Nanoparticles as Resolved by 
│   │   Stochastic Scanning Electrochemical Microscopy.pdf
│   ├── Saved unclean markdown to tests/runs/2026-07-31_17-39-11/2026 - 
│   │   Adsorption-Coupled Oxidation of Single Ag Nanoparticles as Resolved by 
│   │   Stochastic Scanning Electrochemical Microscopy/extract/output.md
│   ├── Saved cleaned markdown to tests/runs/2026-07-31_17-39-11/2026 - 
│   │   Adsorption-Coupled Oxidation of Single Ag Nanoparticles as Resolved by 
│   │   Stochastic Scanning Electrochemical Microscopy/extract/output_clean.md
│   ├── Saved 0 tables (txt & csv) to tests/runs/2026-07-31_17-39-11/2026 - 
│   │   Adsorption-Coupled Oxidation of Single Ag Nanoparticles as Resolved by 
│   │   Stochastic Scanning Electrochemical Microscopy/extract/tables
│   └── Saved execution logs to tests/runs/2026-07-31_17-39-11/2026 - 
│       Adsorption-Coupled Oxidation of Single Ag Nanoparticles as Resolved by 
│       Stochastic Scanning Electrochemical Microscopy/extract/log_2026 - 
│       Adsorption-Coupled Oxidation of Single Ag Nanoparticles as Resolved by 
│       Stochastic Scanning Electrochemical Microscopy.pdf.log
├── ✓ Categorised extracted tables using gemma4:31b (completed in 0.00s)
│   └── No tables found to categorise
├── ⚠ No extracted tables found to interpret.
└── Total time taken: 100.26s📄 2026 - Advanced mixed-linker UiO-66 MOFs as high-performance functional 
materials for removing emerging contaminants_ DFT-guided design and real 
wastewater v.pdf
├── ✓ Extracted text & tables (completed in 50.37s)
│   ├── Hardware Acceleration: GPU Active (CUDA (NVIDIA A100-SXM4-80GB))
│   ├── Extracted text & tables in-memory
│   ├── Saved cleaned PDF to tests/runs/2026-07-31_17-39-11/2026 - Advanced 
│   │   mixed-linker UiO-66 MOFs as high-performance functional materials for 
│   │   removing emerging contaminants_ DFT-guided design and real wastewater 
│   │   v/extract/clean_2026 - Advanced mixed-linker UiO-66 MOFs as 
│   │   high-performance functional materials for removing emerging 
│   │   contaminants_ DFT-guided design and real wastewater v.pdf
│   ├── Saved unclean markdown to tests/runs/2026-07-31_17-39-11/2026 - Advanced
│   │   mixed-linker UiO-66 MOFs as high-performance functional materials for 
│   │   removing emerging contaminants_ DFT-guided design and real wastewater 
│   │   v/extract/output.md
│   ├── Saved cleaned markdown to tests/runs/2026-07-31_17-39-11/2026 - Advanced
│   │   mixed-linker UiO-66 MOFs as high-performance functional materials for 
│   │   removing emerging contaminants_ DFT-guided design and real wastewater 
│   │   v/extract/output_clean.md
│   ├── Saved 8 tables (txt & csv) to tests/runs/2026-07-31_17-39-11/2026 - 
│   │   Advanced mixed-linker UiO-66 MOFs as high-performance functional 
│   │   materials for removing emerging contaminants_ DFT-guided design and real
│   │   wastewater v/extract/tables
│   └── Saved execution logs to tests/runs/2026-07-31_17-39-11/2026 - Advanced 
│       mixed-linker UiO-66 MOFs as high-performance functional materials for 
│       removing emerging contaminants_ DFT-guided design and real wastewater 
│       v/extract/log_2026 - Advanced mixed-linker UiO-66 MOFs as 
│       high-performance functional materials for removing emerging 
│       contaminants_ DFT-guided design and real wastewater v.pdf.log
├── ✓ Categorised extracted tables using gemma4:31b (completed in 139.97s) 
│   (Total tokens: 10151 in, 457 out)
│   ├── table1.txt: Not flagged (no experimental data, no polymers) (tokens: 
│   │   1240 in, 55 out)
│   ├── table2.txt: Not flagged (no polymers) (tokens: 1414 in, 55 out)
│   ├── table3.txt: Not flagged (no experimental data, no polymers) (tokens: 
│   │   1138 in, 58 out)
│   ├── table4.txt: Not flagged (no experimental data, no polymers) (tokens: 
│   │   1355 in, 55 out)
│   ├── table5.txt: Not flagged (no polymers) (tokens: 1220 in, 57 out)
│   ├── table6.txt: Not flagged (no experimental data, no polymers) (tokens: 
│   │   1398 in, 55 out)
│   ├── table7.txt: Not flagged (no experimental data, no polymers) (tokens: 
│   │   1334 in, 67 out)
│   └── table8.txt: Not flagged (no experimental data, no polymers) (tokens: 
│       1052 in, 55 out)
├── ⚠ No tables categorized as containing required parameters. Skipping 
│   interpretation.
└── Total time taken: 190.54s📄 2026 - Assessment of Optical Properties and Monte Carlo Multilayered 
Simulation of Light Propagation in Cherries for SSC and MC Detection.pdf
├── ✓ Extracted text & tables (completed in 109.48s)
│   ├── Hardware Acceleration: GPU Active (CUDA (NVIDIA A100-SXM4-80GB))
│   ├── Extracted text & tables in-memory
│   ├── Saved cleaned PDF to tests/runs/2026-07-31_17-39-11/2026 - Assessment of
│   │   Optical Properties and Monte Carlo Multilayered Simulation of Light 
│   │   Propagation in Cherries for SSC and MC Detection/extract/clean_2026 - 
│   │   Assessment of Optical Properties and Monte Carlo Multilayered Simulation
│   │   of Light Propagation in Cherries for SSC and MC Detection.pdf
│   ├── Saved unclean markdown to tests/runs/2026-07-31_17-39-11/2026 - 
│   │   Assessment of Optical Properties and Monte Carlo Multilayered Simulation
│   │   of Light Propagation in Cherries for SSC and MC 
│   │   Detection/extract/output.md
│   ├── Saved cleaned markdown to tests/runs/2026-07-31_17-39-11/2026 - 
│   │   Assessment of Optical Properties and Monte Carlo Multilayered Simulation
│   │   of Light Propagation in Cherries for SSC and MC 
│   │   Detection/extract/output_clean.md
│   ├── Saved 5 tables (txt & csv) to tests/runs/2026-07-31_17-39-11/2026 - 
│   │   Assessment of Optical Properties and Monte Carlo Multilayered Simulation
│   │   of Light Propagation in Cherries for SSC and MC Detection/extract/tables
│   └── Saved execution logs to tests/runs/2026-07-31_17-39-11/2026 - Assessment
│       of Optical Properties and Monte Carlo Multilayered Simulation of Light 
│       Propagation in Cherries for SSC and MC Detection/extract/log_2026 - 
│       Assessment of Optical Properties and Monte Carlo Multilayered Simulation
│       of Light Propagation in Cherries for SSC and MC Detection.pdf.log
├── ✓ Categorised extracted tables using gemma4:31b (completed in 80.86s) (Total
│   tokens: 10416 in, 317 out)
│   ├── table1.txt: Not flagged (no experimental data, no polymers) (tokens: 
│   │   1215 in, 69 out)
│   ├── table2.txt: Not flagged (no experimental data, no polymers) (tokens: 
│   │   5171 in, 54 out)
│   ├── table3.txt: Not flagged (no experimental data, no polymers) (tokens: 
│   │   1170 in, 58 out)
│   ├── table4.txt: Not flagged (no experimental data, no polymers) (tokens: 
│   │   1353 in, 67 out)
│   └── table5.txt: Not flagged (no experimental data, no polymers) (tokens: 
│       1507 in, 69 out)
├── ⚠ No tables categorized as containing required parameters. Skipping 
│   interpretation.
└── Total time taken: 190.62s📄 2026 - Asymmetric Xanthene with Noncovalent Conformation Locks to Attain High
Fluorescence &gt;1500 nm.pdf
├── ✓ Extracted text & tables (completed in 28.25s)
│   ├── Hardware Acceleration: GPU Active (CUDA (NVIDIA A100-SXM4-80GB))
│   ├── Extracted text & tables in-memory
│   ├── Saved cleaned PDF to tests/runs/2026-07-31_17-39-11/2026 - Asymmetric 
│   │   Xanthene with Noncovalent Conformation Locks to Attain High Fluorescence
│   │   &gt;1500 nm/extract/clean_2026 - Asymmetric Xanthene with Noncovalent 
│   │   Conformation Locks to Attain High Fluorescence &gt;1500 nm.pdf
│   ├── Saved unclean markdown to tests/runs/2026-07-31_17-39-11/2026 - 
│   │   Asymmetric Xanthene with Noncovalent Conformation Locks to Attain High 
│   │   Fluorescence &gt;1500 nm/extract/output.md
│   ├── Saved cleaned markdown to tests/runs/2026-07-31_17-39-11/2026 - 
│   │   Asymmetric Xanthene with Noncovalent Conformation Locks to Attain High 
│   │   Fluorescence &gt;1500 nm/extract/output_clean.md
│   ├── Saved 3 tables (txt & csv) to tests/runs/2026-07-31_17-39-11/2026 - 
│   │   Asymmetric Xanthene with Noncovalent Conformation Locks to Attain High 
│   │   Fluorescence &gt;1500 nm/extract/tables
│   └── Saved execution logs to tests/runs/2026-07-31_17-39-11/2026 - Asymmetric
│       Xanthene with Noncovalent Conformation Locks to Attain High Fluorescence
│       &gt;1500 nm/extract/log_2026 - Asymmetric Xanthene with Noncovalent 
│       Conformation Locks to Attain High Fluorescence &gt;1500 nm.pdf.log
├── ✓ Categorised extracted tables using gemma4:31b (completed in 58.28s) (Total
│   tokens: 7642 in, 177 out)
│   ├── table1.txt: Not flagged (no polymers) (tokens: 2355 in, 55 out)
│   ├── table2.txt: Not flagged (no experimental data, no polymers) (tokens: 
│   │   2169 in, 67 out)
│   └── table3.txt: Not flagged (no experimental data, no polymers) (tokens: 
│       3118 in, 55 out)
├── ⚠ No tables categorized as containing required parameters. Skipping 
│   interpretation.
└── Total time taken: 86.81s📄 2026 - Atomically thin gold embedded in inkjet-printed PVA hydrogels_ 
flexible catalysts for ambient phenol degradation.pdf
├── ✓ Extracted text & tables (completed in 32.46s)
│   ├── Hardware Acceleration: GPU Active (CUDA (NVIDIA A100-SXM4-80GB))
│   ├── Extracted text & tables in-memory
│   ├── Saved cleaned PDF to tests/runs/2026-07-31_17-39-11/2026 - Atomically 
│   │   thin gold embedded in inkjet-printed PVA hydrogels_ flexible catalysts 
│   │   for ambient phenol degradation/extract/clean_2026 - Atomically thin gold
│   │   embedded in inkjet-printed PVA hydrogels_ flexible catalysts for ambient
│   │   phenol degradation.pdf
│   ├── Saved unclean markdown to tests/runs/2026-07-31_17-39-11/2026 - 
│   │   Atomically thin gold embedded in inkjet-printed PVA hydrogels_ flexible 
│   │   catalysts for ambient phenol degradation/extract/output.md
│   ├── Saved cleaned markdown to tests/runs/2026-07-31_17-39-11/2026 - 
│   │   Atomically thin gold embedded in inkjet-printed PVA hydrogels_ flexible 
│   │   catalysts for ambient phenol degradation/extract/output_clean.md
│   ├── Saved 0 tables (txt & csv) to tests/runs/2026-07-31_17-39-11/2026 - 
│   │   Atomically thin gold embedded in inkjet-printed PVA hydrogels_ flexible 
│   │   catalysts for ambient phenol degradation/extract/tables
│   └── Saved execution logs to tests/runs/2026-07-31_17-39-11/2026 - Atomically
│       thin gold embedded in inkjet-printed PVA hydrogels_ flexible catalysts 
│       for ambient phenol degradation/extract/log_2026 - Atomically thin gold 
│       embedded in inkjet-printed PVA hydrogels_ flexible catalysts for ambient
│       phenol degradation.pdf.log
├── ✓ Categorised extracted tables using gemma4:31b (completed in 0.00s)
│   └── No tables found to categorise
├── ⚠ No extracted tables found to interpret.
└── Total time taken: 32.55s📄 2026 - Atomistic insights into fluoride ion conduction in Ba1−xSnxF2 from 19F
PFG-NMR studies.pdf
├── ✓ Extracted text & tables (completed in 16.99s)
│   ├── Hardware Acceleration: GPU Active (CUDA (NVIDIA A100-SXM4-80GB))
│   ├── Extracted text & tables in-memory
│   ├── Saved cleaned PDF to tests/runs/2026-07-31_17-39-11/2026 - Atomistic 
│   │   insights into fluoride ion conduction in Ba1−xSnxF2 from 19F PFG-NMR 
│   │   studies/extract/clean_2026 - Atomistic insights into fluoride ion 
│   │   conduction in Ba1−xSnxF2 from 19F PFG-NMR studies.pdf
│   ├── Saved unclean markdown to tests/runs/2026-07-31_17-39-11/2026 - 
│   │   Atomistic insights into fluoride ion conduction in Ba1−xSnxF2 from 19F 
│   │   PFG-NMR studies/extract/output.md
│   ├── Saved cleaned markdown to tests/runs/2026-07-31_17-39-11/2026 - 
│   │   Atomistic insights into fluoride ion conduction in Ba1−xSnxF2 from 19F 
│   │   PFG-NMR studies/extract/output_clean.md
│   ├── Saved 2 tables (txt & csv) to tests/runs/2026-07-31_17-39-11/2026 - 
│   │   Atomistic insights into fluoride ion conduction in Ba1−xSnxF2 from 19F 
│   │   PFG-NMR studies/extract/tables
│   └── Saved execution logs to tests/runs/2026-07-31_17-39-11/2026 - Atomistic 
│       insights into fluoride ion conduction in Ba1−xSnxF2 from 19F PFG-NMR 
│       studies/extract/log_2026 - Atomistic insights into fluoride ion 
│       conduction in Ba1−xSnxF2 from 19F PFG-NMR studies.pdf.log
├── ✓ Categorised extracted tables using gemma4:31b (completed in 34.73s) (Total
│   tokens: 2805 in, 157 out)
│   ├── table1.txt: Not flagged (no polymers) (tokens: 1730 in, 78 out)
│   └── table2.txt: Not flagged (no polymers) (tokens: 1075 in, 79 out)
├── ⚠ No tables categorized as containing required parameters. Skipping 
│   interpretation.
└── Total time taken: 51.93s📄 2026 - Bi(III) Ion Electroreduction in the Presence of Ethanol and Sodium 
1‐Octanesulfonate at a Thin‐Layer Amalgam Electrode (Renewable Liquid Silver 
Amalga.pdf
├── ✓ Extracted text & tables (completed in 112.63s)
│   ├── Hardware Acceleration: GPU Active (CUDA (NVIDIA A100-SXM4-80GB))
│   ├── Extracted text & tables in-memory
│   ├── Saved cleaned PDF to tests/runs/2026-07-31_17-39-11/2026 - Bi(III) Ion 
│   │   Electroreduction in the Presence of Ethanol and Sodium 1‐Octanesulfonate
│   │   at a Thin‐Layer Amalgam Electrode (Renewable Liquid Silver 
│   │   Amalga/extract/clean_2026 - Bi(III) Ion Electroreduction in the Presence
│   │   of Ethanol and Sodium 1‐Octanesulfonate at a Thin‐Layer Amalgam 
│   │   Electrode (Renewable Liquid Silver Amalga.pdf
│   ├── Saved unclean markdown to tests/runs/2026-07-31_17-39-11/2026 - Bi(III) 
│   │   Ion Electroreduction in the Presence of Ethanol and Sodium 
│   │   1‐Octanesulfonate at a Thin‐Layer Amalgam Electrode (Renewable Liquid 
│   │   Silver Amalga/extract/output.md
│   ├── Saved cleaned markdown to tests/runs/2026-07-31_17-39-11/2026 - Bi(III) 
│   │   Ion Electroreduction in the Presence of Ethanol and Sodium 
│   │   1‐Octanesulfonate at a Thin‐Layer Amalgam Electrode (Renewable Liquid 
│   │   Silver Amalga/extract/output_clean.md
│   ├── Saved 4 tables (txt & csv) to tests/runs/2026-07-31_17-39-11/2026 - 
│   │   Bi(III) Ion Electroreduction in the Presence of Ethanol and Sodium 
│   │   1‐Octanesulfonate at a Thin‐Layer Amalgam Electrode (Renewable Liquid 
│   │   Silver Amalga/extract/tables
│   └── Saved execution logs to tests/runs/2026-07-31_17-39-11/2026 - Bi(III) 
│       Ion Electroreduction in the Presence of Ethanol and Sodium 
│       1‐Octanesulfonate at a Thin‐Layer Amalgam Electrode (Renewable Liquid 
│       Silver Amalga/extract/log_2026 - Bi(III) Ion Electroreduction in the 
│       Presence of Ethanol and Sodium 1‐Octanesulfonate at a Thin‐Layer Amalgam
│       Electrode (Renewable Liquid Silver Amalga.pdf.log
├── ✓ Categorised extracted tables using gemma4:31b (completed in 71.09s) (Total
│   tokens: 8092 in, 260 out)
│   ├── table1.txt: Not flagged (no polymers) (tokens: 2603 in, 57 out)
│   ├── table2.txt: Not flagged (no experimental data, no polymers) (tokens: 
│   │   2511 in, 69 out)
│   ├── table3.txt: Not flagged (no experimental data, no polymers) (tokens: 
│   │   1002 in, 67 out)
│   └── table4.txt: Not flagged (no experimental data, no polymers) (tokens: 
│       1976 in, 67 out)
├── ⚠ No tables categorized as containing required parameters. Skipping 
│   interpretation.
└── Total time taken: 183.91s📄 2026 - Calixarene-Based Nanostructures for Delivering Coumarin 6 for 
Tumor-Cell Imaging and Photoinduced Toxicity.pdf
├── ✓ Extracted text & tables (completed in 110.86s)
│   ├── Hardware Acceleration: GPU Active (CUDA (NVIDIA A100-SXM4-80GB))
│   ├── Extracted text & tables in-memory
│   ├── Saved cleaned PDF to tests/runs/2026-07-31_17-39-11/2026 - 
│   │   Calixarene-Based Nanostructures for Delivering Coumarin 6 for Tumor-Cell
│   │   Imaging and Photoinduced Toxicity/extract/clean_2026 - Calixarene-Based 
│   │   Nanostructures for Delivering Coumarin 6 for Tumor-Cell Imaging and 
│   │   Photoinduced Toxicity.pdf
│   ├── Saved unclean markdown to tests/runs/2026-07-31_17-39-11/2026 - 
│   │   Calixarene-Based Nanostructures for Delivering Coumarin 6 for Tumor-Cell
│   │   Imaging and Photoinduced Toxicity/extract/output.md
│   ├── Saved cleaned markdown to tests/runs/2026-07-31_17-39-11/2026 - 
│   │   Calixarene-Based Nanostructures for Delivering Coumarin 6 for Tumor-Cell
│   │   Imaging and Photoinduced Toxicity/extract/output_clean.md
│   ├── Saved 1 tables (txt & csv) to tests/runs/2026-07-31_17-39-11/2026 - 
│   │   Calixarene-Based Nanostructures for Delivering Coumarin 6 for Tumor-Cell
│   │   Imaging and Photoinduced Toxicity/extract/tables
│   └── Saved execution logs to tests/runs/2026-07-31_17-39-11/2026 - 
│       Calixarene-Based Nanostructures for Delivering Coumarin 6 for Tumor-Cell
│       Imaging and Photoinduced Toxicity/extract/log_2026 - Calixarene-Based 
│       Nanostructures for Delivering Coumarin 6 for Tumor-Cell Imaging and 
│       Photoinduced Toxicity.pdf.log
├── ✓ Categorised extracted tables using gemma4:31b (completed in 21.02s) (Total
│   tokens: 1165 in, 67 out)
│   └── table1.txt: Not flagged (no polymers) (tokens: 1165 in, 67 out)
├── ⚠ No tables categorized as containing required parameters. Skipping 
│   interpretation.
└── Total time taken: 132.32s📄 2026 - Chelation-Driven Self-Assembly of Luminescent Magnesium Coordination 
Cages.pdf
├── ✓ Extracted text & tables (completed in 8.30s)
│   ├── Hardware Acceleration: GPU Active (CUDA (NVIDIA A100-SXM4-80GB))
│   ├── Extracted text & tables in-memory
│   ├── Saved cleaned PDF to tests/runs/2026-07-31_17-39-11/2026 - 
│   │   Chelation-Driven Self-Assembly of Luminescent Magnesium Coordination 
│   │   Cages/extract/clean_2026 - Chelation-Driven Self-Assembly of Luminescent
│   │   Magnesium Coordination Cages.pdf
│   ├── Saved unclean markdown to tests/runs/2026-07-31_17-39-11/2026 - 
│   │   Chelation-Driven Self-Assembly of Luminescent Magnesium Coordination 
│   │   Cages/extract/output.md
│   ├── Saved cleaned markdown to tests/runs/2026-07-31_17-39-11/2026 - 
│   │   Chelation-Driven Self-Assembly of Luminescent Magnesium Coordination 
│   │   Cages/extract/output_clean.md
│   ├── Saved 0 tables (txt & csv) to tests/runs/2026-07-31_17-39-11/2026 - 
│   │   Chelation-Driven Self-Assembly of Luminescent Magnesium Coordination 
│   │   Cages/extract/tables
│   └── Saved execution logs to tests/runs/2026-07-31_17-39-11/2026 - 
│       Chelation-Driven Self-Assembly of Luminescent Magnesium Coordination 
│       Cages/extract/log_2026 - Chelation-Driven Self-Assembly of Luminescent 
│       Magnesium Coordination Cages.pdf.log
├── ✓ Categorised extracted tables using gemma4:31b (completed in 0.00s)
│   └── No tables found to categorise
├── ⚠ No extracted tables found to interpret.
└── Total time taken: 8.62s📄 2026 - Chromatographic peak shape from a stochastic model_ Analytic 
time-domain expression in terms of physical parameters and conditions under 
which heterog.pdf
├── ✓ Extracted text & tables (completed in 538.03s)
│   ├── Hardware Acceleration: GPU Active (CUDA (NVIDIA A100-SXM4-80GB))
│   ├── Extracted text & tables in-memory
│   ├── Saved cleaned PDF to tests/runs/2026-07-31_17-39-11/2026 - 
│   │   Chromatographic peak shape from a stochastic model_ Analytic time-domain
│   │   expression in terms of physical parameters and conditions under which 
│   │   heterog/extract/clean_2026 - Chromatographic peak shape from a 
│   │   stochastic model_ Analytic time-domain expression in terms of physical 
│   │   parameters and conditions under which heterog.pdf
│   ├── Saved unclean markdown to tests/runs/2026-07-31_17-39-11/2026 - 
│   │   Chromatographic peak shape from a stochastic model_ Analytic time-domain
│   │   expression in terms of physical parameters and conditions under which 
│   │   heterog/extract/output.md
│   ├── Saved cleaned markdown to tests/runs/2026-07-31_17-39-11/2026 - 
│   │   Chromatographic peak shape from a stochastic model_ Analytic time-domain
│   │   expression in terms of physical parameters and conditions under which 
│   │   heterog/extract/output_clean.md
│   ├── Saved 0 tables (txt & csv) to tests/runs/2026-07-31_17-39-11/2026 - 
│   │   Chromatographic peak shape from a stochastic model_ Analytic time-domain
│   │   expression in terms of physical parameters and conditions under which 
│   │   heterog/extract/tables
│   └── Saved execution logs to tests/runs/2026-07-31_17-39-11/2026 - 
│       Chromatographic peak shape from a stochastic model_ Analytic time-domain
│       expression in terms of physical parameters and conditions under which 
│       heterog/extract/log_2026 - Chromatographic peak shape from a stochastic 
│       model_ Analytic time-domain expression in terms of physical parameters 
│       and conditions under which heterog.pdf.log
├── ✓ Categorised extracted tables using gemma4:31b (completed in 0.00s)
│   └── No tables found to categorise
├── ⚠ No extracted tables found to interpret.
└── Total time taken: 538.13s
Extractor logs for 2026 - Comparative Evaluation of Fe-MOF, Cu-MOF, and 
Bimetallic Fe_Cu-MOF for Enhanced CO₂ Adsorption_ Synthesis, Characterization, 
and Performance Analysis.pdf before crash:
Running: parse_pdf
Raw PDF conversion timings:
{
  "pipeline_total": {
    "scope": "document",
    "count": 1,
    "times": [
      15.873443212127313
    ],
    "start_timestamps": [
      "2026-07-31 22:46:29.176619+00:00"
    ]
  },
  "page_parse": {
    "scope": "page",
    "count": 15,
    "times": [
      0.13649824494495988,
      0.15329812886193395,
      0.1470281861256808,
      0.15168497199192643,
      0.1471646730788052,
      0.1457014479674399,
      0.2508334389422089,
      0.13689546193927526,
      0.1482798729557544,
      0.21905060089193285,
      0.14866974810138345,
      0.2373709548264742,
      0.13058254099451005,
      0.16220192308537662,
      0.07455007499083877
    ],
    "start_timestamps": [
      "2026-07-31 22:46:29.181400+00:00",
      "2026-07-31 22:46:29.317962+00:00",
      "2026-07-31 22:46:29.471288+00:00",
      "2026-07-31 22:46:29.618363+00:00",
      "2026-07-31 22:46:29.770106+00:00",
      "2026-07-31 22:46:29.917319+00:00",
      "2026-07-31 22:46:30.063073+00:00",
      "2026-07-31 22:46:30.313949+00:00",
      "2026-07-31 22:46:30.450888+00:00",
      "2026-07-31 22:46:30.599210+00:00",
      "2026-07-31 22:46:30.818306+00:00",
      "2026-07-31 22:46:30.967019+00:00",
      "2026-07-31 22:46:31.204448+00:00",
      "2026-07-31 22:46:31.335083+00:00",
      "2026-07-31 22:46:31.497327+00:00"
    ]
  },
  "ocr": {
    "scope": "page",
    "count": 15,
    "times": [
      0.15693947300314903,
      0.14957296708598733,
      1.5775600930210203,
      1.0146606431808323,
      0.6204480188898742,
      0.5682867169380188,
      0.8933953121304512,
      1.2910496608819813,
      1.0707527711056173,
      1.1588405701331794,
      0.12846517586149275,
      2.090503748971969,
      0.12815148592926562,
      0.13084952998906374,
      0.12730180099606514
    ],
    "start_timestamps": [
      "2026-07-31 22:46:29.318053+00:00",
      "2026-07-31 22:46:29.475048+00:00",
      "2026-07-31 22:46:29.624650+00:00",
      "2026-07-31 22:46:31.202285+00:00",
      "2026-07-31 22:46:32.216961+00:00",
      "2026-07-31 22:46:32.837425+00:00",
      "2026-07-31 22:46:33.405728+00:00",
      "2026-07-31 22:46:34.299139+00:00",
      "2026-07-31 22:46:35.590204+00:00",
      "2026-07-31 22:46:36.660973+00:00",
      "2026-07-31 22:46:37.819829+00:00",
      "2026-07-31 22:46:37.948368+00:00",
      "2026-07-31 22:46:40.038891+00:00",
      "2026-07-31 22:46:40.167059+00:00",
      "2026-07-31 22:46:40.297916+00:00"
    ]
  },
  "layout": {
    "scope": "page",
    "count": 5,
    "times": [
      0.29650477203540504,
      0.27228983910754323,
      0.14010764309205115,
      0.09429743583314121,
      0.06919275806285441
    ],
    "start_timestamps": [
      "2026-07-31 22:46:29.475194+00:00",
      "2026-07-31 22:46:29.794901+00:00",
      "2026-07-31 22:46:31.202342+00:00",
      "2026-07-31 22:46:37.948534+00:00",
      "2026-07-31 22:46:40.425429+00:00"
    ]
  },
  "table_structure": {
    "scope": "page",
    "count": 15,
    "times": [
      1.3165175914764404e-05,
      2.150004729628563e-05,
      3.647804260253906e-05,
      4.2689964175224304e-05,
      0.4739678509067744,
      2.245185896754265e-05,
      1.0129064321517944e-05,
      2.0158011466264725e-05,
      8.916947990655899e-06,
      7.202848792076111e-06,
      0.3947379251476377,
      1.9938219338655472e-05,
      7.343944162130356e-06,
      5.7299621403217316e-06,
      4.358123987913132e-06
    ],
    "start_timestamps": [
      "2026-07-31 22:46:29.795005+00:00",
      "2026-07-31 22:46:30.122278+00:00",
      "2026-07-31 22:46:31.497766+00:00",
      "2026-07-31 22:46:38.228455+00:00",
      "2026-07-31 22:46:38.228502+00:00",
      "2026-07-31 22:46:38.702487+00:00",
      "2026-07-31 22:46:38.702512+00:00",
      "2026-07-31 22:46:38.702614+00:00",
      "2026-07-31 22:46:38.702639+00:00",
      "2026-07-31 22:46:38.702651+00:00",
      "2026-07-31 22:46:38.702662+00:00",
      "2026-07-31 22:46:40.589354+00:00",
      "2026-07-31 22:46:40.589376+00:00",
      "2026-07-31 22:46:40.589387+00:00",
      "2026-07-31 22:46:40.589395+00:00"
    ]
  },
  "page_assemble": {
    "scope": "page",
    "count": 15,
    "times": [
      0.0005711750127375126,
      0.0002555609680712223,
      0.0004053250886499882,
      0.00032307999208569527,
      0.00022567505948245525,
      0.00024889898486435413,
      0.00021851202473044395,
      0.0004288188647478819,
      0.00024239695630967617,
      0.00018453807570040226,
      0.00018300511874258518,
      0.00011617783457040787,
      0.00088656903244555,
      0.0026078391820192337,
      0.0007323690224438906
    ],
    "start_timestamps": [
      "2026-07-31 22:46:29.795063+00:00",
      "2026-07-31 22:46:30.122331+00:00",
      "2026-07-31 22:46:31.497856+00:00",
      "2026-07-31 22:46:38.702711+00:00",
      "2026-07-31 22:46:38.703074+00:00",
      "2026-07-31 22:46:38.703320+00:00",
      "2026-07-31 22:46:38.703589+00:00",
      "2026-07-31 22:46:39.097538+00:00",
      "2026-07-31 22:46:39.097997+00:00",
      "2026-07-31 22:46:39.098259+00:00",
      "2026-07-31 22:46:39.098462+00:00",
      "2026-07-31 22:46:40.589499+00:00",
      "2026-07-31 22:46:40.589643+00:00",
      "2026-07-31 22:46:40.590551+00:00",
      "2026-07-31 22:46:40.593180+00:00"
    ]
  },
  "doc_assemble": {
    "scope": "document",
    "count": 1,
    "times": [
      0.05552066978998482
    ],
    "start_timestamps": [
      "2026-07-31 22:46:40.594269+00:00"
    ]
  },
  "reading_order": {
    "scope": "document",
    "count": 1,
    "times": [
      0.0549266510643065
    ],
    "start_timestamps": [
      "2026-07-31 22:46:40.594396+00:00"
    ]
  },
  "doc_enrich": {
    "scope": "document",
    "count": 1,
    "times": [
      4.400224142940715
    ],
    "start_timestamps": [
      "2026-07-31 22:46:40.649817+00:00"
    ]
  }
}
All hyperlinked elements redacted in-memory.
Clean PDF conversion timings:
{
  "pipeline_total": {
    "scope": "document",
    "count": 1,
    "times": [
      16.270298704970628
    ],
    "start_timestamps": [
      "2026-07-31 22:46:45.279321+00:00"
    ]
  },
  "page_parse": {
    "scope": "page",
    "count": 15,
    "times": [
      0.12108666100539267,
      0.14947611605748534,
      0.14397332584485412,
      0.15102830808609724,
      0.14422809495590627,
      0.16788432002067566,
      0.6089782279450446,
      0.18351929308846593,
      0.19170322897844017,
      0.1456164699047804,
      0.11321890004910529,
      0.17809284711256623,
      0.1237290259450674,
      0.12346836505457759,
      0.06493224785663188
    ],
    "start_timestamps": [
      "2026-07-31 22:46:45.283923+00:00",
      "2026-07-31 22:46:45.405071+00:00",
      "2026-07-31 22:46:45.554592+00:00",
      "2026-07-31 22:46:45.698608+00:00",
      "2026-07-31 22:46:45.849678+00:00",
      "2026-07-31 22:46:45.993948+00:00",
      "2026-07-31 22:46:46.161872+00:00",
      "2026-07-31 22:46:46.770892+00:00",
      "2026-07-31 22:46:46.954457+00:00",
      "2026-07-31 22:46:47.146203+00:00",
      "2026-07-31 22:46:47.291861+00:00",
      "2026-07-31 22:46:47.405120+00:00",
      "2026-07-31 22:46:47.583259+00:00",
      "2026-07-31 22:46:47.707029+00:00",
      "2026-07-31 22:46:47.830537+00:00"
    ]
  },
  "ocr": {
    "scope": "page",
    "count": 15,
    "times": [
      0.15283482801169157,
      0.14844774990342557,
      1.7033050251193345,
      1.0446678928565234,
      0.6356588860508054,
      0.5650323980953544,
      0.9223650230560452,
      1.291353068081662,
      1.1142682279460132,
      1.077025257050991,
      0.12755214213393629,
      2.174221155932173,
      0.1290759309194982,
      0.12982230610214174,
      0.12675624387338758
    ],
    "start_timestamps": [
      "2026-07-31 22:46:45.405158+00:00",
      "2026-07-31 22:46:45.558042+00:00",
      "2026-07-31 22:46:45.706523+00:00",
      "2026-07-31 22:46:47.409905+00:00",
      "2026-07-31 22:46:48.454589+00:00",
      "2026-07-31 22:46:49.090270+00:00",
      "2026-07-31 22:46:49.655317+00:00",
      "2026-07-31 22:46:50.577698+00:00",
      "2026-07-31 22:46:51.869076+00:00",
      "2026-07-31 22:46:52.983362+00:00",
      "2026-07-31 22:46:54.060403+00:00",
      "2026-07-31 22:46:54.188048+00:00",
      "2026-07-31 22:46:56.362287+00:00",
      "2026-07-31 22:46:56.491377+00:00",
      "2026-07-31 22:46:56.621211+00:00"
    ]
  },
  "layout": {
    "scope": "page",
    "count": 5,
    "times": [
      0.29893430694937706,
      0.13432499300688505,
      0.026543219108134508,
      0.09700331301428378,
      0.06852654414251447
    ],
    "start_timestamps": [
      "2026-07-31 22:46:45.558116+00:00",
      "2026-07-31 22:46:45.877476+00:00",
      "2026-07-31 22:46:47.410052+00:00",
      "2026-07-31 22:46:54.188223+00:00",
      "2026-07-31 22:46:56.748143+00:00"
    ]
  },
  "table_structure": {
    "scope": "page",
    "count": 15,
    "times": [
      1.8676044419407845e-05,
      2.4645822122693062e-05,
      3.519700840115547e-05,
      2.4766894057393074e-05,
      0.683592553017661,
      2.2982945665717125e-05,
      9.937910363078117e-06,
      2.3724045604467392e-05,
      9.217066690325737e-06,
      8.105067536234856e-06,
      0.47634794586338103,
      5.101598799228668e-05,
      1.934613101184368e-05,
      1.7873942852020264e-05,
      0.18993075308389962
    ],
    "start_timestamps": [
      "2026-07-31 22:46:45.877567+00:00",
      "2026-07-31 22:46:46.174806+00:00",
      "2026-07-31 22:46:47.463880+00:00",
      "2026-07-31 22:46:54.468378+00:00",
      "2026-07-31 22:46:54.468406+00:00",
      "2026-07-31 22:46:55.152017+00:00",
      "2026-07-31 22:46:55.152043+00:00",
      "2026-07-31 22:46:55.152175+00:00",
      "2026-07-31 22:46:55.152203+00:00",
      "2026-07-31 22:46:55.152216+00:00",
      "2026-07-31 22:46:55.152227+00:00",
      "2026-07-31 22:46:56.909079+00:00",
      "2026-07-31 22:46:56.909134+00:00",
      "2026-07-31 22:46:56.909158+00:00",
      "2026-07-31 22:46:56.909181+00:00"
    ]
  },
  "page_assemble": {
    "scope": "page",
    "count": 15,
    "times": [
      0.00045002694241702557,
      0.0002917391248047352,
      0.00030224910005927086,
      0.000318639911711216,
      0.0002141939476132393,
      0.00024612294510006905,
      0.00020871288143098354,
      0.00045131915248930454,
      0.0002388991415500641,
      0.00017716293223202229,
      0.00018448708578944206,
      0.00012862193398177624,
      0.00027547916397452354,
      0.0003160550259053707,
      0.00011043786071240902
    ],
    "start_timestamps": [
      "2026-07-31 22:46:45.877729+00:00",
      "2026-07-31 22:46:46.174868+00:00",
      "2026-07-31 22:46:47.464037+00:00",
      "2026-07-31 22:46:55.152279+00:00",
      "2026-07-31 22:46:55.152631+00:00",
      "2026-07-31 22:46:55.152866+00:00",
      "2026-07-31 22:46:55.153132+00:00",
      "2026-07-31 22:46:55.633812+00:00",
      "2026-07-31 22:46:55.634337+00:00",
      "2026-07-31 22:46:55.634600+00:00",
      "2026-07-31 22:46:55.634796+00:00",
      "2026-07-31 22:46:57.099362+00:00",
      "2026-07-31 22:46:57.099518+00:00",
      "2026-07-31 22:46:57.099814+00:00",
      "2026-07-31 22:46:57.100150+00:00"
    ]
  },
  "doc_assemble": {
    "scope": "document",
    "count": 1,
    "times": [
      0.05414313613437116
    ],
    "start_timestamps": [
      "2026-07-31 22:46:57.100576+00:00"
    ]
  },
  "reading_order": {
    "scope": "document",
    "count": 1,
    "times": [
      0.053565600188449025
    ],
    "start_timestamps": [
      "2026-07-31 22:46:57.100711+00:00"
    ]
  },
  "doc_enrich": {
    "scope": "document",
    "count": 1,
    "times": [
      4.39485372393392
    ],
    "start_timestamps": [
      "2026-07-31 22:46:57.154745+00:00"
    ]
  }
}
Function parse_pdf took 32.6942 seconds to execute.
Running: get_tables
Function get_tables took 0.0001 seconds to execute.
Running: get_surrounding_paragraphs
Function get_surrounding_paragraphs took 0.0001 seconds to execute.

📄 2026 - Comparative Evaluation of Fe-MOF, Cu-MOF, and Bimetallic Fe_Cu-MOF for
Enhanced CO₂ Adsorption_ Synthesis, Characterization, and Performance 
Analysis.pdf
├── ✗ Extraction failed: Extraction failed: list index out of range
│   └── Hardware Acceleration: GPU Active (CUDA (NVIDIA A100-SXM4-80GB))
├── ✓ Categorised extracted tables using gemma4:31b (completed in 0.00s)
│   └── No tables found to categorise
├── ⚠ No extracted tables found to interpret.
└── Total time taken: 32.88s📄 2026 - Conductive metal–organic frameworks_ emerging strategies for 
high-performance energy storage.pdf
├── ✓ Extracted text & tables (completed in 115.00s)
│   ├── Hardware Acceleration: GPU Active (CUDA (NVIDIA A100-SXM4-80GB))
│   ├── Extracted text & tables in-memory
│   ├── Saved cleaned PDF to tests/runs/2026-07-31_17-39-11/2026 - Conductive 
│   │   metal–organic frameworks_ emerging strategies for high-performance 
│   │   energy storage/extract/clean_2026 - Conductive metal–organic frameworks_
│   │   emerging strategies for high-performance energy storage.pdf
│   ├── Saved unclean markdown to tests/runs/2026-07-31_17-39-11/2026 - 
│   │   Conductive metal–organic frameworks_ emerging strategies for 
│   │   high-performance energy storage/extract/output.md
│   ├── Saved cleaned markdown to tests/runs/2026-07-31_17-39-11/2026 - 
│   │   Conductive metal–organic frameworks_ emerging strategies for 
│   │   high-performance energy storage/extract/output_clean.md
│   ├── Saved 6 tables (txt & csv) to tests/runs/2026-07-31_17-39-11/2026 - 
│   │   Conductive metal–organic frameworks_ emerging strategies for 
│   │   high-performance energy storage/extract/tables
│   └── Saved execution logs to tests/runs/2026-07-31_17-39-11/2026 - Conductive
│       metal–organic frameworks_ emerging strategies for high-performance 
│       energy storage/extract/log_2026 - Conductive metal–organic frameworks_ 
│       emerging strategies for high-performance energy storage.pdf.log
├── ✓ Categorised extracted tables using gemma4:31b (completed in 122.27s) 
│   (Total tokens: 14388 in, 360 out)
│   ├── table1.txt: Not flagged (no experimental data, no polymers) (tokens: 
│   │   3125 in, 55 out)
│   ├── table2.txt: Not flagged (no experimental data, no polymers) (tokens: 
│   │   3219 in, 59 out)
│   ├── table3.txt: Not flagged (no experimental data, no polymers) (tokens: 
│   │   1499 in, 55 out)
│   ├── table4.txt: Not flagged (no experimental data, no polymers) (tokens: 
│   │   1996 in, 67 out)
│   ├── table5.txt: Not flagged (no experimental data, no polymers) (tokens: 
│   │   1228 in, 57 out)
│   └── table6.txt: Not flagged (no experimental data, no polymers) (tokens: 
│       3321 in, 67 out)
├── ⚠ No tables categorized as containing required parameters. Skipping 
│   interpretation.
└── Total time taken: 237.65s📄 2026 - Counterion condensation, ion pairing and scattering properties of 
carboxymethyl cellulose with mono- and di-valent ions.pdf
├── ✓ Extracted text & tables (completed in 62.66s)
│   ├── Hardware Acceleration: GPU Active (CUDA (NVIDIA A100-SXM4-80GB))
│   ├── Extracted text & tables in-memory
│   ├── Saved cleaned PDF to tests/runs/2026-07-31_17-39-11/2026 - Counterion 
│   │   condensation, ion pairing and scattering properties of carboxymethyl 
│   │   cellulose with mono- and di-valent ions/extract/clean_2026 - Counterion 
│   │   condensation, ion pairing and scattering properties of carboxymethyl 
│   │   cellulose with mono- and di-valent ions.pdf
│   ├── Saved unclean markdown to tests/runs/2026-07-31_17-39-11/2026 - 
│   │   Counterion condensation, ion pairing and scattering properties of 
│   │   carboxymethyl cellulose with mono- and di-valent ions/extract/output.md
│   ├── Saved cleaned markdown to tests/runs/2026-07-31_17-39-11/2026 - 
│   │   Counterion condensation, ion pairing and scattering properties of 
│   │   carboxymethyl cellulose with mono- and di-valent 
│   │   ions/extract/output_clean.md
│   ├── Saved 3 tables (txt & csv) to tests/runs/2026-07-31_17-39-11/2026 - 
│   │   Counterion condensation, ion pairing and scattering properties of 
│   │   carboxymethyl cellulose with mono- and di-valent ions/extract/tables
│   └── Saved execution logs to tests/runs/2026-07-31_17-39-11/2026 - Counterion
│       condensation, ion pairing and scattering properties of carboxymethyl 
│       cellulose with mono- and di-valent ions/extract/log_2026 - Counterion 
│       condensation, ion pairing and scattering properties of carboxymethyl 
│       cellulose with mono- and di-valent ions.pdf.log
├── ✓ Categorised extracted tables using gemma4:31b (completed in 54.78s) (Total
│   tokens: 3542 in, 192 out)
│   ├── table1.txt: Not flagged (no experimental data, no polymers) (tokens: 
│   │   1031 in, 68 out)
│   ├── table2.txt: Not flagged (no experimental data, no polymers) (tokens: 
│   │   1226 in, 67 out)
│   └── table3.txt: Not flagged (no experimental data, no polymers) (tokens: 
│       1285 in, 57 out)
├── ⚠ No tables categorized as containing required parameters. Skipping 
│   interpretation.
└── Total time taken: 117.62s📄 2026 - Crown Ether Rotaxane‐Induced Construction of COF Membranes With 
Recognition Channels for High‐Efficiency Ion Sieving.pdf
├── ✓ Extracted text & tables (completed in 20.92s)
│   ├── Hardware Acceleration: GPU Active (CUDA (NVIDIA A100-SXM4-80GB))
│   ├── Extracted text & tables in-memory
│   ├── Saved cleaned PDF to tests/runs/2026-07-31_17-39-11/2026 - Crown Ether 
│   │   Rotaxane‐Induced Construction of COF Membranes With Recognition Channels
│   │   for High‐Efficiency Ion Sieving/extract/clean_2026 - Crown Ether 
│   │   Rotaxane‐Induced Construction of COF Membranes With Recognition Channels
│   │   for High‐Efficiency Ion Sieving.pdf
│   ├── Saved unclean markdown to tests/runs/2026-07-31_17-39-11/2026 - Crown 
│   │   Ether Rotaxane‐Induced Construction of COF Membranes With Recognition 
│   │   Channels for High‐Efficiency Ion Sieving/extract/output.md
│   ├── Saved cleaned markdown to tests/runs/2026-07-31_17-39-11/2026 - Crown 
│   │   Ether Rotaxane‐Induced Construction of COF Membranes With Recognition 
│   │   Channels for High‐Efficiency Ion Sieving/extract/output_clean.md
│   ├── Saved 0 tables (txt & csv) to tests/runs/2026-07-31_17-39-11/2026 - 
│   │   Crown Ether Rotaxane‐Induced Construction of COF Membranes With 
│   │   Recognition Channels for High‐Efficiency Ion Sieving/extract/tables
│   └── Saved execution logs to tests/runs/2026-07-31_17-39-11/2026 - Crown 
│       Ether Rotaxane‐Induced Construction of COF Membranes With Recognition 
│       Channels for High‐Efficiency Ion Sieving/extract/log_2026 - Crown Ether 
│       Rotaxane‐Induced Construction of COF Membranes With Recognition Channels
│       for High‐Efficiency Ion Sieving.pdf.log
├── ✓ Categorised extracted tables using gemma4:31b (completed in 0.00s)
│   └── No tables found to categorise
├── ⚠ No extracted tables found to interpret.
└── Total time taken: 21.05s📄 2026 - Curvature Dynamics of PEGDA Asymmetric Networks via Frontal 
Photopolymerization_ Effect of Chain Length and Optical Attenuation.pdf
├── ✓ Extracted text & tables (completed in 112.18s)
│   ├── Hardware Acceleration: GPU Active (CUDA (NVIDIA A100-SXM4-80GB))
│   ├── Extracted text & tables in-memory
│   ├── Saved cleaned PDF to tests/runs/2026-07-31_17-39-11/2026 - Curvature 
│   │   Dynamics of PEGDA Asymmetric Networks via Frontal Photopolymerization_ 
│   │   Effect of Chain Length and Optical Attenuation/extract/clean_2026 - 
│   │   Curvature Dynamics of PEGDA Asymmetric Networks via Frontal 
│   │   Photopolymerization_ Effect of Chain Length and Optical Attenuation.pdf
│   ├── Saved unclean markdown to tests/runs/2026-07-31_17-39-11/2026 - 
│   │   Curvature Dynamics of PEGDA Asymmetric Networks via Frontal 
│   │   Photopolymerization_ Effect of Chain Length and Optical 
│   │   Attenuation/extract/output.md
│   ├── Saved cleaned markdown to tests/runs/2026-07-31_17-39-11/2026 - 
│   │   Curvature Dynamics of PEGDA Asymmetric Networks via Frontal 
│   │   Photopolymerization_ Effect of Chain Length and Optical 
│   │   Attenuation/extract/output_clean.md
│   ├── Saved 0 tables (txt & csv) to tests/runs/2026-07-31_17-39-11/2026 - 
│   │   Curvature Dynamics of PEGDA Asymmetric Networks via Frontal 
│   │   Photopolymerization_ Effect of Chain Length and Optical 
│   │   Attenuation/extract/tables
│   └── Saved execution logs to tests/runs/2026-07-31_17-39-11/2026 - Curvature 
│       Dynamics of PEGDA Asymmetric Networks via Frontal Photopolymerization_ 
│       Effect of Chain Length and Optical Attenuation/extract/log_2026 - 
│       Curvature Dynamics of PEGDA Asymmetric Networks via Frontal 
│       Photopolymerization_ Effect of Chain Length and Optical 
│       Attenuation.pdf.log
├── ✓ Categorised extracted tables using gemma4:31b (completed in 0.00s)
│   └── No tables found to categorise
├── ⚠ No extracted tables found to interpret.
└── Total time taken: 112.63s📄 2026 - DOSY 1H NMR as an Accessible Technique for Characterizing Trends in 
Bottlebrush Polymer Molecular Weight.pdf
├── ✓ Extracted text & tables (completed in 22.93s)
│   ├── Hardware Acceleration: GPU Active (CUDA (NVIDIA A100-SXM4-80GB))
│   ├── Extracted text & tables in-memory
│   ├── Saved cleaned PDF to tests/runs/2026-07-31_17-39-11/2026 - DOSY 1H NMR 
│   │   as an Accessible Technique for Characterizing Trends in Bottlebrush 
│   │   Polymer Molecular Weight/extract/clean_2026 - DOSY 1H NMR as an 
│   │   Accessible Technique for Characterizing Trends in Bottlebrush Polymer 
│   │   Molecular Weight.pdf
│   ├── Saved unclean markdown to tests/runs/2026-07-31_17-39-11/2026 - DOSY 1H 
│   │   NMR as an Accessible Technique for Characterizing Trends in Bottlebrush 
│   │   Polymer Molecular Weight/extract/output.md
│   ├── Saved cleaned markdown to tests/runs/2026-07-31_17-39-11/2026 - DOSY 1H 
│   │   NMR as an Accessible Technique for Characterizing Trends in Bottlebrush 
│   │   Polymer Molecular Weight/extract/output_clean.md
│   ├── Saved 2 tables (txt & csv) to tests/runs/2026-07-31_17-39-11/2026 - DOSY
│   │   1H NMR as an Accessible Technique for Characterizing Trends in 
│   │   Bottlebrush Polymer Molecular Weight/extract/tables
│   └── Saved execution logs to tests/runs/2026-07-31_17-39-11/2026 - DOSY 1H 
│       NMR as an Accessible Technique for Characterizing Trends in Bottlebrush 
│       Polymer Molecular Weight/extract/log_2026 - DOSY 1H NMR as an Accessible
│       Technique for Characterizing Trends in Bottlebrush Polymer Molecular 
│       Weight.pdf.log
├── ✓ Categorised extracted tables using gemma4:31b (completed in 37.80s) (Total
│   tokens: 3643 in, 111 out)
│   ├── table1.txt: raw (tokens: 2201 in, 54 out)
│   └── table2.txt: raw (tokens: 1442 in, 57 out)
├── ⚠ No tables categorized as containing required parameters. Skipping 
│   interpretation.
└── Total time taken: 61.14s📄 2026 - Dermal Absorption and Quantitative Analysis of Amaranth, a Cosmetic 
Colorant, in Rat Skin Using an In Vitro Franz Diffusion Model.pdf
├── ✓ Extracted text & tables (completed in 11.09s)
│   ├── Hardware Acceleration: GPU Active (CUDA (NVIDIA A100-SXM4-80GB))
│   ├── Extracted text & tables in-memory
│   ├── Saved cleaned PDF to tests/runs/2026-07-31_17-39-11/2026 - Dermal 
│   │   Absorption and Quantitative Analysis of Amaranth, a Cosmetic Colorant, 
│   │   in Rat Skin Using an In Vitro Franz Diffusion Model/extract/clean_2026 -
│   │   Dermal Absorption and Quantitative Analysis of Amaranth, a Cosmetic 
│   │   Colorant, in Rat Skin Using an In Vitro Franz Diffusion Model.pdf
│   ├── Saved unclean markdown to tests/runs/2026-07-31_17-39-11/2026 - Dermal 
│   │   Absorption and Quantitative Analysis of Amaranth, a Cosmetic Colorant, 
│   │   in Rat Skin Using an In Vitro Franz Diffusion Model/extract/output.md
│   ├── Saved cleaned markdown to tests/runs/2026-07-31_17-39-11/2026 - Dermal 
│   │   Absorption and Quantitative Analysis of Amaranth, a Cosmetic Colorant, 
│   │   in Rat Skin Using an In Vitro Franz Diffusion 
│   │   Model/extract/output_clean.md
│   ├── Saved 4 tables (txt & csv) to tests/runs/2026-07-31_17-39-11/2026 - 
│   │   Dermal Absorption and Quantitative Analysis of Amaranth, a Cosmetic 
│   │   Colorant, in Rat Skin Using an In Vitro Franz Diffusion 
│   │   Model/extract/tables
│   └── Saved execution logs to tests/runs/2026-07-31_17-39-11/2026 - Dermal 
│       Absorption and Quantitative Analysis of Amaranth, a Cosmetic Colorant, 
│       in Rat Skin Using an In Vitro Franz Diffusion Model/extract/log_2026 - 
│       Dermal Absorption and Quantitative Analysis of Amaranth, a Cosmetic 
│       Colorant, in Rat Skin Using an In Vitro Franz Diffusion Model.pdf.log
├── ✓ Categorised extracted tables using gemma4:31b (completed in 67.31s) (Total
│   tokens: 4924 in, 267 out)
│   ├── table1.txt: Not flagged (no experimental data, no polymers) (tokens: 
│   │   1160 in, 67 out)
│   ├── table2.txt: Not flagged (no experimental data, no polymers) (tokens: 935
│   │   in, 67 out)
│   ├── table3.txt: Not flagged (no experimental data, no polymers) (tokens: 
│   │   1902 in, 67 out)
│   └── table4.txt: Not flagged (no experimental data, no polymers) (tokens: 927
│       in, 66 out)
├── ⚠ No tables categorized as containing required parameters. Skipping 
│   interpretation.
└── Total time taken: 78.55s📄 2026 - Design of Adsorption‒Diffusion Dual‐Driven MOF Membranes for Efficient
CO _sub_2__sub_ Separation.pdf
├── ✓ Extracted text & tables (completed in 15.68s)
│   ├── Hardware Acceleration: GPU Active (CUDA (NVIDIA A100-SXM4-80GB))
│   ├── Extracted text & tables in-memory
│   ├── Saved cleaned PDF to tests/runs/2026-07-31_17-39-11/2026 - Design of 
│   │   Adsorption‒Diffusion Dual‐Driven MOF Membranes for Efficient CO 
│   │   _sub_2__sub_ Separation/extract/clean_2026 - Design of 
│   │   Adsorption‒Diffusion Dual‐Driven MOF Membranes for Efficient CO 
│   │   _sub_2__sub_ Separation.pdf
│   ├── Saved unclean markdown to tests/runs/2026-07-31_17-39-11/2026 - Design 
│   │   of Adsorption‒Diffusion Dual‐Driven MOF Membranes for Efficient CO 
│   │   _sub_2__sub_ Separation/extract/output.md
│   ├── Saved cleaned markdown to tests/runs/2026-07-31_17-39-11/2026 - Design 
│   │   of Adsorption‒Diffusion Dual‐Driven MOF Membranes for Efficient CO 
│   │   _sub_2__sub_ Separation/extract/output_clean.md
│   ├── Saved 0 tables (txt & csv) to tests/runs/2026-07-31_17-39-11/2026 - 
│   │   Design of Adsorption‒Diffusion Dual‐Driven MOF Membranes for Efficient 
│   │   CO _sub_2__sub_ Separation/extract/tables
│   └── Saved execution logs to tests/runs/2026-07-31_17-39-11/2026 - Design of 
│       Adsorption‒Diffusion Dual‐Driven MOF Membranes for Efficient CO 
│       _sub_2__sub_ Separation/extract/log_2026 - Design of 
│       Adsorption‒Diffusion Dual‐Driven MOF Membranes for Efficient CO 
│       _sub_2__sub_ Separation.pdf.log
├── ✓ Categorised extracted tables using gemma4:31b (completed in 0.00s)
│   └── No tables found to categorise
├── ⚠ No extracted tables found to interpret.
└── Total time taken: 15.81s📄 2026 - Determination of hydrocortisone and cortisone in artificial saliva by 
spray assisted fine droplet formation liquid phase microextraction coupled to 
LC.pdf
├── ✓ Extracted text & tables (completed in 25.24s)
│   ├── Hardware Acceleration: GPU Active (CUDA (NVIDIA A100-SXM4-80GB))
│   ├── Extracted text & tables in-memory
│   ├── Saved cleaned PDF to tests/runs/2026-07-31_17-39-11/2026 - Determination
│   │   of hydrocortisone and cortisone in artificial saliva by spray assisted 
│   │   fine droplet formation liquid phase microextraction coupled to 
│   │   LC/extract/clean_2026 - Determination of hydrocortisone and cortisone in
│   │   artificial saliva by spray assisted fine droplet formation liquid phase 
│   │   microextraction coupled to LC.pdf
│   ├── Saved unclean markdown to tests/runs/2026-07-31_17-39-11/2026 - 
│   │   Determination of hydrocortisone and cortisone in artificial saliva by 
│   │   spray assisted fine droplet formation liquid phase microextraction 
│   │   coupled to LC/extract/output.md
│   ├── Saved cleaned markdown to tests/runs/2026-07-31_17-39-11/2026 - 
│   │   Determination of hydrocortisone and cortisone in artificial saliva by 
│   │   spray assisted fine droplet formation liquid phase microextraction 
│   │   coupled to LC/extract/output_clean.md
│   ├── Saved 3 tables (txt & csv) to tests/runs/2026-07-31_17-39-11/2026 - 
│   │   Determination of hydrocortisone and cortisone in artificial saliva by 
│   │   spray assisted fine droplet formation liquid phase microextraction 
│   │   coupled to LC/extract/tables
│   └── Saved execution logs to tests/runs/2026-07-31_17-39-11/2026 - 
│       Determination of hydrocortisone and cortisone in artificial saliva by 
│       spray assisted fine droplet formation liquid phase microextraction 
│       coupled to LC/extract/log_2026 - Determination of hydrocortisone and 
│       cortisone in artificial saliva by spray assisted fine droplet formation 
│       liquid phase microextraction coupled to LC.pdf.log
├── ✓ Categorised extracted tables using gemma4:31b (completed in 52.02s) (Total
│   tokens: 6119 in, 203 out)
│   ├── table1.txt: Not flagged (no experimental data, no polymers) (tokens: 
│   │   1635 in, 67 out)
│   ├── table2.txt: Not flagged (no experimental data, no polymers) (tokens: 
│   │   1761 in, 69 out)
│   └── table3.txt: Not flagged (no experimental data, no polymers) (tokens: 
│       2723 in, 67 out)
├── ⚠ No tables categorized as containing required parameters. Skipping 
│   interpretation.
└── Total time taken: 77.41s📄 2026 - Development of functionalized MWCNT-Nafion modified glassy carbon 
electrode as a sensor for electrochemical studies and voltammetric determination
of .pdf
├── ✓ Extracted text & tables (completed in 122.33s)
│   ├── Hardware Acceleration: GPU Active (CUDA (NVIDIA A100-SXM4-80GB))
│   ├── Extracted text & tables in-memory
│   ├── Saved cleaned PDF to tests/runs/2026-07-31_17-39-11/2026 - Development 
│   │   of functionalized MWCNT-Nafion modified glassy carbon electrode as a 
│   │   sensor for electrochemical studies and voltammetric determination of 
│   │   /extract/clean_2026 - Development of functionalized MWCNT-Nafion 
│   │   modified glassy carbon electrode as a sensor for electrochemical studies
│   │   and voltammetric determination of .pdf
│   ├── Saved unclean markdown to tests/runs/2026-07-31_17-39-11/2026 - 
│   │   Development of functionalized MWCNT-Nafion modified glassy carbon 
│   │   electrode as a sensor for electrochemical studies and voltammetric 
│   │   determination of /extract/output.md
│   ├── Saved cleaned markdown to tests/runs/2026-07-31_17-39-11/2026 - 
│   │   Development of functionalized MWCNT-Nafion modified glassy carbon 
│   │   electrode as a sensor for electrochemical studies and voltammetric 
│   │   determination of /extract/output_clean.md
│   ├── Saved 11 tables (txt & csv) to tests/runs/2026-07-31_17-39-11/2026 - 
│   │   Development of functionalized MWCNT-Nafion modified glassy carbon 
│   │   electrode as a sensor for electrochemical studies and voltammetric 
│   │   determination of /extract/tables
│   └── Saved execution logs to tests/runs/2026-07-31_17-39-11/2026 - 
│       Development of functionalized MWCNT-Nafion modified glassy carbon 
│       electrode as a sensor for electrochemical studies and voltammetric 
│       determination of /extract/log_2026 - Development of functionalized 
│       MWCNT-Nafion modified glassy carbon electrode as a sensor for 
│       electrochemical studies and voltammetric determination of .pdf.log
├── ✓ Categorised extracted tables using gemma4:31b (completed in 167.50s) 
│   (Total tokens: 10667 in, 680 out)
│   ├── table1.txt: Not flagged (no polymers) (tokens: 969 in, 66 out)
│   ├── table2.txt: Not flagged (no experimental data, no polymers) (tokens: 740
│   │   in, 66 out)
│   ├── table3.txt: Not flagged (no experimental data, no polymers) (tokens: 695
│   │   in, 66 out)
│   ├── table4.txt: Not flagged (no experimental data, no polymers) (tokens: 872
│   │   in, 56 out)
│   ├── table5.txt: Not flagged (no experimental data, no polymers) (tokens: 
│   │   1137 in, 57 out)
│   ├── table6.txt: Not flagged (no experimental data, no polymers) (tokens: 
│   │   1343 in, 57 out)
│   ├── table7.txt: Not flagged (no experimental data, no polymers) (tokens: 
│   │   1190 in, 57 out)
│   ├── table8.txt: Not flagged (no experimental data, no polymers) (tokens: 852
│   │   in, 66 out)
│   ├── table9.txt: Not flagged (no experimental data, no polymers) (tokens: 994
│   │   in, 67 out)
│   ├── table10.txt: Not flagged (no experimental data, no polymers) (tokens: 
│   │   982 in, 67 out)
│   └── table11.txt: Not flagged (no experimental data, no polymers) (tokens: 
│       893 in, 55 out)
├── ⚠ No tables categorized as containing required parameters. Skipping 
│   interpretation.
└── Total time taken: 290.11s📄 2026 - Diethanolamine-assisted construction of a hierarchical zeolite 
framework for enhanced diffusion and transformation of key intermediates in 
tandem cata.pdf
├── ✓ Extracted text & tables (completed in 32.59s)
│   ├── Hardware Acceleration: GPU Active (CUDA (NVIDIA A100-SXM4-80GB))
│   ├── Extracted text & tables in-memory
│   ├── Saved cleaned PDF to tests/runs/2026-07-31_17-39-11/2026 - 
│   │   Diethanolamine-assisted construction of a hierarchical zeolite framework
│   │   for enhanced diffusion and transformation of key intermediates in tandem
│   │   cata/extract/clean_2026 - Diethanolamine-assisted construction of a 
│   │   hierarchical zeolite framework for enhanced diffusion and transformation
│   │   of key intermediates in tandem cata.pdf
│   ├── Saved unclean markdown to tests/runs/2026-07-31_17-39-11/2026 - 
│   │   Diethanolamine-assisted construction of a hierarchical zeolite framework
│   │   for enhanced diffusion and transformation of key intermediates in tandem
│   │   cata/extract/output.md
│   ├── Saved cleaned markdown to tests/runs/2026-07-31_17-39-11/2026 - 
│   │   Diethanolamine-assisted construction of a hierarchical zeolite framework
│   │   for enhanced diffusion and transformation of key intermediates in tandem
│   │   cata/extract/output_clean.md
│   ├── Saved 1 tables (txt & csv) to tests/runs/2026-07-31_17-39-11/2026 - 
│   │   Diethanolamine-assisted construction of a hierarchical zeolite framework
│   │   for enhanced diffusion and transformation of key intermediates in tandem
│   │   cata/extract/tables
│   └── Saved execution logs to tests/runs/2026-07-31_17-39-11/2026 - 
│       Diethanolamine-assisted construction of a hierarchical zeolite framework
│       for enhanced diffusion and transformation of key intermediates in tandem
│       cata/extract/log_2026 - Diethanolamine-assisted construction of a 
│       hierarchical zeolite framework for enhanced diffusion and transformation
│       of key intermediates in tandem cata.pdf.log
├── ✓ Categorised extracted tables using gemma4:31b (completed in 17.96s) (Total
│   tokens: 2734 in, 59 out)
│   └── table1.txt: Not flagged (no experimental data, no polymers) (tokens: 
│       2734 in, 59 out)
├── ⚠ No tables categorized as containing required parameters. Skipping 
│   interpretation.
└── Total time taken: 50.74s📄 2026 - Diffusion and Adsorption of 2-Methylpentane and 3-Methylpentane in 
MFI-Type Zeolite Crystals.pdf
├── ✓ Extracted text & tables (completed in 117.34s)
│   ├── Hardware Acceleration: GPU Active (CUDA (NVIDIA A100-SXM4-80GB))
│   ├── Extracted text & tables in-memory
│   ├── Saved cleaned PDF to tests/runs/2026-07-31_17-39-11/2026 - Diffusion and
│   │   Adsorption of 2-Methylpentane and 3-Methylpentane in MFI-Type Zeolite 
│   │   Crystals/extract/clean_2026 - Diffusion and Adsorption of 
│   │   2-Methylpentane and 3-Methylpentane in MFI-Type Zeolite Crystals.pdf
│   ├── Saved unclean markdown to tests/runs/2026-07-31_17-39-11/2026 - 
│   │   Diffusion and Adsorption of 2-Methylpentane and 3-Methylpentane in 
│   │   MFI-Type Zeolite Crystals/extract/output.md
│   ├── Saved cleaned markdown to tests/runs/2026-07-31_17-39-11/2026 - 
│   │   Diffusion and Adsorption of 2-Methylpentane and 3-Methylpentane in 
│   │   MFI-Type Zeolite Crystals/extract/output_clean.md
│   ├── Saved 2 tables (txt & csv) to tests/runs/2026-07-31_17-39-11/2026 - 
│   │   Diffusion and Adsorption of 2-Methylpentane and 3-Methylpentane in 
│   │   MFI-Type Zeolite Crystals/extract/tables
│   └── Saved execution logs to tests/runs/2026-07-31_17-39-11/2026 - Diffusion 
│       and Adsorption of 2-Methylpentane and 3-Methylpentane in MFI-Type 
│       Zeolite Crystals/extract/log_2026 - Diffusion and Adsorption of 
│       2-Methylpentane and 3-Methylpentane in MFI-Type Zeolite Crystals.pdf.log
├── ✓ Categorised extracted tables using gemma4:31b (completed in 36.62s) (Total
│   tokens: 2398 in, 111 out)
│   ├── table1.txt: Not flagged (no experimental data, no polymers) (tokens: 578
│   │   in, 54 out)
│   └── table2.txt: Not flagged (no polymers) (tokens: 1820 in, 57 out)
├── ⚠ No tables categorized as containing required parameters. Skipping 
│   interpretation.
└── Total time taken: 154.45s📄 2026 - Diffusion in Ternary Electrolyte Mixtures by Dynamic Light Scattering 
and Molecular Dynamics Simulations.pdf
├── ✓ Extracted text & tables (completed in 113.88s)
│   ├── Hardware Acceleration: GPU Active (CUDA (NVIDIA A100-SXM4-80GB))
│   ├── Extracted text & tables in-memory
│   ├── Saved cleaned PDF to tests/runs/2026-07-31_17-39-11/2026 - Diffusion in 
│   │   Ternary Electrolyte Mixtures by Dynamic Light Scattering and Molecular 
│   │   Dynamics Simulations/extract/clean_2026 - Diffusion in Ternary 
│   │   Electrolyte Mixtures by Dynamic Light Scattering and Molecular Dynamics 
│   │   Simulations.pdf
│   ├── Saved unclean markdown to tests/runs/2026-07-31_17-39-11/2026 - 
│   │   Diffusion in Ternary Electrolyte Mixtures by Dynamic Light Scattering 
│   │   and Molecular Dynamics Simulations/extract/output.md
│   ├── Saved cleaned markdown to tests/runs/2026-07-31_17-39-11/2026 - 
│   │   Diffusion in Ternary Electrolyte Mixtures by Dynamic Light Scattering 
│   │   and Molecular Dynamics Simulations/extract/output_clean.md
│   ├── Saved 6 tables (txt & csv) to tests/runs/2026-07-31_17-39-11/2026 - 
│   │   Diffusion in Ternary Electrolyte Mixtures by Dynamic Light Scattering 
│   │   and Molecular Dynamics Simulations/extract/tables
│   └── Saved execution logs to tests/runs/2026-07-31_17-39-11/2026 - Diffusion 
│       in Ternary Electrolyte Mixtures by Dynamic Light Scattering and 
│       Molecular Dynamics Simulations/extract/log_2026 - Diffusion in Ternary 
│       Electrolyte Mixtures by Dynamic Light Scattering and Molecular Dynamics 
│       Simulations.pdf.log
├── ✓ Categorised extracted tables using gemma4:31b (completed in 116.62s) 
│   (Total tokens: 12898 in, 371 out)
│   ├── table1.txt: Not flagged (no experimental data, no polymers) (tokens: 
│   │   1804 in, 57 out)
│   ├── table2.txt: Not flagged (no polymers) (tokens: 1541 in, 55 out)
│   ├── table3.txt: Not flagged (no experimental data, no polymers) (tokens: 
│   │   2199 in, 57 out)
│   ├── table4.txt: Not flagged (no polymers) (tokens: 3500 in, 66 out)
│   ├── table5.txt: Not flagged (no polymers) (tokens: 1534 in, 79 out)
│   └── table6.txt: Not flagged (no polymers) (tokens: 2320 in, 57 out)
├── ⚠ No tables categorized as containing required parameters. Skipping 
│   interpretation.
└── Total time taken: 230.70s📄 2026 - Diffusional aging at water_oil interfaces laden with charged 
nanoparticles studied by single-molecule tracking.pdf
├── ✓ Extracted text & tables (completed in 18.65s)
│   ├── Hardware Acceleration: GPU Active (CUDA (NVIDIA A100-SXM4-80GB))
│   ├── Extracted text & tables in-memory
│   ├── Saved cleaned PDF to tests/runs/2026-07-31_17-39-11/2026 - Diffusional 
│   │   aging at water_oil interfaces laden with charged nanoparticles studied 
│   │   by single-molecule tracking/extract/clean_2026 - Diffusional aging at 
│   │   water_oil interfaces laden with charged nanoparticles studied by 
│   │   single-molecule tracking.pdf
│   ├── Saved unclean markdown to tests/runs/2026-07-31_17-39-11/2026 - 
│   │   Diffusional aging at water_oil interfaces laden with charged 
│   │   nanoparticles studied by single-molecule tracking/extract/output.md
│   ├── Saved cleaned markdown to tests/runs/2026-07-31_17-39-11/2026 - 
│   │   Diffusional aging at water_oil interfaces laden with charged 
│   │   nanoparticles studied by single-molecule 
│   │   tracking/extract/output_clean.md
│   ├── Saved 0 tables (txt & csv) to tests/runs/2026-07-31_17-39-11/2026 - 
│   │   Diffusional aging at water_oil interfaces laden with charged 
│   │   nanoparticles studied by single-molecule tracking/extract/tables
│   └── Saved execution logs to tests/runs/2026-07-31_17-39-11/2026 - 
│       Diffusional aging at water_oil interfaces laden with charged 
│       nanoparticles studied by single-molecule tracking/extract/log_2026 - 
│       Diffusional aging at water_oil interfaces laden with charged 
│       nanoparticles studied by single-molecule tracking.pdf.log
├── ✓ Categorised extracted tables using gemma4:31b (completed in 0.00s)
│   └── No tables found to categorise
├── ⚠ No extracted tables found to interpret.
└── Total time taken: 18.75s📄 2026 - Diffusiophoretic transport of colloids in porous media.pdf
├── ✓ Extracted text & tables (completed in 150.85s)
│   ├── Hardware Acceleration: GPU Active (CUDA (NVIDIA A100-SXM4-80GB))
│   ├── Extracted text & tables in-memory
│   ├── Saved cleaned PDF to tests/runs/2026-07-31_17-39-11/2026 - 
│   │   Diffusiophoretic transport of colloids in porous 
│   │   media/extract/clean_2026 - Diffusiophoretic transport of colloids in 
│   │   porous media.pdf
│   ├── Saved unclean markdown to tests/runs/2026-07-31_17-39-11/2026 - 
│   │   Diffusiophoretic transport of colloids in porous media/extract/output.md
│   ├── Saved cleaned markdown to tests/runs/2026-07-31_17-39-11/2026 - 
│   │   Diffusiophoretic transport of colloids in porous 
│   │   media/extract/output_clean.md
│   ├── Saved 0 tables (txt & csv) to tests/runs/2026-07-31_17-39-11/2026 - 
│   │   Diffusiophoretic transport of colloids in porous media/extract/tables
│   └── Saved execution logs to tests/runs/2026-07-31_17-39-11/2026 - 
│       Diffusiophoretic transport of colloids in porous media/extract/log_2026 
│       - Diffusiophoretic transport of colloids in porous media.pdf.log
├── ✓ Categorised extracted tables using gemma4:31b (completed in 0.00s)
│   └── No tables found to categorise
├── ⚠ No extracted tables found to interpret.
└── Total time taken: 151.61s📄 2026 - Dimensionality reduction of COSMO-RS molecular descriptor using 
functional principal component analysis (FPCA) for organic solvent mapping.pdf
├── ✓ Extracted text & tables (completed in 25.24s)
│   ├── Hardware Acceleration: GPU Active (CUDA (NVIDIA A100-SXM4-80GB))
│   ├── Extracted text & tables in-memory
│   ├── Saved cleaned PDF to tests/runs/2026-07-31_17-39-11/2026 - 
│   │   Dimensionality reduction of COSMO-RS molecular descriptor using 
│   │   functional principal component analysis (FPCA) for organic solvent 
│   │   mapping/extract/clean_2026 - Dimensionality reduction of COSMO-RS 
│   │   molecular descriptor using functional principal component analysis 
│   │   (FPCA) for organic solvent mapping.pdf
│   ├── Saved unclean markdown to tests/runs/2026-07-31_17-39-11/2026 - 
│   │   Dimensionality reduction of COSMO-RS molecular descriptor using 
│   │   functional principal component analysis (FPCA) for organic solvent 
│   │   mapping/extract/output.md
│   ├── Saved cleaned markdown to tests/runs/2026-07-31_17-39-11/2026 - 
│   │   Dimensionality reduction of COSMO-RS molecular descriptor using 
│   │   functional principal component analysis (FPCA) for organic solvent 
│   │   mapping/extract/output_clean.md
│   ├── Saved 0 tables (txt & csv) to tests/runs/2026-07-31_17-39-11/2026 - 
│   │   Dimensionality reduction of COSMO-RS molecular descriptor using 
│   │   functional principal component analysis (FPCA) for organic solvent 
│   │   mapping/extract/tables
│   └── Saved execution logs to tests/runs/2026-07-31_17-39-11/2026 - 
│       Dimensionality reduction of COSMO-RS molecular descriptor using 
│       functional principal component analysis (FPCA) for organic solvent 
│       mapping/extract/log_2026 - Dimensionality reduction of COSMO-RS 
│       molecular descriptor using functional principal component analysis 
│       (FPCA) for organic solvent mapping.pdf.log
├── ✓ Categorised extracted tables using gemma4:31b (completed in 0.00s)
│   └── No tables found to categorise
├── ⚠ No extracted tables found to interpret.
└── Total time taken: 25.38s📄 2026 - Discovery of new formula accurately determining organic compounds 
aqueous diffusion coefficients by symbolic regression.pdf
├── ✓ Extracted text & tables (completed in 163.55s)
│   ├── Hardware Acceleration: GPU Active (CUDA (NVIDIA A100-SXM4-80GB))
│   ├── Extracted text & tables in-memory
│   ├── Saved cleaned PDF to tests/runs/2026-07-31_17-39-11/2026 - Discovery of 
│   │   new formula accurately determining organic compounds aqueous diffusion 
│   │   coefficients by symbolic regression/extract/clean_2026 - Discovery of 
│   │   new formula accurately determining organic compounds aqueous diffusion 
│   │   coefficients by symbolic regression.pdf
│   ├── Saved unclean markdown to tests/runs/2026-07-31_17-39-11/2026 - 
│   │   Discovery of new formula accurately determining organic compounds 
│   │   aqueous diffusion coefficients by symbolic regression/extract/output.md
│   ├── Saved cleaned markdown to tests/runs/2026-07-31_17-39-11/2026 - 
│   │   Discovery of new formula accurately determining organic compounds 
│   │   aqueous diffusion coefficients by symbolic 
│   │   regression/extract/output_clean.md
│   ├── Saved 2 tables (txt & csv) to tests/runs/2026-07-31_17-39-11/2026 - 
│   │   Discovery of new formula accurately determining organic compounds 
│   │   aqueous diffusion coefficients by symbolic regression/extract/tables
│   └── Saved execution logs to tests/runs/2026-07-31_17-39-11/2026 - Discovery 
│       of new formula accurately determining organic compounds aqueous 
│       diffusion coefficients by symbolic regression/extract/log_2026 - 
│       Discovery of new formula accurately determining organic compounds 
│       aqueous diffusion coefficients by symbolic regression.pdf.log
├── ✓ Categorised extracted tables using gemma4:31b (completed in 42.18s) (Total
│   tokens: 3411 in, 125 out)
│   ├── table1.txt: Not flagged (no experimental data, no polymers) (tokens: 
│   │   1829 in, 68 out)
│   └── table2.txt: Not flagged (no polymers) (tokens: 1582 in, 57 out)
├── ⚠ No tables categorized as containing required parameters. Skipping 
│   interpretation.
└── Total time taken: 205.97s📄 2026 - EVOLUTION OF FCC CATALYSTS AND SELECTIVITY MECHANISMS_ A CONCEPTUAL 
MODEL BASED ON THE STRUCTURE–ACIDITY–DIFFUSION APPROACH.pdf
├── ✓ Extracted text & tables (completed in 6.09s)
│   ├── Hardware Acceleration: GPU Active (CUDA (NVIDIA A100-SXM4-80GB))
│   ├── Extracted text & tables in-memory
│   ├── Saved cleaned PDF to tests/runs/2026-07-31_17-39-11/2026 - EVOLUTION OF 
│   │   FCC CATALYSTS AND SELECTIVITY MECHANISMS_ A CONCEPTUAL MODEL BASED ON 
│   │   THE STRUCTURE–ACIDITY–DIFFUSION APPROACH/extract/clean_2026 - EVOLUTION 
│   │   OF FCC CATALYSTS AND SELECTIVITY MECHANISMS_ A CONCEPTUAL MODEL BASED ON
│   │   THE STRUCTURE–ACIDITY–DIFFUSION APPROACH.pdf
│   ├── Saved unclean markdown to tests/runs/2026-07-31_17-39-11/2026 - 
│   │   EVOLUTION OF FCC CATALYSTS AND SELECTIVITY MECHANISMS_ A CONCEPTUAL 
│   │   MODEL BASED ON THE STRUCTURE–ACIDITY–DIFFUSION 
│   │   APPROACH/extract/output.md
│   ├── Saved cleaned markdown to tests/runs/2026-07-31_17-39-11/2026 - 
│   │   EVOLUTION OF FCC CATALYSTS AND SELECTIVITY MECHANISMS_ A CONCEPTUAL 
│   │   MODEL BASED ON THE STRUCTURE–ACIDITY–DIFFUSION 
│   │   APPROACH/extract/output_clean.md
│   ├── Saved 0 tables (txt & csv) to tests/runs/2026-07-31_17-39-11/2026 - 
│   │   EVOLUTION OF FCC CATALYSTS AND SELECTIVITY MECHANISMS_ A CONCEPTUAL 
│   │   MODEL BASED ON THE STRUCTURE–ACIDITY–DIFFUSION APPROACH/extract/tables
│   └── Saved execution logs to tests/runs/2026-07-31_17-39-11/2026 - EVOLUTION 
│       OF FCC CATALYSTS AND SELECTIVITY MECHANISMS_ A CONCEPTUAL MODEL BASED ON
│       THE STRUCTURE–ACIDITY–DIFFUSION APPROACH/extract/log_2026 - EVOLUTION OF
│       FCC CATALYSTS AND SELECTIVITY MECHANISMS_ A CONCEPTUAL MODEL BASED ON 
│       THE STRUCTURE–ACIDITY–DIFFUSION APPROACH.pdf.log
├── ✓ Categorised extracted tables using gemma4:31b (completed in 0.00s)
│   └── No tables found to categorise
├── ⚠ No extracted tables found to interpret.
└── Total time taken: 6.24s📄 2026 - Electrodeposition of zero-valent selenium nanoparticles onto glassy 
carbon electrode from ethaline deep eutectic solvent.pdf
├── ✓ Extracted text & tables (completed in 344.23s)
│   ├── Hardware Acceleration: GPU Active (CUDA (NVIDIA A100-SXM4-80GB))
│   ├── Extracted text & tables in-memory
│   ├── Saved cleaned PDF to tests/runs/2026-07-31_17-39-11/2026 - 
│   │   Electrodeposition of zero-valent selenium nanoparticles onto glassy 
│   │   carbon electrode from ethaline deep eutectic solvent/extract/clean_2026 
│   │   - Electrodeposition of zero-valent selenium nanoparticles onto glassy 
│   │   carbon electrode from ethaline deep eutectic solvent.pdf
│   ├── Saved unclean markdown to tests/runs/2026-07-31_17-39-11/2026 - 
│   │   Electrodeposition of zero-valent selenium nanoparticles onto glassy 
│   │   carbon electrode from ethaline deep eutectic solvent/extract/output.md
│   ├── Saved cleaned markdown to tests/runs/2026-07-31_17-39-11/2026 - 
│   │   Electrodeposition of zero-valent selenium nanoparticles onto glassy 
│   │   carbon electrode from ethaline deep eutectic 
│   │   solvent/extract/output_clean.md
│   ├── Saved 2 tables (txt & csv) to tests/runs/2026-07-31_17-39-11/2026 - 
│   │   Electrodeposition of zero-valent selenium nanoparticles onto glassy 
│   │   carbon electrode from ethaline deep eutectic solvent/extract/tables
│   └── Saved execution logs to tests/runs/2026-07-31_17-39-11/2026 - 
│       Electrodeposition of zero-valent selenium nanoparticles onto glassy 
│       carbon electrode from ethaline deep eutectic solvent/extract/log_2026 - 
│       Electrodeposition of zero-valent selenium nanoparticles onto glassy 
│       carbon electrode from ethaline deep eutectic solvent.pdf.log
├── ✓ Categorised extracted tables using gemma4:31b (completed in 42.47s) (Total
│   tokens: 2113 in, 113 out)
│   ├── table1.txt: Not flagged (no polymers) (tokens: 1023 in, 55 out)
│   └── table2.txt: Not flagged (no experimental data, no polymers) (tokens: 
│       1090 in, 58 out)
├── ⚠ No tables categorized as containing required parameters. Skipping 
│   interpretation.
└── Total time taken: 387.04s📄 2026 - Electrolyte-Dependent, “Microscopically Irreversible” H-Atom Transfer 
Kinetics of Ce-Based Metal–Organic Framework, Ce-MOF-808.pdf
├── ✓ Extracted text & tables (completed in 200.45s)
│   ├── Hardware Acceleration: GPU Active (CUDA (NVIDIA A100-SXM4-80GB))
│   ├── Extracted text & tables in-memory
│   ├── Saved cleaned PDF to tests/runs/2026-07-31_17-39-11/2026 - 
│   │   Electrolyte-Dependent, “Microscopically Irreversible” H-Atom Transfer 
│   │   Kinetics of Ce-Based Metal–Organic Framework, 
│   │   Ce-MOF-808/extract/clean_2026 - Electrolyte-Dependent, “Microscopically 
│   │   Irreversible” H-Atom Transfer Kinetics of Ce-Based Metal–Organic 
│   │   Framework, Ce-MOF-808.pdf
│   ├── Saved unclean markdown to tests/runs/2026-07-31_17-39-11/2026 - 
│   │   Electrolyte-Dependent, “Microscopically Irreversible” H-Atom Transfer 
│   │   Kinetics of Ce-Based Metal–Organic Framework, 
│   │   Ce-MOF-808/extract/output.md
│   ├── Saved cleaned markdown to tests/runs/2026-07-31_17-39-11/2026 - 
│   │   Electrolyte-Dependent, “Microscopically Irreversible” H-Atom Transfer 
│   │   Kinetics of Ce-Based Metal–Organic Framework, 
│   │   Ce-MOF-808/extract/output_clean.md
│   ├── Saved 4 tables (txt & csv) to tests/runs/2026-07-31_17-39-11/2026 - 
│   │   Electrolyte-Dependent, “Microscopically Irreversible” H-Atom Transfer 
│   │   Kinetics of Ce-Based Metal–Organic Framework, Ce-MOF-808/extract/tables
│   └── Saved execution logs to tests/runs/2026-07-31_17-39-11/2026 - 
│       Electrolyte-Dependent, “Microscopically Irreversible” H-Atom Transfer 
│       Kinetics of Ce-Based Metal–Organic Framework, 
│       Ce-MOF-808/extract/log_2026 - Electrolyte-Dependent, “Microscopically 
│       Irreversible” H-Atom Transfer Kinetics of Ce-Based Metal–Organic 
│       Framework, Ce-MOF-808.pdf.log
├── ✓ Categorised extracted tables using gemma4:31b (completed in 84.89s) (Total
│   tokens: 7704 in, 255 out)
│   ├── table1.txt: Not flagged (no polymers) (tokens: 1364 in, 55 out)
│   ├── table2.txt: Not flagged (no polymers) (tokens: 3786 in, 67 out)
│   ├── table3.txt: Not flagged (no experimental data, no polymers) (tokens: 
│   │   1194 in, 66 out)
│   └── table4.txt: Not flagged (no experimental data, no polymers) (tokens: 
│       1360 in, 67 out)
├── ⚠ No tables categorized as containing required parameters. Skipping 
│   interpretation.
└── Total time taken: 285.64s📄 2026 - Eliminating the negative pore synergy in hierarchical porous 
metal-organic frameworks for isomer separation.pdf
├── ✓ Extracted text & tables (completed in 86.59s)
│   ├── Hardware Acceleration: GPU Active (CUDA (NVIDIA A100-SXM4-80GB))
│   ├── Extracted text & tables in-memory
│   ├── Saved cleaned PDF to tests/runs/2026-07-31_17-39-11/2026 - Eliminating 
│   │   the negative pore synergy in hierarchical porous metal-organic 
│   │   frameworks for isomer separation/extract/clean_2026 - Eliminating the 
│   │   negative pore synergy in hierarchical porous metal-organic frameworks 
│   │   for isomer separation.pdf
│   ├── Saved unclean markdown to tests/runs/2026-07-31_17-39-11/2026 - 
│   │   Eliminating the negative pore synergy in hierarchical porous 
│   │   metal-organic frameworks for isomer separation/extract/output.md
│   ├── Saved cleaned markdown to tests/runs/2026-07-31_17-39-11/2026 - 
│   │   Eliminating the negative pore synergy in hierarchical porous 
│   │   metal-organic frameworks for isomer separation/extract/output_clean.md
│   ├── Saved 0 tables (txt & csv) to tests/runs/2026-07-31_17-39-11/2026 - 
│   │   Eliminating the negative pore synergy in hierarchical porous 
│   │   metal-organic frameworks for isomer separation/extract/tables
│   └── Saved execution logs to tests/runs/2026-07-31_17-39-11/2026 - 
│       Eliminating the negative pore synergy in hierarchical porous 
│       metal-organic frameworks for isomer separation/extract/log_2026 - 
│       Eliminating the negative pore synergy in hierarchical porous 
│       metal-organic frameworks for isomer separation.pdf.log
├── ✓ Categorised extracted tables using gemma4:31b (completed in 0.00s)
│   └── No tables found to categorise
├── ⚠ No extracted tables found to interpret.
└── Total time taken: 86.80s📄 2026 - Elucidation of superionic conduction in K _sub_2__sub_ NiF 
_sub_4__sub_ -type Ba–Li oxyhydrides from a first-principles molecular dynamics 
study.pdf
├── ✓ Extracted text & tables (completed in 33.04s)
│   ├── Hardware Acceleration: GPU Active (CUDA (NVIDIA A100-SXM4-80GB))
│   ├── Extracted text & tables in-memory
│   ├── Saved cleaned PDF to tests/runs/2026-07-31_17-39-11/2026 - Elucidation 
│   │   of superionic conduction in K _sub_2__sub_ NiF _sub_4__sub_ -type Ba–Li 
│   │   oxyhydrides from a first-principles molecular dynamics 
│   │   study/extract/clean_2026 - Elucidation of superionic conduction in K 
│   │   _sub_2__sub_ NiF _sub_4__sub_ -type Ba–Li oxyhydrides from a 
│   │   first-principles molecular dynamics study.pdf
│   ├── Saved unclean markdown to tests/runs/2026-07-31_17-39-11/2026 - 
│   │   Elucidation of superionic conduction in K _sub_2__sub_ NiF _sub_4__sub_ 
│   │   -type Ba–Li oxyhydrides from a first-principles molecular dynamics 
│   │   study/extract/output.md
│   ├── Saved cleaned markdown to tests/runs/2026-07-31_17-39-11/2026 - 
│   │   Elucidation of superionic conduction in K _sub_2__sub_ NiF _sub_4__sub_ 
│   │   -type Ba–Li oxyhydrides from a first-principles molecular dynamics 
│   │   study/extract/output_clean.md
│   ├── Saved 1 tables (txt & csv) to tests/runs/2026-07-31_17-39-11/2026 - 
│   │   Elucidation of superionic conduction in K _sub_2__sub_ NiF _sub_4__sub_ 
│   │   -type Ba–Li oxyhydrides from a first-principles molecular dynamics 
│   │   study/extract/tables
│   └── Saved execution logs to tests/runs/2026-07-31_17-39-11/2026 - 
│       Elucidation of superionic conduction in K _sub_2__sub_ NiF _sub_4__sub_ 
│       -type Ba–Li oxyhydrides from a first-principles molecular dynamics 
│       study/extract/log_2026 - Elucidation of superionic conduction in K 
│       _sub_2__sub_ NiF _sub_4__sub_ -type Ba–Li oxyhydrides from a 
│       first-principles molecular dynamics study.pdf.log
├── ✓ Categorised extracted tables using gemma4:31b (completed in 17.42s) (Total
│   tokens: 1676 in, 67 out)
│   └── table1.txt: Not flagged (no experimental data, no polymers) (tokens: 
│       1676 in, 67 out)
├── ⚠ No tables categorized as containing required parameters. Skipping 
│   interpretation.
└── Total time taken: 50.58s📄 2026 - Enhancing Temperature Sensitivity of Redox Potential via Redox-Induced
Change in Copper Coordination Number by an External Ligand.pdf
├── ✓ Extracted text & tables (completed in 16.40s)
│   ├── Hardware Acceleration: GPU Active (CUDA (NVIDIA A100-SXM4-80GB))
│   ├── Extracted text & tables in-memory
│   ├── Saved cleaned PDF to tests/runs/2026-07-31_17-39-11/2026 - Enhancing 
│   │   Temperature Sensitivity of Redox Potential via Redox-Induced Change in 
│   │   Copper Coordination Number by an External Ligand/extract/clean_2026 - 
│   │   Enhancing Temperature Sensitivity of Redox Potential via Redox-Induced 
│   │   Change in Copper Coordination Number by an External Ligand.pdf
│   ├── Saved unclean markdown to tests/runs/2026-07-31_17-39-11/2026 - 
│   │   Enhancing Temperature Sensitivity of Redox Potential via Redox-Induced 
│   │   Change in Copper Coordination Number by an External 
│   │   Ligand/extract/output.md
│   ├── Saved cleaned markdown to tests/runs/2026-07-31_17-39-11/2026 - 
│   │   Enhancing Temperature Sensitivity of Redox Potential via Redox-Induced 
│   │   Change in Copper Coordination Number by an External 
│   │   Ligand/extract/output_clean.md
│   ├── Saved 1 tables (txt & csv) to tests/runs/2026-07-31_17-39-11/2026 - 
│   │   Enhancing Temperature Sensitivity of Redox Potential via Redox-Induced 
│   │   Change in Copper Coordination Number by an External 
│   │   Ligand/extract/tables
│   └── Saved execution logs to tests/runs/2026-07-31_17-39-11/2026 - Enhancing 
│       Temperature Sensitivity of Redox Potential via Redox-Induced Change in 
│       Copper Coordination Number by an External Ligand/extract/log_2026 - 
│       Enhancing Temperature Sensitivity of Redox Potential via Redox-Induced 
│       Change in Copper Coordination Number by an External Ligand.pdf.log
├── ✓ Categorised extracted tables using gemma4:31b (completed in 20.44s) (Total
│   tokens: 1891 in, 69 out)
│   └── table1.txt: Not flagged (no experimental data, no polymers) (tokens: 
│       1891 in, 69 out)
├── ⚠ No tables categorized as containing required parameters. Skipping 
│   interpretation.
└── Total time taken: 37.08s📄 2026 - Entropic Tug of War_ Topological Constraints Spontaneously Rectify the
Dynamics of a Polymer with Heterogeneous Fluctuations.pdf
├── ✓ Extracted text & tables (completed in 379.87s)
│   ├── Hardware Acceleration: GPU Active (CUDA (NVIDIA A100-SXM4-80GB))
│   ├── Extracted text & tables in-memory
│   ├── Saved cleaned PDF to tests/runs/2026-07-31_17-39-11/2026 - Entropic Tug 
│   │   of War_ Topological Constraints Spontaneously Rectify the Dynamics of a 
│   │   Polymer with Heterogeneous Fluctuations/extract/clean_2026 - Entropic 
│   │   Tug of War_ Topological Constraints Spontaneously Rectify the Dynamics 
│   │   of a Polymer with Heterogeneous Fluctuations.pdf
│   ├── Saved unclean markdown to tests/runs/2026-07-31_17-39-11/2026 - Entropic
│   │   Tug of War_ Topological Constraints Spontaneously Rectify the Dynamics 
│   │   of a Polymer with Heterogeneous Fluctuations/extract/output.md
│   ├── Saved cleaned markdown to tests/runs/2026-07-31_17-39-11/2026 - Entropic
│   │   Tug of War_ Topological Constraints Spontaneously Rectify the Dynamics 
│   │   of a Polymer with Heterogeneous Fluctuations/extract/output_clean.md
│   ├── Saved 0 tables (txt & csv) to tests/runs/2026-07-31_17-39-11/2026 - 
│   │   Entropic Tug of War_ Topological Constraints Spontaneously Rectify the 
│   │   Dynamics of a Polymer with Heterogeneous Fluctuations/extract/tables
│   └── Saved execution logs to tests/runs/2026-07-31_17-39-11/2026 - Entropic 
│       Tug of War_ Topological Constraints Spontaneously Rectify the Dynamics 
│       of a Polymer with Heterogeneous Fluctuations/extract/log_2026 - Entropic
│       Tug of War_ Topological Constraints Spontaneously Rectify the Dynamics 
│       of a Polymer with Heterogeneous Fluctuations.pdf.log
├── ✓ Categorised extracted tables using gemma4:31b (completed in 0.00s)
│   └── No tables found to categorise
├── ⚠ No extracted tables found to interpret.
└── Total time taken: 380.02s📄 2026 - Evaluation of Green Solvents for Soybean Oil Extraction Through 
Integration of COSMO-RS Screening, Accelerated Solvent Extraction, and Diffusion
Kinet.pdf
├── ✓ Extracted text & tables (completed in 35.84s)
│   ├── Hardware Acceleration: GPU Active (CUDA (NVIDIA A100-SXM4-80GB))
│   ├── Extracted text & tables in-memory
│   ├── Saved cleaned PDF to tests/runs/2026-07-31_17-39-11/2026 - Evaluation of
│   │   Green Solvents for Soybean Oil Extraction Through Integration of 
│   │   COSMO-RS Screening, Accelerated Solvent Extraction, and Diffusion 
│   │   Kinet/extract/clean_2026 - Evaluation of Green Solvents for Soybean Oil 
│   │   Extraction Through Integration of COSMO-RS Screening, Accelerated 
│   │   Solvent Extraction, and Diffusion Kinet.pdf
│   ├── Saved unclean markdown to tests/runs/2026-07-31_17-39-11/2026 - 
│   │   Evaluation of Green Solvents for Soybean Oil Extraction Through 
│   │   Integration of COSMO-RS Screening, Accelerated Solvent Extraction, and 
│   │   Diffusion Kinet/extract/output.md
│   ├── Saved cleaned markdown to tests/runs/2026-07-31_17-39-11/2026 - 
│   │   Evaluation of Green Solvents for Soybean Oil Extraction Through 
│   │   Integration of COSMO-RS Screening, Accelerated Solvent Extraction, and 
│   │   Diffusion Kinet/extract/output_clean.md
│   ├── Saved 7 tables (txt & csv) to tests/runs/2026-07-31_17-39-11/2026 - 
│   │   Evaluation of Green Solvents for Soybean Oil Extraction Through 
│   │   Integration of COSMO-RS Screening, Accelerated Solvent Extraction, and 
│   │   Diffusion Kinet/extract/tables
│   └── Saved execution logs to tests/runs/2026-07-31_17-39-11/2026 - Evaluation
│       of Green Solvents for Soybean Oil Extraction Through Integration of 
│       COSMO-RS Screening, Accelerated Solvent Extraction, and Diffusion 
│       Kinet/extract/log_2026 - Evaluation of Green Solvents for Soybean Oil 
│       Extraction Through Integration of COSMO-RS Screening, Accelerated 
│       Solvent Extraction, and Diffusion Kinet.pdf.log
├── ✓ Categorised extracted tables using gemma4:31b (completed in 129.65s) 
│   (Total tokens: 12119 in, 463 out)
│   ├── table1.txt: Not flagged (no experimental data, no polymers) (tokens: 
│   │   1045 in, 67 out)
│   ├── table2.txt: Not flagged (no experimental data, no polymers) (tokens: 
│   │   2958 in, 54 out)
│   ├── table3.txt: Not flagged (no experimental data, no polymers) (tokens: 
│   │   1297 in, 57 out)
│   ├── table4.txt: Not flagged (no polymers) (tokens: 1209 in, 78 out)
│   ├── table5.txt: raw (tokens: 1358 in, 87 out)
│   ├── table6.txt: Not flagged (no experimental data, no polymers) (tokens: 868
│   │   in, 66 out)
│   └── table7.txt: Not flagged (no experimental data, no polymers) (tokens: 
│       3384 in, 54 out)
├── ⚠ No tables categorized as containing required parameters. Skipping 
│   interpretation.
└── Total time taken: 165.70s📄 2026 - Exploiting a high-performance magnesium-fluoride battery prototype 
enabled by anion-receptor-mediated electrolyte.pdf
├── ✓ Extracted text & tables (completed in 43.57s)
│   ├── Hardware Acceleration: GPU Active (CUDA (NVIDIA A100-SXM4-80GB))
│   ├── Extracted text & tables in-memory
│   ├── Saved cleaned PDF to tests/runs/2026-07-31_17-39-11/2026 - Exploiting a 
│   │   high-performance magnesium-fluoride battery prototype enabled by 
│   │   anion-receptor-mediated electrolyte/extract/clean_2026 - Exploiting a 
│   │   high-performance magnesium-fluoride battery prototype enabled by 
│   │   anion-receptor-mediated electrolyte.pdf
│   ├── Saved unclean markdown to tests/runs/2026-07-31_17-39-11/2026 - 
│   │   Exploiting a high-performance magnesium-fluoride battery prototype 
│   │   enabled by anion-receptor-mediated electrolyte/extract/output.md
│   ├── Saved cleaned markdown to tests/runs/2026-07-31_17-39-11/2026 - 
│   │   Exploiting a high-performance magnesium-fluoride battery prototype 
│   │   enabled by anion-receptor-mediated electrolyte/extract/output_clean.md
│   ├── Saved 0 tables (txt & csv) to tests/runs/2026-07-31_17-39-11/2026 - 
│   │   Exploiting a high-performance magnesium-fluoride battery prototype 
│   │   enabled by anion-receptor-mediated electrolyte/extract/tables
│   └── Saved execution logs to tests/runs/2026-07-31_17-39-11/2026 - Exploiting
│       a high-performance magnesium-fluoride battery prototype enabled by 
│       anion-receptor-mediated electrolyte/extract/log_2026 - Exploiting a 
│       high-performance magnesium-fluoride battery prototype enabled by 
│       anion-receptor-mediated electrolyte.pdf.log
├── ✓ Categorised extracted tables using gemma4:31b (completed in 0.00s)
│   └── No tables found to categorise
├── ⚠ No extracted tables found to interpret.
└── Total time taken: 43.74s📄 2026 - First-Principles Simulations of Chemical Transformations in Nanoporous
Materials and Industrial Catalysts.pdf
├── ✓ Extracted text & tables (completed in 23.86s)
│   ├── Hardware Acceleration: GPU Active (CUDA (NVIDIA A100-SXM4-80GB))
│   ├── Extracted text & tables in-memory
│   ├── Saved cleaned PDF to tests/runs/2026-07-31_17-39-11/2026 - 
│   │   First-Principles Simulations of Chemical Transformations in Nanoporous 
│   │   Materials and Industrial Catalysts/extract/clean_2026 - First-Principles
│   │   Simulations of Chemical Transformations in Nanoporous Materials and 
│   │   Industrial Catalysts.pdf
│   ├── Saved unclean markdown to tests/runs/2026-07-31_17-39-11/2026 - 
│   │   First-Principles Simulations of Chemical Transformations in Nanoporous 
│   │   Materials and Industrial Catalysts/extract/output.md
│   ├── Saved cleaned markdown to tests/runs/2026-07-31_17-39-11/2026 - 
│   │   First-Principles Simulations of Chemical Transformations in Nanoporous 
│   │   Materials and Industrial Catalysts/extract/output_clean.md
│   ├── Saved 0 tables (txt & csv) to tests/runs/2026-07-31_17-39-11/2026 - 
│   │   First-Principles Simulations of Chemical Transformations in Nanoporous 
│   │   Materials and Industrial Catalysts/extract/tables
│   └── Saved execution logs to tests/runs/2026-07-31_17-39-11/2026 - 
│       First-Principles Simulations of Chemical Transformations in Nanoporous 
│       Materials and Industrial Catalysts/extract/log_2026 - First-Principles 
│       Simulations of Chemical Transformations in Nanoporous Materials and 
│       Industrial Catalysts.pdf.log
├── ✓ Categorised extracted tables using gemma4:31b (completed in 0.00s)
│   └── No tables found to categorise
├── ⚠ No extracted tables found to interpret.
└── Total time taken: 24.16s📄 2026 - First-principles simulation of spin diffusion in static solids using 
dynamic mean-field theory.pdf
├── ✓ Extracted text & tables (completed in 107.17s)
│   ├── Hardware Acceleration: GPU Active (CUDA (NVIDIA A100-SXM4-80GB))
│   ├── Extracted text & tables in-memory
│   ├── Saved cleaned PDF to tests/runs/2026-07-31_17-39-11/2026 - 
│   │   First-principles simulation of spin diffusion in static solids using 
│   │   dynamic mean-field theory/extract/clean_2026 - First-principles 
│   │   simulation of spin diffusion in static solids using dynamic mean-field 
│   │   theory.pdf
│   ├── Saved unclean markdown to tests/runs/2026-07-31_17-39-11/2026 - 
│   │   First-principles simulation of spin diffusion in static solids using 
│   │   dynamic mean-field theory/extract/output.md
│   ├── Saved cleaned markdown to tests/runs/2026-07-31_17-39-11/2026 - 
│   │   First-principles simulation of spin diffusion in static solids using 
│   │   dynamic mean-field theory/extract/output_clean.md
│   ├── Saved 5 tables (txt & csv) to tests/runs/2026-07-31_17-39-11/2026 - 
│   │   First-principles simulation of spin diffusion in static solids using 
│   │   dynamic mean-field theory/extract/tables
│   └── Saved execution logs to tests/runs/2026-07-31_17-39-11/2026 - 
│       First-principles simulation of spin diffusion in static solids using 
│       dynamic mean-field theory/extract/log_2026 - First-principles simulation
│       of spin diffusion in static solids using dynamic mean-field 
│       theory.pdf.log
├── ✓ Categorised extracted tables using gemma4:31b (completed in 90.00s) (Total
│   tokens: 7945 in, 296 out)
│   ├── table1.txt: Not flagged (no experimental data, no polymers) (tokens: 
│   │   3199 in, 57 out)
│   ├── table2.txt: Not flagged (no polymers) (tokens: 1090 in, 58 out)
│   ├── table3.txt: Not flagged (no experimental data, no polymers) (tokens: 
│   │   1267 in, 67 out)
│   ├── table4.txt: Not flagged (no polymers) (tokens: 1235 in, 57 out)
│   └── table5.txt: Not flagged (no experimental data, no polymers) (tokens: 
│       1154 in, 57 out)
├── ⚠ No tables categorized as containing required parameters. Skipping 
│   interpretation.
└── Total time taken: 197.35s📄 2026 - Functionalized poly(glycidylmethacrylate) for selective uranium( 
_scp_vi__scp_ ) adsorption_ experimental and theoretical calculation 
insights.pdf
├── ✓ Extracted text & tables (completed in 158.32s)
│   ├── Hardware Acceleration: GPU Active (CUDA (NVIDIA A100-SXM4-80GB))
│   ├── Extracted text & tables in-memory
│   ├── Saved cleaned PDF to tests/runs/2026-07-31_17-39-11/2026 - 
│   │   Functionalized poly(glycidylmethacrylate) for selective uranium( 
│   │   _scp_vi__scp_ ) adsorption_ experimental and theoretical calculation 
│   │   insights/extract/clean_2026 - Functionalized poly(glycidylmethacrylate) 
│   │   for selective uranium( _scp_vi__scp_ ) adsorption_ experimental and 
│   │   theoretical calculation insights.pdf
│   ├── Saved unclean markdown to tests/runs/2026-07-31_17-39-11/2026 - 
│   │   Functionalized poly(glycidylmethacrylate) for selective uranium( 
│   │   _scp_vi__scp_ ) adsorption_ experimental and theoretical calculation 
│   │   insights/extract/output.md
│   ├── Saved cleaned markdown to tests/runs/2026-07-31_17-39-11/2026 - 
│   │   Functionalized poly(glycidylmethacrylate) for selective uranium( 
│   │   _scp_vi__scp_ ) adsorption_ experimental and theoretical calculation 
│   │   insights/extract/output_clean.md
│   ├── Saved 7 tables (txt & csv) to tests/runs/2026-07-31_17-39-11/2026 - 
│   │   Functionalized poly(glycidylmethacrylate) for selective uranium( 
│   │   _scp_vi__scp_ ) adsorption_ experimental and theoretical calculation 
│   │   insights/extract/tables
│   └── Saved execution logs to tests/runs/2026-07-31_17-39-11/2026 - 
│       Functionalized poly(glycidylmethacrylate) for selective uranium( 
│       _scp_vi__scp_ ) adsorption_ experimental and theoretical calculation 
│       insights/extract/log_2026 - Functionalized poly(glycidylmethacrylate) 
│       for selective uranium( _scp_vi__scp_ ) adsorption_ experimental and 
│       theoretical calculation insights.pdf.log
├── ✓ Categorised extracted tables using gemma4:31b (completed in 124.19s) 
│   (Total tokens: 12590 in, 439 out)
│   ├── table1.txt: Not flagged (no experimental data, no polymers) (tokens: 
│   │   1574 in, 67 out)
│   ├── table2.txt: Not flagged (no experimental data, no polymers) (tokens: 
│   │   1214 in, 57 out)
│   ├── table3.txt: Not flagged (no experimental data, no polymers) (tokens: 
│   │   1733 in, 67 out)
│   ├── table4.txt: Not flagged (no experimental data, no polymers) (tokens: 
│   │   1734 in, 57 out)
│   ├── table5.txt: Not flagged (no experimental data, no polymers) (tokens: 
│   │   1631 in, 67 out)
│   ├── table6.txt: Not flagged (no experimental data, no polymers) (tokens: 
│   │   2317 in, 69 out)
│   └── table7.txt: Not flagged (no polymers) (tokens: 2387 in, 55 out)
├── ⚠ No tables categorized as containing required parameters. Skipping 
│   interpretation.
└── Total time taken: 282.73s📄 2026 - Harnessing confinement effect and interpretable machine learning to 
predict alkane diffusion in zeolite catalysts.pdf
├── ✓ Extracted text & tables (completed in 26.34s)
│   ├── Hardware Acceleration: GPU Active (CUDA (NVIDIA A100-SXM4-80GB))
│   ├── Extracted text & tables in-memory
│   ├── Saved cleaned PDF to tests/runs/2026-07-31_17-39-11/2026 - Harnessing 
│   │   confinement effect and interpretable machine learning to predict alkane 
│   │   diffusion in zeolite catalysts/extract/clean_2026 - Harnessing 
│   │   confinement effect and interpretable machine learning to predict alkane 
│   │   diffusion in zeolite catalysts.pdf
│   ├── Saved unclean markdown to tests/runs/2026-07-31_17-39-11/2026 - 
│   │   Harnessing confinement effect and interpretable machine learning to 
│   │   predict alkane diffusion in zeolite catalysts/extract/output.md
│   ├── Saved cleaned markdown to tests/runs/2026-07-31_17-39-11/2026 - 
│   │   Harnessing confinement effect and interpretable machine learning to 
│   │   predict alkane diffusion in zeolite catalysts/extract/output_clean.md
│   ├── Saved 0 tables (txt & csv) to tests/runs/2026-07-31_17-39-11/2026 - 
│   │   Harnessing confinement effect and interpretable machine learning to 
│   │   predict alkane diffusion in zeolite catalysts/extract/tables
│   └── Saved execution logs to tests/runs/2026-07-31_17-39-11/2026 - Harnessing
│       confinement effect and interpretable machine learning to predict alkane 
│       diffusion in zeolite catalysts/extract/log_2026 - Harnessing confinement
│       effect and interpretable machine learning to predict alkane diffusion in
│       zeolite catalysts.pdf.log
├── ✓ Categorised extracted tables using gemma4:31b (completed in 0.00s)
│   └── No tables found to categorise
├── ⚠ No extracted tables found to interpret.
└── Total time taken: 26.78s📄 2026 - Henry’s Solubility and Diffusion Coefficients for 29 Volatile Organic 
Compounds in Polydimethylsiloxane Sylgard 184 at 293 K.pdf
├── ✓ Extracted text & tables (completed in 188.12s)
│   ├── Hardware Acceleration: GPU Active (CUDA (NVIDIA A100-SXM4-80GB))
│   ├── Extracted text & tables in-memory
│   ├── Saved cleaned PDF to tests/runs/2026-07-31_17-39-11/2026 - Henry’s 
│   │   Solubility and Diffusion Coefficients for 29 Volatile Organic Compounds 
│   │   in Polydimethylsiloxane Sylgard 184 at 293 K/extract/clean_2026 - 
│   │   Henry’s Solubility and Diffusion Coefficients for 29 Volatile Organic 
│   │   Compounds in Polydimethylsiloxane Sylgard 184 at 293 K.pdf
│   ├── Saved unclean markdown to tests/runs/2026-07-31_17-39-11/2026 - Henry’s 
│   │   Solubility and Diffusion Coefficients for 29 Volatile Organic Compounds 
│   │   in Polydimethylsiloxane Sylgard 184 at 293 K/extract/output.md
│   ├── Saved cleaned markdown to tests/runs/2026-07-31_17-39-11/2026 - Henry’s 
│   │   Solubility and Diffusion Coefficients for 29 Volatile Organic Compounds 
│   │   in Polydimethylsiloxane Sylgard 184 at 293 K/extract/output_clean.md
│   ├── Saved 3 tables (txt & csv) to tests/runs/2026-07-31_17-39-11/2026 - 
│   │   Henry’s Solubility and Diffusion Coefficients for 29 Volatile Organic 
│   │   Compounds in Polydimethylsiloxane Sylgard 184 at 293 K/extract/tables
│   └── Saved execution logs to tests/runs/2026-07-31_17-39-11/2026 - Henry’s 
│       Solubility and Diffusion Coefficients for 29 Volatile Organic Compounds 
│       in Polydimethylsiloxane Sylgard 184 at 293 K/extract/log_2026 - Henry’s 
│       Solubility and Diffusion Coefficients for 29 Volatile Organic Compounds 
│       in Polydimethylsiloxane Sylgard 184 at 293 K.pdf.log
├── ✓ Categorised extracted tables using gemma4:31b (completed in 59.00s) (Total
│   tokens: 6738 in, 179 out)
│   ├── table1.txt: Not flagged (no experimental data, no polymers) (tokens: 
│   │   2202 in, 57 out)
│   ├── table2.txt: Not flagged (no polymers) (tokens: 2225 in, 67 out)
│   └── table3.txt: raw (tokens: 2311 in, 55 out)
├── ⚠ No tables categorized as containing required parameters. Skipping 
│   interpretation.
└── Total time taken: 247.49s📄 2026 - Hydrophobic hydration of analgesics and diltiazem complexes explored 
by electrochemical impedance spectroscopy and diffusion-ordered spectroscopy.pdf
├── ✓ Extracted text & tables (completed in 114.52s)
│   ├── Hardware Acceleration: GPU Active (CUDA (NVIDIA A100-SXM4-80GB))
│   ├── Extracted text & tables in-memory
│   ├── Saved cleaned PDF to tests/runs/2026-07-31_17-39-11/2026 - Hydrophobic 
│   │   hydration of analgesics and diltiazem complexes explored by 
│   │   electrochemical impedance spectroscopy and diffusion-ordered 
│   │   spectroscopy/extract/clean_2026 - Hydrophobic hydration of analgesics 
│   │   and diltiazem complexes explored by electrochemical impedance 
│   │   spectroscopy and diffusion-ordered spectroscopy.pdf
│   ├── Saved unclean markdown to tests/runs/2026-07-31_17-39-11/2026 - 
│   │   Hydrophobic hydration of analgesics and diltiazem complexes explored by 
│   │   electrochemical impedance spectroscopy and diffusion-ordered 
│   │   spectroscopy/extract/output.md
│   ├── Saved cleaned markdown to tests/runs/2026-07-31_17-39-11/2026 - 
│   │   Hydrophobic hydration of analgesics and diltiazem complexes explored by 
│   │   electrochemical impedance spectroscopy and diffusion-ordered 
│   │   spectroscopy/extract/output_clean.md
│   ├── Saved 2 tables (txt & csv) to tests/runs/2026-07-31_17-39-11/2026 - 
│   │   Hydrophobic hydration of analgesics and diltiazem complexes explored by 
│   │   electrochemical impedance spectroscopy and diffusion-ordered 
│   │   spectroscopy/extract/tables
│   └── Saved execution logs to tests/runs/2026-07-31_17-39-11/2026 - 
│       Hydrophobic hydration of analgesics and diltiazem complexes explored by 
│       electrochemical impedance spectroscopy and diffusion-ordered 
│       spectroscopy/extract/log_2026 - Hydrophobic hydration of analgesics and 
│       diltiazem complexes explored by electrochemical impedance spectroscopy 
│       and diffusion-ordered spectroscopy.pdf.log
├── ✓ Categorised extracted tables using gemma4:31b (completed in 40.38s) (Total
│   tokens: 3608 in, 146 out)
│   ├── table1.txt: Not flagged (no polymers) (tokens: 1249 in, 57 out)
│   └── table2.txt: Not flagged (no polymers) (tokens: 2359 in, 89 out)
├── ⚠ No tables categorized as containing required parameters. Skipping 
│   interpretation.
└── Total time taken: 155.03s📄 2026 - Hydroxyalkylation of Benzylic C─H Bonds via Heterogeneous 
Photocatalysis.pdf
├── ✓ Extracted text & tables (completed in 10.77s)
│   ├── Hardware Acceleration: GPU Active (CUDA (NVIDIA A100-SXM4-80GB))
│   ├── Extracted text & tables in-memory
│   ├── Saved cleaned PDF to tests/runs/2026-07-31_17-39-11/2026 - 
│   │   Hydroxyalkylation of Benzylic C─H Bonds via Heterogeneous 
│   │   Photocatalysis/extract/clean_2026 - Hydroxyalkylation of Benzylic C─H 
│   │   Bonds via Heterogeneous Photocatalysis.pdf
│   ├── Saved unclean markdown to tests/runs/2026-07-31_17-39-11/2026 - 
│   │   Hydroxyalkylation of Benzylic C─H Bonds via Heterogeneous 
│   │   Photocatalysis/extract/output.md
│   ├── Saved cleaned markdown to tests/runs/2026-07-31_17-39-11/2026 - 
│   │   Hydroxyalkylation of Benzylic C─H Bonds via Heterogeneous 
│   │   Photocatalysis/extract/output_clean.md
│   ├── Saved 1 tables (txt & csv) to tests/runs/2026-07-31_17-39-11/2026 - 
│   │   Hydroxyalkylation of Benzylic C─H Bonds via Heterogeneous 
│   │   Photocatalysis/extract/tables
│   └── Saved execution logs to tests/runs/2026-07-31_17-39-11/2026 - 
│       Hydroxyalkylation of Benzylic C─H Bonds via Heterogeneous 
│       Photocatalysis/extract/log_2026 - Hydroxyalkylation of Benzylic C─H 
│       Bonds via Heterogeneous Photocatalysis.pdf.log
├── ✓ Categorised extracted tables using gemma4:31b (completed in 15.43s) (Total
│   tokens: 1249 in, 67 out)
│   └── table1.txt: Not flagged (no experimental data, no polymers) (tokens: 
│       1249 in, 67 out)
├── ⚠ No tables categorized as containing required parameters. Skipping 
│   interpretation.
└── Total time taken: 26.34s📄 2026 - Impact of Common Additives on the Micellization Properties of a 
Short-Alkyl-Chain Surface-Active Ionic Liquid in Aqueous Solution.pdf
├── ✓ Extracted text & tables (completed in 29.10s)
│   ├── Hardware Acceleration: GPU Active (CUDA (NVIDIA A100-SXM4-80GB))
│   ├── Extracted text & tables in-memory
│   ├── Saved cleaned PDF to tests/runs/2026-07-31_17-39-11/2026 - Impact of 
│   │   Common Additives on the Micellization Properties of a Short-Alkyl-Chain 
│   │   Surface-Active Ionic Liquid in Aqueous Solution/extract/clean_2026 - 
│   │   Impact of Common Additives on the Micellization Properties of a 
│   │   Short-Alkyl-Chain Surface-Active Ionic Liquid in Aqueous Solution.pdf
│   ├── Saved unclean markdown to tests/runs/2026-07-31_17-39-11/2026 - Impact 
│   │   of Common Additives on the Micellization Properties of a 
│   │   Short-Alkyl-Chain Surface-Active Ionic Liquid in Aqueous 
│   │   Solution/extract/output.md
│   ├── Saved cleaned markdown to tests/runs/2026-07-31_17-39-11/2026 - Impact 
│   │   of Common Additives on the Micellization Properties of a 
│   │   Short-Alkyl-Chain Surface-Active Ionic Liquid in Aqueous 
│   │   Solution/extract/output_clean.md
│   ├── Saved 2 tables (txt & csv) to tests/runs/2026-07-31_17-39-11/2026 - 
│   │   Impact of Common Additives on the Micellization Properties of a 
│   │   Short-Alkyl-Chain Surface-Active Ionic Liquid in Aqueous 
│   │   Solution/extract/tables
│   └── Saved execution logs to tests/runs/2026-07-31_17-39-11/2026 - Impact of 
│       Common Additives on the Micellization Properties of a Short-Alkyl-Chain 
│       Surface-Active Ionic Liquid in Aqueous Solution/extract/log_2026 - 
│       Impact of Common Additives on the Micellization Properties of a 
│       Short-Alkyl-Chain Surface-Active Ionic Liquid in Aqueous 
│       Solution.pdf.log
├── ✓ Categorised extracted tables using gemma4:31b (completed in 39.19s) (Total
│   tokens: 3888 in, 124 out)
│   ├── table1.txt: Not flagged (no polymers) (tokens: 1972 in, 67 out)
│   └── table2.txt: Not flagged (no polymers) (tokens: 1916 in, 57 out)
├── ⚠ No tables categorized as containing required parameters. Skipping 
│   interpretation.
└── Total time taken: 68.43s📄 2026 - In situ electro-polymerized polyaniline thin film on highly porous 
carbon fiber felt for extraction and chromatographic detection of non-steroidal 
ant.pdf
├── ✓ Extracted text & tables (completed in 23.34s)
│   ├── Hardware Acceleration: GPU Active (CUDA (NVIDIA A100-SXM4-80GB))
│   ├── Extracted text & tables in-memory
│   ├── Saved cleaned PDF to tests/runs/2026-07-31_17-39-11/2026 - In situ 
│   │   electro-polymerized polyaniline thin film on highly porous carbon fiber 
│   │   felt for extraction and chromatographic detection of non-steroidal 
│   │   ant/extract/clean_2026 - In situ electro-polymerized polyaniline thin 
│   │   film on highly porous carbon fiber felt for extraction and 
│   │   chromatographic detection of non-steroidal ant.pdf
│   ├── Saved unclean markdown to tests/runs/2026-07-31_17-39-11/2026 - In situ 
│   │   electro-polymerized polyaniline thin film on highly porous carbon fiber 
│   │   felt for extraction and chromatographic detection of non-steroidal 
│   │   ant/extract/output.md
│   ├── Saved cleaned markdown to tests/runs/2026-07-31_17-39-11/2026 - In situ 
│   │   electro-polymerized polyaniline thin film on highly porous carbon fiber 
│   │   felt for extraction and chromatographic detection of non-steroidal 
│   │   ant/extract/output_clean.md
│   ├── Saved 3 tables (txt & csv) to tests/runs/2026-07-31_17-39-11/2026 - In 
│   │   situ electro-polymerized polyaniline thin film on highly porous carbon 
│   │   fiber felt for extraction and chromatographic detection of non-steroidal
│   │   ant/extract/tables
│   └── Saved execution logs to tests/runs/2026-07-31_17-39-11/2026 - In situ 
│       electro-polymerized polyaniline thin film on highly porous carbon fiber 
│       felt for extraction and chromatographic detection of non-steroidal 
│       ant/extract/log_2026 - In situ electro-polymerized polyaniline thin film
│       on highly porous carbon fiber felt for extraction and chromatographic 
│       detection of non-steroidal ant.pdf.log
├── ✓ Categorised extracted tables using gemma4:31b (completed in 48.73s) (Total
│   tokens: 3841 in, 176 out)
│   ├── table1.txt: Not flagged (no experimental data, no polymers) (tokens: 
│   │   1020 in, 54 out)
│   ├── table2.txt: Not flagged (no experimental data, no polymers) (tokens: 
│   │   1655 in, 67 out)
│   └── table3.txt: Not flagged (no experimental data, no polymers) (tokens: 
│       1166 in, 55 out)
├── ⚠ No tables categorized as containing required parameters. Skipping 
│   interpretation.
└── Total time taken: 72.21s📄 2026 - Incorporation of Ion Transport Chains into Multivariate MOF for 
Improved Water Oxidation.pdf
├── ✓ Extracted text & tables (completed in 16.07s)
│   ├── Hardware Acceleration: GPU Active (CUDA (NVIDIA A100-SXM4-80GB))
│   ├── Extracted text & tables in-memory
│   ├── Saved cleaned PDF to tests/runs/2026-07-31_17-39-11/2026 - Incorporation
│   │   of Ion Transport Chains into Multivariate MOF for Improved Water 
│   │   Oxidation/extract/clean_2026 - Incorporation of Ion Transport Chains 
│   │   into Multivariate MOF for Improved Water Oxidation.pdf
│   ├── Saved unclean markdown to tests/runs/2026-07-31_17-39-11/2026 - 
│   │   Incorporation of Ion Transport Chains into Multivariate MOF for Improved
│   │   Water Oxidation/extract/output.md
│   ├── Saved cleaned markdown to tests/runs/2026-07-31_17-39-11/2026 - 
│   │   Incorporation of Ion Transport Chains into Multivariate MOF for Improved
│   │   Water Oxidation/extract/output_clean.md
│   ├── Saved 0 tables (txt & csv) to tests/runs/2026-07-31_17-39-11/2026 - 
│   │   Incorporation of Ion Transport Chains into Multivariate MOF for Improved
│   │   Water Oxidation/extract/tables
│   └── Saved execution logs to tests/runs/2026-07-31_17-39-11/2026 - 
│       Incorporation of Ion Transport Chains into Multivariate MOF for Improved
│       Water Oxidation/extract/log_2026 - Incorporation of Ion Transport Chains
│       into Multivariate MOF for Improved Water Oxidation.pdf.log
├── ✓ Categorised extracted tables using gemma4:31b (completed in 0.00s)
│   └── No tables found to categorise
├── ⚠ No extracted tables found to interpret.
└── Total time taken: 16.85s📄 2026 - Incorporation of NU-1000 into cellulose acetate membranes with 
preserved indoxyl sulfate adsorption.pdf
├── ✓ Extracted text & tables (completed in 65.11s)
│   ├── Hardware Acceleration: GPU Active (CUDA (NVIDIA A100-SXM4-80GB))
│   ├── Extracted text & tables in-memory
│   ├── Saved cleaned PDF to tests/runs/2026-07-31_17-39-11/2026 - Incorporation
│   │   of NU-1000 into cellulose acetate membranes with preserved indoxyl 
│   │   sulfate adsorption/extract/clean_2026 - Incorporation of NU-1000 into 
│   │   cellulose acetate membranes with preserved indoxyl sulfate 
│   │   adsorption.pdf
│   ├── Saved unclean markdown to tests/runs/2026-07-31_17-39-11/2026 - 
│   │   Incorporation of NU-1000 into cellulose acetate membranes with preserved
│   │   indoxyl sulfate adsorption/extract/output.md
│   ├── Saved cleaned markdown to tests/runs/2026-07-31_17-39-11/2026 - 
│   │   Incorporation of NU-1000 into cellulose acetate membranes with preserved
│   │   indoxyl sulfate adsorption/extract/output_clean.md
│   ├── Saved 2 tables (txt & csv) to tests/runs/2026-07-31_17-39-11/2026 - 
│   │   Incorporation of NU-1000 into cellulose acetate membranes with preserved
│   │   indoxyl sulfate adsorption/extract/tables
│   └── Saved execution logs to tests/runs/2026-07-31_17-39-11/2026 - 
│       Incorporation of NU-1000 into cellulose acetate membranes with preserved
│       indoxyl sulfate adsorption/extract/log_2026 - Incorporation of NU-1000 
│       into cellulose acetate membranes with preserved indoxyl sulfate 
│       adsorption.pdf.log
├── ✓ Categorised extracted tables using gemma4:31b (completed in 31.13s) (Total
│   tokens: 1766 in, 109 out)
│   ├── table1.txt: Not flagged (no polymers) (tokens: 984 in, 55 out)
│   └── table2.txt: Not flagged (no experimental data, no polymers) (tokens: 782
│       in, 54 out)
├── ⚠ No tables categorized as containing required parameters. Skipping 
│   interpretation.
└── Total time taken: 96.80s📄 2026 - Integral-equation analysis of transient diffusion-limited currents at 
disk electrodes_ Asymptotic expansion and compact approximation.pdf
├── ✓ Extracted text & tables (completed in 264.06s)
│   ├── Hardware Acceleration: GPU Active (CUDA (NVIDIA A100-SXM4-80GB))
│   ├── Extracted text & tables in-memory
│   ├── Saved cleaned PDF to tests/runs/2026-07-31_17-39-11/2026 - 
│   │   Integral-equation analysis of transient diffusion-limited currents at 
│   │   disk electrodes_ Asymptotic expansion and compact 
│   │   approximation/extract/clean_2026 - Integral-equation analysis of 
│   │   transient diffusion-limited currents at disk electrodes_ Asymptotic 
│   │   expansion and compact approximation.pdf
│   ├── Saved unclean markdown to tests/runs/2026-07-31_17-39-11/2026 - 
│   │   Integral-equation analysis of transient diffusion-limited currents at 
│   │   disk electrodes_ Asymptotic expansion and compact 
│   │   approximation/extract/output.md
│   ├── Saved cleaned markdown to tests/runs/2026-07-31_17-39-11/2026 - 
│   │   Integral-equation analysis of transient diffusion-limited currents at 
│   │   disk electrodes_ Asymptotic expansion and compact 
│   │   approximation/extract/output_clean.md
│   ├── Saved 2 tables (txt & csv) to tests/runs/2026-07-31_17-39-11/2026 - 
│   │   Integral-equation analysis of transient diffusion-limited currents at 
│   │   disk electrodes_ Asymptotic expansion and compact 
│   │   approximation/extract/tables
│   └── Saved execution logs to tests/runs/2026-07-31_17-39-11/2026 - 
│       Integral-equation analysis of transient diffusion-limited currents at 
│       disk electrodes_ Asymptotic expansion and compact 
│       approximation/extract/log_2026 - Integral-equation analysis of transient
│       diffusion-limited currents at disk electrodes_ Asymptotic expansion and 
│       compact approximation.pdf.log
├── ✓ Categorised extracted tables using gemma4:31b (completed in 39.52s) (Total
│   tokens: 2921 in, 112 out)
│   ├── table1.txt: Not flagged (no experimental data, no polymers) (tokens: 
│   │   1671 in, 55 out)
│   └── table2.txt: Not flagged (no experimental data, no polymers) (tokens: 
│       1250 in, 57 out)
├── ⚠ No tables categorized as containing required parameters. Skipping 
│   interpretation.
└── Total time taken: 303.69s📄 2026 - Integrated Experimental and Computational Insights into the Systematic
Synthesis of Cyclodextrin-based MOF.pdf
├── ✓ Extracted text & tables (completed in 116.49s)
│   ├── Hardware Acceleration: GPU Active (CUDA (NVIDIA A100-SXM4-80GB))
│   ├── Extracted text & tables in-memory
│   ├── Saved cleaned PDF to tests/runs/2026-07-31_17-39-11/2026 - Integrated 
│   │   Experimental and Computational Insights into the Systematic Synthesis of
│   │   Cyclodextrin-based MOF/extract/clean_2026 - Integrated Experimental and 
│   │   Computational Insights into the Systematic Synthesis of 
│   │   Cyclodextrin-based MOF.pdf
│   ├── Saved unclean markdown to tests/runs/2026-07-31_17-39-11/2026 - 
│   │   Integrated Experimental and Computational Insights into the Systematic 
│   │   Synthesis of Cyclodextrin-based MOF/extract/output.md
│   ├── Saved cleaned markdown to tests/runs/2026-07-31_17-39-11/2026 - 
│   │   Integrated Experimental and Computational Insights into the Systematic 
│   │   Synthesis of Cyclodextrin-based MOF/extract/output_clean.md
│   ├── Saved 3 tables (txt & csv) to tests/runs/2026-07-31_17-39-11/2026 - 
│   │   Integrated Experimental and Computational Insights into the Systematic 
│   │   Synthesis of Cyclodextrin-based MOF/extract/tables
│   └── Saved execution logs to tests/runs/2026-07-31_17-39-11/2026 - Integrated
│       Experimental and Computational Insights into the Systematic Synthesis of
│       Cyclodextrin-based MOF/extract/log_2026 - Integrated Experimental and 
│       Computational Insights into the Systematic Synthesis of 
│       Cyclodextrin-based MOF.pdf.log
├── ✓ Categorised extracted tables using gemma4:31b (completed in 51.31s) (Total
│   tokens: 4614 in, 189 out)
│   ├── table1.txt: Not flagged (no experimental data, no polymers) (tokens: 
│   │   1083 in, 67 out)
│   ├── table2.txt: Not flagged (no experimental data, no polymers) (tokens: 
│   │   1826 in, 55 out)
│   └── table3.txt: Not flagged (no experimental data, no polymers) (tokens: 
│       1705 in, 67 out)
├── ⚠ No tables categorized as containing required parameters. Skipping 
│   interpretation.
└── Total time taken: 168.69s📄 2026 - Intermolecular interactions governing adsorption of bulky molecules on
ZIF-8_ Insight from adsorption kinetics of benzene and 6-membered ring 
alicycli.pdf
├── ✓ Extracted text & tables (completed in 104.25s)
│   ├── Hardware Acceleration: GPU Active (CUDA (NVIDIA A100-SXM4-80GB))
│   ├── Extracted text & tables in-memory
│   ├── Saved cleaned PDF to tests/runs/2026-07-31_17-39-11/2026 - 
│   │   Intermolecular interactions governing adsorption of bulky molecules on 
│   │   ZIF-8_ Insight from adsorption kinetics of benzene and 6-membered ring 
│   │   alicycli/extract/clean_2026 - Intermolecular interactions governing 
│   │   adsorption of bulky molecules on ZIF-8_ Insight from adsorption kinetics
│   │   of benzene and 6-membered ring alicycli.pdf
│   ├── Saved unclean markdown to tests/runs/2026-07-31_17-39-11/2026 - 
│   │   Intermolecular interactions governing adsorption of bulky molecules on 
│   │   ZIF-8_ Insight from adsorption kinetics of benzene and 6-membered ring 
│   │   alicycli/extract/output.md
│   ├── Saved cleaned markdown to tests/runs/2026-07-31_17-39-11/2026 - 
│   │   Intermolecular interactions governing adsorption of bulky molecules on 
│   │   ZIF-8_ Insight from adsorption kinetics of benzene and 6-membered ring 
│   │   alicycli/extract/output_clean.md
│   ├── Saved 3 tables (txt & csv) to tests/runs/2026-07-31_17-39-11/2026 - 
│   │   Intermolecular interactions governing adsorption of bulky molecules on 
│   │   ZIF-8_ Insight from adsorption kinetics of benzene and 6-membered ring 
│   │   alicycli/extract/tables
│   └── Saved execution logs to tests/runs/2026-07-31_17-39-11/2026 - 
│       Intermolecular interactions governing adsorption of bulky molecules on 
│       ZIF-8_ Insight from adsorption kinetics of benzene and 6-membered ring 
│       alicycli/extract/log_2026 - Intermolecular interactions governing 
│       adsorption of bulky molecules on ZIF-8_ Insight from adsorption kinetics
│       of benzene and 6-membered ring alicycli.pdf.log
├── ✓ Categorised extracted tables using gemma4:31b (completed in 53.56s) (Total
│   tokens: 7185 in, 169 out)
│   ├── table1.txt: Not flagged (no polymers) (tokens: 4036 in, 55 out)
│   ├── table2.txt: Not flagged (no polymers) (tokens: 1214 in, 57 out)
│   └── table3.txt: Not flagged (no experimental data, no polymers) (tokens: 
│       1935 in, 57 out)
├── ⚠ No tables categorized as containing required parameters. Skipping 
│   interpretation.
└── Total time taken: 157.96s📄 2026 - Ion Mobility Suite (IMoS) 2_ A General Computational Framework for 
Solving the Generalized Boltzmann Equation with Rotational Transport for 
Polyatomic.pdf
├── ✓ Extracted text & tables (completed in 119.40s)
│   ├── Hardware Acceleration: GPU Active (CUDA (NVIDIA A100-SXM4-80GB))
│   ├── Extracted text & tables in-memory
│   ├── Saved cleaned PDF to tests/runs/2026-07-31_17-39-11/2026 - Ion Mobility 
│   │   Suite (IMoS) 2_ A General Computational Framework for Solving the 
│   │   Generalized Boltzmann Equation with Rotational Transport for 
│   │   Polyatomic/extract/clean_2026 - Ion Mobility Suite (IMoS) 2_ A General 
│   │   Computational Framework for Solving the Generalized Boltzmann Equation 
│   │   with Rotational Transport for Polyatomic.pdf
│   ├── Saved unclean markdown to tests/runs/2026-07-31_17-39-11/2026 - Ion 
│   │   Mobility Suite (IMoS) 2_ A General Computational Framework for Solving 
│   │   the Generalized Boltzmann Equation with Rotational Transport for 
│   │   Polyatomic/extract/output.md
│   ├── Saved cleaned markdown to tests/runs/2026-07-31_17-39-11/2026 - Ion 
│   │   Mobility Suite (IMoS) 2_ A General Computational Framework for Solving 
│   │   the Generalized Boltzmann Equation with Rotational Transport for 
│   │   Polyatomic/extract/output_clean.md
│   ├── Saved 0 tables (txt & csv) to tests/runs/2026-07-31_17-39-11/2026 - Ion 
│   │   Mobility Suite (IMoS) 2_ A General Computational Framework for Solving 
│   │   the Generalized Boltzmann Equation with Rotational Transport for 
│   │   Polyatomic/extract/tables
│   └── Saved execution logs to tests/runs/2026-07-31_17-39-11/2026 - Ion 
│       Mobility Suite (IMoS) 2_ A General Computational Framework for Solving 
│       the Generalized Boltzmann Equation with Rotational Transport for 
│       Polyatomic/extract/log_2026 - Ion Mobility Suite (IMoS) 2_ A General 
│       Computational Framework for Solving the Generalized Boltzmann Equation 
│       with Rotational Transport for Polyatomic.pdf.log
├── ✓ Categorised extracted tables using gemma4:31b (completed in 0.00s)
│   └── No tables found to categorise
├── ⚠ No extracted tables found to interpret.
└── Total time taken: 119.92s
Extractor logs for 2026 - Lateral resolution of DGT LA-ICP-MS for chemical 
imaging of metal solutes.pdf before crash:
Running: parse_pdf
Raw PDF conversion timings:
{
  "pipeline_total": {
    "scope": "document",
    "count": 1,
    "times": [
      12.118768885964528
    ],
    "start_timestamps": [
      "2026-08-01 00:14:50.568062+00:00"
    ]
  },
  "page_parse": {
    "scope": "page",
    "count": 14,
    "times": [
      0.10806708806194365,
      0.12305953400209546,
      0.12436956097371876,
      0.11973553686402738,
      0.11201153416186571,
      0.11018626810982823,
      0.16485153697431087,
      0.2073337680194527,
      0.17880599899217486,
      0.24065164593048394,
      0.1795181999914348,
      0.1423539500683546,
      0.2214039780665189,
      0.17966677015647292
    ],
    "start_timestamps": [
      "2026-08-01 00:14:50.574677+00:00",
      "2026-08-01 00:14:50.682807+00:00",
      "2026-08-01 00:14:50.805909+00:00",
      "2026-08-01 00:14:50.930327+00:00",
      "2026-08-01 00:14:51.050115+00:00",
      "2026-08-01 00:14:51.162171+00:00",
      "2026-08-01 00:14:51.272407+00:00",
      "2026-08-01 00:14:51.437326+00:00",
      "2026-08-01 00:14:51.644689+00:00",
      "2026-08-01 00:14:51.823539+00:00",
      "2026-08-01 00:14:52.064252+00:00",
      "2026-08-01 00:14:52.243814+00:00",
      "2026-08-01 00:14:52.386216+00:00",
      "2026-08-01 00:14:52.607664+00:00"
    ]
  },
  "ocr": {
    "scope": "page",
    "count": 14,
    "times": [
      0.1269389190711081,
      0.12250330694951117,
      0.12204016605392098,
      2.186109279980883,
      0.13798512518405914,
      0.12120975297875702,
      2.2556080149952322,
      0.12196292798034847,
      0.11802713992074132,
      1.0631879118736833,
      0.12126278015784919,
      0.78632029495202,
      0.11919042887166142,
      0.1186170200817287
    ],
    "start_timestamps": [
      "2026-08-01 00:14:50.682890+00:00",
      "2026-08-01 00:14:50.809879+00:00",
      "2026-08-01 00:14:50.932425+00:00",
      "2026-08-01 00:14:51.054501+00:00",
      "2026-08-01 00:14:53.240699+00:00",
      "2026-08-01 00:14:53.378703+00:00",
      "2026-08-01 00:14:53.499920+00:00",
      "2026-08-01 00:14:55.755547+00:00",
      "2026-08-01 00:14:55.877520+00:00",
      "2026-08-01 00:14:55.995556+00:00",
      "2026-08-01 00:14:57.058761+00:00",
      "2026-08-01 00:14:57.180032+00:00",
      "2026-08-01 00:14:57.966369+00:00",
      "2026-08-01 00:14:58.085568+00:00"
    ]
  },
  "layout": {
    "scope": "page",
    "count": 4,
    "times": [
      0.2477217281702906,
      0.24126432999037206,
      0.029251872096210718,
      0.11788255698047578
    ],
    "start_timestamps": [
      "2026-08-01 00:14:50.809943+00:00",
      "2026-08-01 00:14:51.070104+00:00",
      "2026-08-01 00:14:53.240761+00:00",
      "2026-08-01 00:14:58.204353+00:00"
    ]
  },
  "table_structure": {
    "scope": "page",
    "count": 14,
    "times": [
      1.4967983588576317e-05,
      2.9315007850527763e-05,
      0.9160748291760683,
      1.856498420238495e-05,
      0.2659404710866511,
      2.549705095589161e-05,
      8.916947990655899e-06,
      1.0323655598331243,
      2.4595996364951134e-05,
      8.37491825222969e-06,
      1.0199146345257759e-05,
      7.764901965856552e-06,
      1.4287186786532402e-05,
      1.4196150004863739e-05
    ],
    "start_timestamps": [
      "2026-08-01 00:14:51.070175+00:00",
      "2026-08-01 00:14:51.336302+00:00",
      "2026-08-01 00:14:51.336336+00:00",
      "2026-08-01 00:14:53.283200+00:00",
      "2026-08-01 00:14:58.505214+00:00",
      "2026-08-01 00:14:58.771171+00:00",
      "2026-08-01 00:14:58.771199+00:00",
      "2026-08-01 00:14:58.771212+00:00",
      "2026-08-01 00:14:59.804036+00:00",
      "2026-08-01 00:14:59.804070+00:00",
      "2026-08-01 00:14:59.804082+00:00",
      "2026-08-01 00:14:59.804096+00:00",
      "2026-08-01 00:14:59.804125+00:00",
      "2026-08-01 00:14:59.804143+00:00"
    ]
  },
  "page_assemble": {
    "scope": "page",
    "count": 14,
    "times": [
      0.000677244970574975,
      0.0002419950906187296,
      0.0002308548428118229,
      0.00016361800953745842,
      0.0002597689162939787,
      0.00024386891163885593,
      7.582292892038822e-05,
      0.00018414692021906376,
      0.000195216853171587,
      2.9674964025616646e-05,
      0.00019438611343502998,
      7.327808998525143e-05,
      0.003899448784068227,
      0.009139653062447906
    ],
    "start_timestamps": [
      "2026-08-01 00:14:51.070246+00:00",
      "2026-08-01 00:14:52.252553+00:00",
      "2026-08-01 00:14:52.252823+00:00",
      "2026-08-01 00:14:53.283246+00:00",
      "2026-08-01 00:14:59.804227+00:00",
      "2026-08-01 00:14:59.804519+00:00",
      "2026-08-01 00:14:59.804782+00:00",
      "2026-08-01 00:14:59.804876+00:00",
      "2026-08-01 00:14:59.805090+00:00",
      "2026-08-01 00:14:59.805302+00:00",
      "2026-08-01 00:14:59.805347+00:00",
      "2026-08-01 00:14:59.805558+00:00",
      "2026-08-01 00:14:59.805648+00:00",
      "2026-08-01 00:14:59.809568+00:00"
    ]
  },
  "doc_assemble": {
    "scope": "document",
    "count": 1,
    "times": [
      0.03608195297420025
    ],
    "start_timestamps": [
      "2026-08-01 00:14:59.818894+00:00"
    ]
  },
  "reading_order": {
    "scope": "document",
    "count": 1,
    "times": [
      0.03554883901961148
    ],
    "start_timestamps": [
      "2026-08-01 00:14:59.819020+00:00"
    ]
  },
  "doc_enrich": {
    "scope": "document",
    "count": 1,
    "times": [
      2.8318074129056185
    ],
    "start_timestamps": [
      "2026-08-01 00:14:59.855003+00:00"
    ]
  }
}
All hyperlinked elements redacted in-memory.
Clean PDF conversion timings:
{
  "pipeline_total": {
    "scope": "document",
    "count": 1,
    "times": [
      57.791208514012396
    ],
    "start_timestamps": [
      "2026-08-01 00:15:03.064743+00:00"
    ]
  },
  "page_parse": {
    "scope": "page",
    "count": 14,
    "times": [
      0.09240119601599872,
      0.12795280199497938,
      0.11670488095842302,
      0.11862648790702224,
      0.11624172888696194,
      0.10897069284692407,
      0.13948652101680636,
      0.12083955318666995,
      0.22258281311951578,
      0.17564707109704614,
      0.12034187698736787,
      0.481927169021219,
      0.17902017990127206,
      0.1155122360214591
    ],
    "start_timestamps": [
      "2026-08-01 00:15:03.071141+00:00",
      "2026-08-01 00:15:03.163596+00:00",
      "2026-08-01 00:15:03.291596+00:00",
      "2026-08-01 00:15:03.408347+00:00",
      "2026-08-01 00:15:03.527020+00:00",
      "2026-08-01 00:15:03.643309+00:00",
      "2026-08-01 00:15:03.752327+00:00",
      "2026-08-01 00:15:03.891862+00:00",
      "2026-08-01 00:15:04.012748+00:00",
      "2026-08-01 00:15:04.235374+00:00",
      "2026-08-01 00:15:04.411091+00:00",
      "2026-08-01 00:15:04.531478+00:00",
      "2026-08-01 00:15:05.013448+00:00",
      "2026-08-01 00:15:05.192516+00:00"
    ]
  },
  "ocr": {
    "scope": "page",
    "count": 14,
    "times": [
      0.13074958603829145,
      0.12566113797947764,
      0.2269321798812598,
      2.236534195020795,
      0.11874867789447308,
      0.11939420294947922,
      2.2150584019254893,
      0.12123454711399972,
      0.11830930993892252,
      1.0579163909424096,
      0.12044548196718097,
      0.770164136076346,
      0.12388158892281353,
      0.11867826501838863
    ],
    "start_timestamps": [
      "2026-08-01 00:15:03.163655+00:00",
      "2026-08-01 00:15:03.294453+00:00",
      "2026-08-01 00:15:03.420154+00:00",
      "2026-08-01 00:15:03.647120+00:00",
      "2026-08-01 00:15:05.883671+00:00",
      "2026-08-01 00:15:06.002487+00:00",
      "2026-08-01 00:15:06.121899+00:00",
      "2026-08-01 00:15:08.336973+00:00",
      "2026-08-01 00:15:08.458218+00:00",
      "2026-08-01 00:15:08.576538+00:00",
      "2026-08-01 00:15:09.634472+00:00",
      "2026-08-01 00:15:09.754926+00:00",
      "2026-08-01 00:15:10.525107+00:00",
      "2026-08-01 00:15:10.648997+00:00"
    ]
  },
  "layout": {
    "scope": "page",
    "count": 5,
    "times": [
      0.23953843698836863,
      0.11925130290910602,
      0.11908286600373685,
      0.060745714930817485,
      0.11541879992000759
    ],
    "start_timestamps": [
      "2026-08-01 00:15:03.294522+00:00",
      "2026-08-01 00:15:03.643855+00:00",
      "2026-08-01 00:15:03.777557+00:00",
      "2026-08-01 00:15:06.002592+00:00",
      "2026-08-01 00:15:10.767844+00:00"
    ]
  },
  "table_structure": {
    "scope": "page",
    "count": 14,
    "times": [
      2.5417888537049294e-05,
      3.112899139523506e-05,
      1.3814410851337016,
      3.354297950863838e-05,
      0.2679650508798659,
      2.122996374964714e-05,
      5.681067705154419e-06,
      1.031373431906104,
      2.644001506268978e-05,
      1.0380055755376816e-05,
      1.1241063475608826e-05,
      8.627073839306831e-06,
      2.052891068160534e-05,
      6.0289018240291625
    ],
    "start_timestamps": [
      "2026-08-01 00:15:03.643993+00:00",
      "2026-08-01 00:15:03.777638+00:00",
      "2026-08-01 00:15:03.913080+00:00",
      "2026-08-01 00:15:06.090680+00:00",
      "2026-08-01 00:15:06.090719+00:00",
      "2026-08-01 00:15:11.079213+00:00",
      "2026-08-01 00:15:11.079236+00:00",
      "2026-08-01 00:15:11.079245+00:00",
      "2026-08-01 00:15:12.110639+00:00",
      "2026-08-01 00:15:12.111127+00:00",
      "2026-08-01 00:15:12.111141+00:00",
      "2026-08-01 00:15:12.111156+00:00",
      "2026-08-01 00:15:12.111168+00:00",
      "2026-08-01 00:15:12.111208+00:00"
    ]
  },
  "page_assemble": {
    "scope": "page",
    "count": 14,
    "times": [
      0.00039519392885267735,
      0.00023736688308417797,
      0.0003122380003333092,
      0.00019268295727670193,
      0.00018680188804864883,
      0.0003274758346378803,
      8.36281105875969e-05,
      0.00022077606990933418,
      0.00022127595730125904,
      2.99159437417984e-05,
      0.00021847104653716087,
      0.00010776310227811337,
      0.00031706690788269043,
      8.365814574062824e-05
    ],
    "start_timestamps": [
      "2026-08-01 00:15:03.644190+00:00",
      "2026-08-01 00:15:03.777725+00:00",
      "2026-08-01 00:15:05.294665+00:00",
      "2026-08-01 00:15:06.358851+00:00",
      "2026-08-01 00:15:06.359082+00:00",
      "2026-08-01 00:15:12.111256+00:00",
      "2026-08-01 00:15:12.111617+00:00",
      "2026-08-01 00:15:12.111720+00:00",
      "2026-08-01 00:15:12.111960+00:00",
      "2026-08-01 00:15:12.112201+00:00",
      "2026-08-01 00:15:12.112246+00:00",
      "2026-08-01 00:15:12.112482+00:00",
      "2026-08-01 00:15:12.112607+00:00",
      "2026-08-01 00:15:18.141010+00:00"
    ]
  },
  "doc_assemble": {
    "scope": "document",
    "count": 1,
    "times": [
      0.03954098396934569
    ],
    "start_timestamps": [
      "2026-08-01 00:15:18.141419+00:00"
    ]
  },
  "reading_order": {
    "scope": "document",
    "count": 1,
    "times": [
      0.03880456811748445
    ],
    "start_timestamps": [
      "2026-08-01 00:15:18.141739+00:00"
    ]
  },
  "doc_enrich": {
    "scope": "document",
    "count": 1,
    "times": [
      42.674945732112974
    ],
    "start_timestamps": [
      "2026-08-01 00:15:18.180988+00:00"
    ]
  }
}
Function parse_pdf took 70.6245 seconds to execute.
Running: get_tables
Function get_tables took 0.0001 seconds to execute.
Running: get_surrounding_paragraphs
Function get_surrounding_paragraphs took 0.0001 seconds to execute.

📄 2026 - Lateral resolution of DGT LA-ICP-MS for chemical imaging of metal 
solutes.pdf
├── ✗ Extraction failed: Extraction failed: list index out of range
│   └── Hardware Acceleration: GPU Active (CUDA (NVIDIA A100-SXM4-80GB))
├── ✓ Categorised extracted tables using gemma4:31b (completed in 0.00s)
│   └── No tables found to categorise
├── ⚠ No extracted tables found to interpret.
└── Total time taken: 70.84s📄 2026 - Mechanism-Inspired Ligand Design for Efficient Copper-Catalyzed C–N 
Coupling of Aryl and Heteroaryl Chlorides.pdf
├── ✓ Extracted text & tables (completed in 8.82s)
│   ├── Hardware Acceleration: GPU Active (CUDA (NVIDIA A100-SXM4-80GB))
│   ├── Extracted text & tables in-memory
│   ├── Saved cleaned PDF to tests/runs/2026-07-31_17-39-11/2026 - 
│   │   Mechanism-Inspired Ligand Design for Efficient Copper-Catalyzed C–N 
│   │   Coupling of Aryl and Heteroaryl Chlorides/extract/clean_2026 - 
│   │   Mechanism-Inspired Ligand Design for Efficient Copper-Catalyzed C–N 
│   │   Coupling of Aryl and Heteroaryl Chlorides.pdf
│   ├── Saved unclean markdown to tests/runs/2026-07-31_17-39-11/2026 - 
│   │   Mechanism-Inspired Ligand Design for Efficient Copper-Catalyzed C–N 
│   │   Coupling of Aryl and Heteroaryl Chlorides/extract/output.md
│   ├── Saved cleaned markdown to tests/runs/2026-07-31_17-39-11/2026 - 
│   │   Mechanism-Inspired Ligand Design for Efficient Copper-Catalyzed C–N 
│   │   Coupling of Aryl and Heteroaryl Chlorides/extract/output_clean.md
│   ├── Saved 0 tables (txt & csv) to tests/runs/2026-07-31_17-39-11/2026 - 
│   │   Mechanism-Inspired Ligand Design for Efficient Copper-Catalyzed C–N 
│   │   Coupling of Aryl and Heteroaryl Chlorides/extract/tables
│   └── Saved execution logs to tests/runs/2026-07-31_17-39-11/2026 - 
│       Mechanism-Inspired Ligand Design for Efficient Copper-Catalyzed C–N 
│       Coupling of Aryl and Heteroaryl Chlorides/extract/log_2026 - 
│       Mechanism-Inspired Ligand Design for Efficient Copper-Catalyzed C–N 
│       Coupling of Aryl and Heteroaryl Chlorides.pdf.log
├── ✓ Categorised extracted tables using gemma4:31b (completed in 0.00s)
│   └── No tables found to categorise
├── ⚠ No extracted tables found to interpret.
└── Total time taken: 9.01s📄 2026 - Medium controlled redox activity and coordination behavior of a 
triazole indolinone ligand with vanadyl lons.pdf
├── ✓ Extracted text & tables (completed in 34.59s)
│   ├── Hardware Acceleration: GPU Active (CUDA (NVIDIA A100-SXM4-80GB))
│   ├── Extracted text & tables in-memory
│   ├── Saved cleaned PDF to tests/runs/2026-07-31_17-39-11/2026 - Medium 
│   │   controlled redox activity and coordination behavior of a triazole 
│   │   indolinone ligand with vanadyl lons/extract/clean_2026 - Medium 
│   │   controlled redox activity and coordination behavior of a triazole 
│   │   indolinone ligand with vanadyl lons.pdf
│   ├── Saved unclean markdown to tests/runs/2026-07-31_17-39-11/2026 - Medium 
│   │   controlled redox activity and coordination behavior of a triazole 
│   │   indolinone ligand with vanadyl lons/extract/output.md
│   ├── Saved cleaned markdown to tests/runs/2026-07-31_17-39-11/2026 - Medium 
│   │   controlled redox activity and coordination behavior of a triazole 
│   │   indolinone ligand with vanadyl lons/extract/output_clean.md
│   ├── Saved 12 tables (txt & csv) to tests/runs/2026-07-31_17-39-11/2026 - 
│   │   Medium controlled redox activity and coordination behavior of a triazole
│   │   indolinone ligand with vanadyl lons/extract/tables
│   └── Saved execution logs to tests/runs/2026-07-31_17-39-11/2026 - Medium 
│       controlled redox activity and coordination behavior of a triazole 
│       indolinone ligand with vanadyl lons/extract/log_2026 - Medium controlled
│       redox activity and coordination behavior of a triazole indolinone ligand
│       with vanadyl lons.pdf.log
├── ✓ Categorised extracted tables using gemma4:31b (completed in 219.12s) 
│   (Total tokens: 14696 in, 766 out)
│   ├── table1.txt: Not flagged (no polymers) (tokens: 1659 in, 69 out)
│   ├── table2.txt: Not flagged (no experimental data, no polymers) (tokens: 
│   │   1258 in, 57 out)
│   ├── table3.txt: Not flagged (no polymers) (tokens: 1376 in, 78 out)
│   ├── table4.txt: Not flagged (no experimental data, no polymers) (tokens: 
│   │   1105 in, 58 out)
│   ├── table5.txt: Not flagged (no experimental data, no polymers) (tokens: 
│   │   1871 in, 55 out)
│   ├── table6.txt: Not flagged (no experimental data, no polymers) (tokens: 
│   │   1182 in, 58 out)
│   ├── table7.txt: Not flagged (no experimental data, no polymers) (tokens: 956
│   │   in, 66 out)
│   ├── table8.txt: Not flagged (no polymers) (tokens: 1181 in, 58 out)
│   ├── table9.txt: Not flagged (no experimental data, no polymers) (tokens: 803
│   │   in, 66 out)
│   ├── table10.txt: Not flagged (no experimental data, no polymers) (tokens: 
│   │   1020 in, 66 out)
│   ├── table11.txt: Not flagged (no experimental data, no polymers) (tokens: 
│   │   1382 in, 69 out)
│   └── table12.txt: Not flagged (no experimental data, no polymers) (tokens: 
│       903 in, 66 out)
├── ⚠ No tables categorized as containing required parameters. Skipping 
│   interpretation.
└── Total time taken: 254.04s📄 2026 - Methane diffusion path in HKUST-1 metal-organic framework revealed by 
atomistic simulations.pdf
├── ✓ Extracted text & tables (completed in 65.37s)
│   ├── Hardware Acceleration: GPU Active (CUDA (NVIDIA A100-SXM4-80GB))
│   ├── Extracted text & tables in-memory
│   ├── Saved cleaned PDF to tests/runs/2026-07-31_17-39-11/2026 - Methane 
│   │   diffusion path in HKUST-1 metal-organic framework revealed by atomistic 
│   │   simulations/extract/clean_2026 - Methane diffusion path in HKUST-1 
│   │   metal-organic framework revealed by atomistic simulations.pdf
│   ├── Saved unclean markdown to tests/runs/2026-07-31_17-39-11/2026 - Methane 
│   │   diffusion path in HKUST-1 metal-organic framework revealed by atomistic 
│   │   simulations/extract/output.md
│   ├── Saved cleaned markdown to tests/runs/2026-07-31_17-39-11/2026 - Methane 
│   │   diffusion path in HKUST-1 metal-organic framework revealed by atomistic 
│   │   simulations/extract/output_clean.md
│   ├── Saved 2 tables (txt & csv) to tests/runs/2026-07-31_17-39-11/2026 - 
│   │   Methane diffusion path in HKUST-1 metal-organic framework revealed by 
│   │   atomistic simulations/extract/tables
│   └── Saved execution logs to tests/runs/2026-07-31_17-39-11/2026 - Methane 
│       diffusion path in HKUST-1 metal-organic framework revealed by atomistic 
│       simulations/extract/log_2026 - Methane diffusion path in HKUST-1 
│       metal-organic framework revealed by atomistic simulations.pdf.log
├── ✓ Categorised extracted tables using gemma4:31b (completed in 37.17s) (Total
│   tokens: 2988 in, 110 out)
│   ├── table1.txt: Not flagged (no experimental data, no polymers) (tokens: 
│   │   1809 in, 55 out)
│   └── table2.txt: Not flagged (no experimental data, no polymers) (tokens: 
│       1179 in, 55 out)
├── ⚠ No tables categorized as containing required parameters. Skipping 
│   interpretation.
└── Total time taken: 102.82s📄 2026 - Microporous MOF for simultaneous high thermodynamic and kinetic 
synergistic separation of propylene and propane.pdf
├── ✓ Extracted text & tables (completed in 19.08s)
│   ├── Hardware Acceleration: GPU Active (CUDA (NVIDIA A100-SXM4-80GB))
│   ├── Extracted text & tables in-memory
│   ├── Saved cleaned PDF to tests/runs/2026-07-31_17-39-11/2026 - Microporous 
│   │   MOF for simultaneous high thermodynamic and kinetic synergistic 
│   │   separation of propylene and propane/extract/clean_2026 - Microporous MOF
│   │   for simultaneous high thermodynamic and kinetic synergistic separation 
│   │   of propylene and propane.pdf
│   ├── Saved unclean markdown to tests/runs/2026-07-31_17-39-11/2026 - 
│   │   Microporous MOF for simultaneous high thermodynamic and kinetic 
│   │   synergistic separation of propylene and propane/extract/output.md
│   ├── Saved cleaned markdown to tests/runs/2026-07-31_17-39-11/2026 - 
│   │   Microporous MOF for simultaneous high thermodynamic and kinetic 
│   │   synergistic separation of propylene and propane/extract/output_clean.md
│   ├── Saved 0 tables (txt & csv) to tests/runs/2026-07-31_17-39-11/2026 - 
│   │   Microporous MOF for simultaneous high thermodynamic and kinetic 
│   │   synergistic separation of propylene and propane/extract/tables
│   └── Saved execution logs to tests/runs/2026-07-31_17-39-11/2026 - 
│       Microporous MOF for simultaneous high thermodynamic and kinetic 
│       synergistic separation of propylene and propane/extract/log_2026 - 
│       Microporous MOF for simultaneous high thermodynamic and kinetic 
│       synergistic separation of propylene and propane.pdf.log
├── ✓ Categorised extracted tables using gemma4:31b (completed in 0.00s)
│   └── No tables found to categorise
├── ⚠ No extracted tables found to interpret.
└── Total time taken: 19.17s📄 2026 - Modelling diffusion, decay and ingrowth of U–Pb isotopes in zircon.pdf
├── ✓ Extracted text & tables (completed in 48.31s)
│   ├── Hardware Acceleration: GPU Active (CUDA (NVIDIA A100-SXM4-80GB))
│   ├── Extracted text & tables in-memory
│   ├── Saved cleaned PDF to tests/runs/2026-07-31_17-39-11/2026 - Modelling 
│   │   diffusion, decay and ingrowth of U–Pb isotopes in 
│   │   zircon/extract/clean_2026 - Modelling diffusion, decay and ingrowth of 
│   │   U–Pb isotopes in zircon.pdf
│   ├── Saved unclean markdown to tests/runs/2026-07-31_17-39-11/2026 - 
│   │   Modelling diffusion, decay and ingrowth of U–Pb isotopes in 
│   │   zircon/extract/output.md
│   ├── Saved cleaned markdown to tests/runs/2026-07-31_17-39-11/2026 - 
│   │   Modelling diffusion, decay and ingrowth of U–Pb isotopes in 
│   │   zircon/extract/output_clean.md
│   ├── Saved 3 tables (txt & csv) to tests/runs/2026-07-31_17-39-11/2026 - 
│   │   Modelling diffusion, decay and ingrowth of U–Pb isotopes in 
│   │   zircon/extract/tables
│   └── Saved execution logs to tests/runs/2026-07-31_17-39-11/2026 - Modelling 
│       diffusion, decay and ingrowth of U–Pb isotopes in 
│       zircon/extract/log_2026 - Modelling diffusion, decay and ingrowth of 
│       U–Pb isotopes in zircon.pdf.log
├── ✓ Categorised extracted tables using gemma4:31b (completed in 49.02s) (Total
│   tokens: 3884 in, 189 out)
│   ├── table1.txt: Not flagged (no polymers) (tokens: 1173 in, 77 out)
│   ├── table2.txt: Not flagged (no experimental data, no polymers) (tokens: 
│   │   1092 in, 57 out)
│   └── table3.txt: Not flagged (no experimental data, no polymers) (tokens: 
│       1619 in, 55 out)
├── ⚠ No tables categorized as containing required parameters. Skipping 
│   interpretation.
└── Total time taken: 97.56s📄 2026 - Molecular diffusion enhanced performance evaluation of metal-organic 
frameworks for CO2 capture.pdf
├── ✓ Extracted text & tables (completed in 159.05s)
│   ├── Hardware Acceleration: GPU Active (CUDA (NVIDIA A100-SXM4-80GB))
│   ├── Extracted text & tables in-memory
│   ├── Saved cleaned PDF to tests/runs/2026-07-31_17-39-11/2026 - Molecular 
│   │   diffusion enhanced performance evaluation of metal-organic frameworks 
│   │   for CO2 capture/extract/clean_2026 - Molecular diffusion enhanced 
│   │   performance evaluation of metal-organic frameworks for CO2 capture.pdf
│   ├── Saved unclean markdown to tests/runs/2026-07-31_17-39-11/2026 - 
│   │   Molecular diffusion enhanced performance evaluation of metal-organic 
│   │   frameworks for CO2 capture/extract/output.md
│   ├── Saved cleaned markdown to tests/runs/2026-07-31_17-39-11/2026 - 
│   │   Molecular diffusion enhanced performance evaluation of metal-organic 
│   │   frameworks for CO2 capture/extract/output_clean.md
│   ├── Saved 7 tables (txt & csv) to tests/runs/2026-07-31_17-39-11/2026 - 
│   │   Molecular diffusion enhanced performance evaluation of metal-organic 
│   │   frameworks for CO2 capture/extract/tables
│   └── Saved execution logs to tests/runs/2026-07-31_17-39-11/2026 - Molecular 
│       diffusion enhanced performance evaluation of metal-organic frameworks 
│       for CO2 capture/extract/log_2026 - Molecular diffusion enhanced 
│       performance evaluation of metal-organic frameworks for CO2 
│       capture.pdf.log
├── ✓ Categorised extracted tables using gemma4:31b (completed in 123.44s) 
│   (Total tokens: 11992 in, 407 out)
│   ├── table1.txt: Not flagged (no experimental data, no polymers) (tokens: 
│   │   1716 in, 55 out)
│   ├── table2.txt: Not flagged (no experimental data, no polymers) (tokens: 989
│   │   in, 55 out)
│   ├── table3.txt: Not flagged (no experimental data, no polymers) (tokens: 817
│   │   in, 66 out)
│   ├── table4.txt: Not flagged (no experimental data, no polymers) (tokens: 
│   │   2937 in, 55 out)
│   ├── table5.txt: Not flagged (no experimental data, no polymers) (tokens: 
│   │   1089 in, 54 out)
│   ├── table6.txt: Not flagged (no experimental data, no polymers) (tokens: 
│   │   2763 in, 67 out)
│   └── table7.txt: Not flagged (no experimental data, no polymers) (tokens: 
│       1681 in, 55 out)
├── ⚠ No tables categorized as containing required parameters. Skipping 
│   interpretation.
└── Total time taken: 282.87s📄 2026 - Monte Carlo simulations of ion correlations and transport in highly 
concentrated liquid electrolytes.pdf
├── ✓ Extracted text & tables (completed in 231.66s)
│   ├── Hardware Acceleration: GPU Active (CUDA (NVIDIA A100-SXM4-80GB))
│   ├── Extracted text & tables in-memory
│   ├── Saved cleaned PDF to tests/runs/2026-07-31_17-39-11/2026 - Monte Carlo 
│   │   simulations of ion correlations and transport in highly concentrated 
│   │   liquid electrolytes/extract/clean_2026 - Monte Carlo simulations of ion 
│   │   correlations and transport in highly concentrated liquid 
│   │   electrolytes.pdf
│   ├── Saved unclean markdown to tests/runs/2026-07-31_17-39-11/2026 - Monte 
│   │   Carlo simulations of ion correlations and transport in highly 
│   │   concentrated liquid electrolytes/extract/output.md
│   ├── Saved cleaned markdown to tests/runs/2026-07-31_17-39-11/2026 - Monte 
│   │   Carlo simulations of ion correlations and transport in highly 
│   │   concentrated liquid electrolytes/extract/output_clean.md
│   ├── Saved 2 tables (txt & csv) to tests/runs/2026-07-31_17-39-11/2026 - 
│   │   Monte Carlo simulations of ion correlations and transport in highly 
│   │   concentrated liquid electrolytes/extract/tables
│   └── Saved execution logs to tests/runs/2026-07-31_17-39-11/2026 - Monte 
│       Carlo simulations of ion correlations and transport in highly 
│       concentrated liquid electrolytes/extract/log_2026 - Monte Carlo 
│       simulations of ion correlations and transport in highly concentrated 
│       liquid electrolytes.pdf.log
├── ✓ Categorised extracted tables using gemma4:31b (completed in 37.23s) (Total
│   tokens: 2454 in, 110 out)
│   ├── table1.txt: Not flagged (no experimental data, no polymers) (tokens: 
│   │   1364 in, 55 out)
│   └── table2.txt: Not flagged (no experimental data, no polymers) (tokens: 
│       1090 in, 55 out)
├── ⚠ No tables categorized as containing required parameters. Skipping 
│   interpretation.
└── Total time taken: 269.07s📄 2026 - Multiphysics-guided design of ZIF-67_MWCNT-modified electrodes for 
highly selective electrochemical detection of sunset yellow in complex food 
matrice.pdf
├── ✓ Extracted text & tables (completed in 33.07s)
│   ├── Hardware Acceleration: GPU Active (CUDA (NVIDIA A100-SXM4-80GB))
│   ├── Extracted text & tables in-memory
│   ├── Saved cleaned PDF to tests/runs/2026-07-31_17-39-11/2026 - 
│   │   Multiphysics-guided design of ZIF-67_MWCNT-modified electrodes for 
│   │   highly selective electrochemical detection of sunset yellow in complex 
│   │   food matrice/extract/clean_2026 - Multiphysics-guided design of 
│   │   ZIF-67_MWCNT-modified electrodes for highly selective electrochemical 
│   │   detection of sunset yellow in complex food matrice.pdf
│   ├── Saved unclean markdown to tests/runs/2026-07-31_17-39-11/2026 - 
│   │   Multiphysics-guided design of ZIF-67_MWCNT-modified electrodes for 
│   │   highly selective electrochemical detection of sunset yellow in complex 
│   │   food matrice/extract/output.md
│   ├── Saved cleaned markdown to tests/runs/2026-07-31_17-39-11/2026 - 
│   │   Multiphysics-guided design of ZIF-67_MWCNT-modified electrodes for 
│   │   highly selective electrochemical detection of sunset yellow in complex 
│   │   food matrice/extract/output_clean.md
│   ├── Saved 5 tables (txt & csv) to tests/runs/2026-07-31_17-39-11/2026 - 
│   │   Multiphysics-guided design of ZIF-67_MWCNT-modified electrodes for 
│   │   highly selective electrochemical detection of sunset yellow in complex 
│   │   food matrice/extract/tables
│   └── Saved execution logs to tests/runs/2026-07-31_17-39-11/2026 - 
│       Multiphysics-guided design of ZIF-67_MWCNT-modified electrodes for 
│       highly selective electrochemical detection of sunset yellow in complex 
│       food matrice/extract/log_2026 - Multiphysics-guided design of 
│       ZIF-67_MWCNT-modified electrodes for highly selective electrochemical 
│       detection of sunset yellow in complex food matrice.pdf.log
├── ✓ Categorised extracted tables using gemma4:31b (completed in 93.26s) (Total
│   tokens: 6312 in, 297 out)
│   ├── table1.txt: Not flagged (no experimental data, no polymers) (tokens: 
│   │   1395 in, 57 out)
│   ├── table2.txt: Not flagged (no experimental data, no polymers) (tokens: 
│   │   1231 in, 57 out)
│   ├── table3.txt: Not flagged (no experimental data, no polymers) (tokens: 
│   │   1424 in, 57 out)
│   ├── table4.txt: Not flagged (no experimental data, no polymers) (tokens: 
│   │   1214 in, 57 out)
│   └── table5.txt: Not flagged (no experimental data, no polymers) (tokens: 
│       1048 in, 69 out)
├── ⚠ No tables categorized as containing required parameters. Skipping 
│   interpretation.
└── Total time taken: 126.49s📄 2026 - NOCI-F Electronic Couplings in Assemblies of Indolonaphthyridine 
Molecules_ From Dimers to the Full Stack.pdf
├── ✓ Extracted text & tables (completed in 111.98s)
│   ├── Hardware Acceleration: GPU Active (CUDA (NVIDIA A100-SXM4-80GB))
│   ├── Extracted text & tables in-memory
│   ├── Saved cleaned PDF to tests/runs/2026-07-31_17-39-11/2026 - NOCI-F 
│   │   Electronic Couplings in Assemblies of Indolonaphthyridine Molecules_ 
│   │   From Dimers to the Full Stack/extract/clean_2026 - NOCI-F Electronic 
│   │   Couplings in Assemblies of Indolonaphthyridine Molecules_ From Dimers to
│   │   the Full Stack.pdf
│   ├── Saved unclean markdown to tests/runs/2026-07-31_17-39-11/2026 - NOCI-F 
│   │   Electronic Couplings in Assemblies of Indolonaphthyridine Molecules_ 
│   │   From Dimers to the Full Stack/extract/output.md
│   ├── Saved cleaned markdown to tests/runs/2026-07-31_17-39-11/2026 - NOCI-F 
│   │   Electronic Couplings in Assemblies of Indolonaphthyridine Molecules_ 
│   │   From Dimers to the Full Stack/extract/output_clean.md
│   ├── Saved 5 tables (txt & csv) to tests/runs/2026-07-31_17-39-11/2026 - 
│   │   NOCI-F Electronic Couplings in Assemblies of Indolonaphthyridine 
│   │   Molecules_ From Dimers to the Full Stack/extract/tables
│   └── Saved execution logs to tests/runs/2026-07-31_17-39-11/2026 - NOCI-F 
│       Electronic Couplings in Assemblies of Indolonaphthyridine Molecules_ 
│       From Dimers to the Full Stack/extract/log_2026 - NOCI-F Electronic 
│       Couplings in Assemblies of Indolonaphthyridine Molecules_ From Dimers to
│       the Full Stack.pdf.log
├── ✓ Categorised extracted tables using gemma4:31b (completed in 89.86s) (Total
│   tokens: 7126 in, 324 out)
│   ├── table1.txt: Not flagged (no experimental data, no polymers) (tokens: 
│   │   1090 in, 66 out)
│   ├── table2.txt: Not flagged (no experimental data, no polymers) (tokens: 
│   │   1263 in, 67 out)
│   ├── table3.txt: Not flagged (no experimental data, no polymers) (tokens: 
│   │   1551 in, 67 out)
│   ├── table4.txt: Not flagged (no experimental data, no polymers) (tokens: 
│   │   1848 in, 57 out)
│   └── table5.txt: Not flagged (no experimental data, no polymers) (tokens: 
│       1374 in, 67 out)
├── ⚠ No tables categorized as containing required parameters. Skipping 
│   interpretation.
└── Total time taken: 202.49s📄 2026 - Negative Gaseous Ions in Positive-Voltage Electrospray Ionization Mass
Spectrometry.pdf
├── ✓ Extracted text & tables (completed in 16.22s)
│   ├── Hardware Acceleration: GPU Active (CUDA (NVIDIA A100-SXM4-80GB))
│   ├── Extracted text & tables in-memory
│   ├── Saved cleaned PDF to tests/runs/2026-07-31_17-39-11/2026 - Negative 
│   │   Gaseous Ions in Positive-Voltage Electrospray Ionization Mass 
│   │   Spectrometry/extract/clean_2026 - Negative Gaseous Ions in 
│   │   Positive-Voltage Electrospray Ionization Mass Spectrometry.pdf
│   ├── Saved unclean markdown to tests/runs/2026-07-31_17-39-11/2026 - Negative
│   │   Gaseous Ions in Positive-Voltage Electrospray Ionization Mass 
│   │   Spectrometry/extract/output.md
│   ├── Saved cleaned markdown to tests/runs/2026-07-31_17-39-11/2026 - Negative
│   │   Gaseous Ions in Positive-Voltage Electrospray Ionization Mass 
│   │   Spectrometry/extract/output_clean.md
│   ├── Saved 0 tables (txt & csv) to tests/runs/2026-07-31_17-39-11/2026 - 
│   │   Negative Gaseous Ions in Positive-Voltage Electrospray Ionization Mass 
│   │   Spectrometry/extract/tables
│   └── Saved execution logs to tests/runs/2026-07-31_17-39-11/2026 - Negative 
│       Gaseous Ions in Positive-Voltage Electrospray Ionization Mass 
│       Spectrometry/extract/log_2026 - Negative Gaseous Ions in 
│       Positive-Voltage Electrospray Ionization Mass Spectrometry.pdf.log
├── ✓ Categorised extracted tables using gemma4:31b (completed in 0.00s)
│   └── No tables found to categorise
├── ⚠ No extracted tables found to interpret.
└── Total time taken: 16.53s📄 2026 - Orbital-Engineered Amorphous 4d Chloride Cathodes Enabling 
High-Voltage, Multi-Electron, Electrolyte-Free Solid-State Batteries.pdf
├── ✓ Extracted text & tables (completed in 16.60s)
│   ├── Hardware Acceleration: GPU Active (CUDA (NVIDIA A100-SXM4-80GB))
│   ├── Extracted text & tables in-memory
│   ├── Saved cleaned PDF to tests/runs/2026-07-31_17-39-11/2026 - 
│   │   Orbital-Engineered Amorphous 4d Chloride Cathodes Enabling High-Voltage,
│   │   Multi-Electron, Electrolyte-Free Solid-State 
│   │   Batteries/extract/clean_2026 - Orbital-Engineered Amorphous 4d Chloride 
│   │   Cathodes Enabling High-Voltage, Multi-Electron, Electrolyte-Free 
│   │   Solid-State Batteries.pdf
│   ├── Saved unclean markdown to tests/runs/2026-07-31_17-39-11/2026 - 
│   │   Orbital-Engineered Amorphous 4d Chloride Cathodes Enabling High-Voltage,
│   │   Multi-Electron, Electrolyte-Free Solid-State Batteries/extract/output.md
│   ├── Saved cleaned markdown to tests/runs/2026-07-31_17-39-11/2026 - 
│   │   Orbital-Engineered Amorphous 4d Chloride Cathodes Enabling High-Voltage,
│   │   Multi-Electron, Electrolyte-Free Solid-State 
│   │   Batteries/extract/output_clean.md
│   ├── Saved 1 tables (txt & csv) to tests/runs/2026-07-31_17-39-11/2026 - 
│   │   Orbital-Engineered Amorphous 4d Chloride Cathodes Enabling High-Voltage,
│   │   Multi-Electron, Electrolyte-Free Solid-State Batteries/extract/tables
│   └── Saved execution logs to tests/runs/2026-07-31_17-39-11/2026 - 
│       Orbital-Engineered Amorphous 4d Chloride Cathodes Enabling High-Voltage,
│       Multi-Electron, Electrolyte-Free Solid-State Batteries/extract/log_2026 
│       - Orbital-Engineered Amorphous 4d Chloride Cathodes Enabling 
│       High-Voltage, Multi-Electron, Electrolyte-Free Solid-State 
│       Batteries.pdf.log
├── ✓ Categorised extracted tables using gemma4:31b (completed in 17.52s) (Total
│   tokens: 2642 in, 69 out)
│   └── table1.txt: Not flagged (no experimental data, no polymers) (tokens: 
│       2642 in, 69 out)
├── ⚠ No tables categorized as containing required parameters. Skipping 
│   interpretation.
└── Total time taken: 34.25s📄 2026 - Photothermal activation by hollow multishelled structure for efficient
uranium extraction.pdf
├── ✓ Extracted text & tables (completed in 15.51s)
│   ├── Hardware Acceleration: GPU Active (CUDA (NVIDIA A100-SXM4-80GB))
│   ├── Extracted text & tables in-memory
│   ├── Saved cleaned PDF to tests/runs/2026-07-31_17-39-11/2026 - Photothermal 
│   │   activation by hollow multishelled structure for efficient uranium 
│   │   extraction/extract/clean_2026 - Photothermal activation by hollow 
│   │   multishelled structure for efficient uranium extraction.pdf
│   ├── Saved unclean markdown to tests/runs/2026-07-31_17-39-11/2026 - 
│   │   Photothermal activation by hollow multishelled structure for efficient 
│   │   uranium extraction/extract/output.md
│   ├── Saved cleaned markdown to tests/runs/2026-07-31_17-39-11/2026 - 
│   │   Photothermal activation by hollow multishelled structure for efficient 
│   │   uranium extraction/extract/output_clean.md
│   ├── Saved 2 tables (txt & csv) to tests/runs/2026-07-31_17-39-11/2026 - 
│   │   Photothermal activation by hollow multishelled structure for efficient 
│   │   uranium extraction/extract/tables
│   └── Saved execution logs to tests/runs/2026-07-31_17-39-11/2026 - 
│       Photothermal activation by hollow multishelled structure for efficient 
│       uranium extraction/extract/log_2026 - Photothermal activation by hollow 
│       multishelled structure for efficient uranium extraction.pdf.log
├── ✓ Categorised extracted tables using gemma4:31b (completed in 32.99s) (Total
│   tokens: 3944 in, 110 out)
│   ├── table1.txt: Not flagged (no experimental data, no polymers) (tokens: 
│   │   1434 in, 55 out)
│   └── table2.txt: Not flagged (no experimental data, no polymers) (tokens: 
│       2510 in, 55 out)
├── ⚠ No tables categorized as containing required parameters. Skipping 
│   interpretation.
└── Total time taken: 48.60s📄 2026 - Precise Temperature-Gradient Regulated Structure–Activity Relationship
of PCN-224 as Bifunctional Nanocarriers.pdf
├── ✓ Extracted text & tables (completed in 24.14s)
│   ├── Hardware Acceleration: GPU Active (CUDA (NVIDIA A100-SXM4-80GB))
│   ├── Extracted text & tables in-memory
│   ├── Saved cleaned PDF to tests/runs/2026-07-31_17-39-11/2026 - Precise 
│   │   Temperature-Gradient Regulated Structure–Activity Relationship of 
│   │   PCN-224 as Bifunctional Nanocarriers/extract/clean_2026 - Precise 
│   │   Temperature-Gradient Regulated Structure–Activity Relationship of 
│   │   PCN-224 as Bifunctional Nanocarriers.pdf
│   ├── Saved unclean markdown to tests/runs/2026-07-31_17-39-11/2026 - Precise 
│   │   Temperature-Gradient Regulated Structure–Activity Relationship of 
│   │   PCN-224 as Bifunctional Nanocarriers/extract/output.md
│   ├── Saved cleaned markdown to tests/runs/2026-07-31_17-39-11/2026 - Precise 
│   │   Temperature-Gradient Regulated Structure–Activity Relationship of 
│   │   PCN-224 as Bifunctional Nanocarriers/extract/output_clean.md
│   ├── Saved 0 tables (txt & csv) to tests/runs/2026-07-31_17-39-11/2026 - 
│   │   Precise Temperature-Gradient Regulated Structure–Activity Relationship 
│   │   of PCN-224 as Bifunctional Nanocarriers/extract/tables
│   └── Saved execution logs to tests/runs/2026-07-31_17-39-11/2026 - Precise 
│       Temperature-Gradient Regulated Structure–Activity Relationship of 
│       PCN-224 as Bifunctional Nanocarriers/extract/log_2026 - Precise 
│       Temperature-Gradient Regulated Structure–Activity Relationship of 
│       PCN-224 as Bifunctional Nanocarriers.pdf.log
├── ✓ Categorised extracted tables using gemma4:31b (completed in 0.00s)
│   └── No tables found to categorise
├── ⚠ No extracted tables found to interpret.
└── Total time taken: 24.67s📄 2026 - Precise synthesis of π-conjugated [3]catenanes and Solomon link for 
photothermal responses via a dual-tuning strategy.pdf
├── ✓ Extracted text & tables (completed in 21.03s)
│   ├── Hardware Acceleration: GPU Active (CUDA (NVIDIA A100-SXM4-80GB))
│   ├── Extracted text & tables in-memory
│   ├── Saved cleaned PDF to tests/runs/2026-07-31_17-39-11/2026 - Precise 
│   │   synthesis of π-conjugated [3]catenanes and Solomon link for photothermal
│   │   responses via a dual-tuning strategy/extract/clean_2026 - Precise 
│   │   synthesis of π-conjugated [3]catenanes and Solomon link for photothermal
│   │   responses via a dual-tuning strategy.pdf
│   ├── Saved unclean markdown to tests/runs/2026-07-31_17-39-11/2026 - Precise 
│   │   synthesis of π-conjugated [3]catenanes and Solomon link for photothermal
│   │   responses via a dual-tuning strategy/extract/output.md
│   ├── Saved cleaned markdown to tests/runs/2026-07-31_17-39-11/2026 - Precise 
│   │   synthesis of π-conjugated [3]catenanes and Solomon link for photothermal
│   │   responses via a dual-tuning strategy/extract/output_clean.md
│   ├── Saved 0 tables (txt & csv) to tests/runs/2026-07-31_17-39-11/2026 - 
│   │   Precise synthesis of π-conjugated [3]catenanes and Solomon link for 
│   │   photothermal responses via a dual-tuning strategy/extract/tables
│   └── Saved execution logs to tests/runs/2026-07-31_17-39-11/2026 - Precise 
│       synthesis of π-conjugated [3]catenanes and Solomon link for photothermal
│       responses via a dual-tuning strategy/extract/log_2026 - Precise 
│       synthesis of π-conjugated [3]catenanes and Solomon link for photothermal
│       responses via a dual-tuning strategy.pdf.log
├── ✓ Categorised extracted tables using gemma4:31b (completed in 0.00s)
│   └── No tables found to categorise
├── ⚠ No extracted tables found to interpret.
└── Total time taken: 21.13s📄 2026 - Prediction of diffusion coefficients in mixtures with tensor 
completion.pdf
├── ✓ Extracted text & tables (completed in 50.19s)
│   ├── Hardware Acceleration: GPU Active (CUDA (NVIDIA A100-SXM4-80GB))
│   ├── Extracted text & tables in-memory
│   ├── Saved cleaned PDF to tests/runs/2026-07-31_17-39-11/2026 - Prediction of
│   │   diffusion coefficients in mixtures with tensor 
│   │   completion/extract/clean_2026 - Prediction of diffusion coefficients in 
│   │   mixtures with tensor completion.pdf
│   ├── Saved unclean markdown to tests/runs/2026-07-31_17-39-11/2026 - 
│   │   Prediction of diffusion coefficients in mixtures with tensor 
│   │   completion/extract/output.md
│   ├── Saved cleaned markdown to tests/runs/2026-07-31_17-39-11/2026 - 
│   │   Prediction of diffusion coefficients in mixtures with tensor 
│   │   completion/extract/output_clean.md
│   ├── Saved 10 tables (txt & csv) to tests/runs/2026-07-31_17-39-11/2026 - 
│   │   Prediction of diffusion coefficients in mixtures with tensor 
│   │   completion/extract/tables
│   └── Saved execution logs to tests/runs/2026-07-31_17-39-11/2026 - Prediction
│       of diffusion coefficients in mixtures with tensor 
│       completion/extract/log_2026 - Prediction of diffusion coefficients in 
│       mixtures with tensor completion.pdf.log
├── ✓ Categorised extracted tables using gemma4:31b (completed in 163.66s) 
│   (Total tokens: 11492 in, 582 out)
│   ├── table1.txt: Not flagged (no experimental data, no polymers) (tokens: 
│   │   1333 in, 57 out)
│   ├── table2.txt: Not flagged (tokens: 878 in, 54 out)
│   ├── table3.txt: Not flagged (no polymers) (tokens: 2321 in, 56 out)
│   ├── table4.txt: Not flagged (no experimental data, no polymers) (tokens: 623
│   │   in, 57 out)
│   ├── table5.txt: Not flagged (no experimental data, no polymers) (tokens: 
│   │   1207 in, 58 out)
│   ├── table6.txt: Not flagged (no experimental data, no polymers) (tokens: 
│   │   1097 in, 66 out)
│   ├── table7.txt: Not flagged (no experimental data, no polymers) (tokens: 547
│   │   in, 56 out)
│   ├── table8.txt: Not flagged (no experimental data, no polymers) (tokens: 
│   │   1232 in, 58 out)
│   ├── table9.txt: Not flagged (no experimental data, no polymers) (tokens: 
│   │   1013 in, 66 out)
│   └── table10.txt: Not flagged (no experimental data, no polymers) (tokens: 
│       1241 in, 54 out)
├── ⚠ No tables categorized as containing required parameters. Skipping 
│   interpretation.
└── Total time taken: 214.48s📄 2026 - Programming Interfacial Polymerization_ Machine Learning Unveils 
Quantitative Rational Design Rules for Microcapsules and Beyond.pdf
├── ✓ Extracted text & tables (completed in 134.31s)
│   ├── Hardware Acceleration: GPU Active (CUDA (NVIDIA A100-SXM4-80GB))
│   ├── Extracted text & tables in-memory
│   ├── Saved cleaned PDF to tests/runs/2026-07-31_17-39-11/2026 - Programming 
│   │   Interfacial Polymerization_ Machine Learning Unveils Quantitative 
│   │   Rational Design Rules for Microcapsules and Beyond/extract/clean_2026 - 
│   │   Programming Interfacial Polymerization_ Machine Learning Unveils 
│   │   Quantitative Rational Design Rules for Microcapsules and Beyond.pdf
│   ├── Saved unclean markdown to tests/runs/2026-07-31_17-39-11/2026 - 
│   │   Programming Interfacial Polymerization_ Machine Learning Unveils 
│   │   Quantitative Rational Design Rules for Microcapsules and 
│   │   Beyond/extract/output.md
│   ├── Saved cleaned markdown to tests/runs/2026-07-31_17-39-11/2026 - 
│   │   Programming Interfacial Polymerization_ Machine Learning Unveils 
│   │   Quantitative Rational Design Rules for Microcapsules and 
│   │   Beyond/extract/output_clean.md
│   ├── Saved 2 tables (txt & csv) to tests/runs/2026-07-31_17-39-11/2026 - 
│   │   Programming Interfacial Polymerization_ Machine Learning Unveils 
│   │   Quantitative Rational Design Rules for Microcapsules and 
│   │   Beyond/extract/tables
│   └── Saved execution logs to tests/runs/2026-07-31_17-39-11/2026 - 
│       Programming Interfacial Polymerization_ Machine Learning Unveils 
│       Quantitative Rational Design Rules for Microcapsules and 
│       Beyond/extract/log_2026 - Programming Interfacial Polymerization_ 
│       Machine Learning Unveils Quantitative Rational Design Rules for 
│       Microcapsules and Beyond.pdf.log
├── ✓ Categorised extracted tables using gemma4:31b (completed in 41.82s) (Total
│   tokens: 4301 in, 109 out)
│   ├── table1.txt: Not flagged (no experimental data, no polymers) (tokens: 
│   │   2101 in, 55 out)
│   └── table2.txt: Not flagged (no experimental data, no polymers) (tokens: 
│       2200 in, 54 out)
├── ⚠ No tables categorized as containing required parameters. Skipping 
│   interpretation.
└── Total time taken: 176.39s📄 2026 - RAFT enables controlled radical ring-opening polymerisation of cyclic 
ketene acetals for degradable nanoparticles.pdf
├── ✓ Extracted text & tables (completed in 13.49s)
│   ├── Hardware Acceleration: GPU Active (CUDA (NVIDIA A100-SXM4-80GB))
│   ├── Extracted text & tables in-memory
│   ├── Saved cleaned PDF to tests/runs/2026-07-31_17-39-11/2026 - RAFT enables 
│   │   controlled radical ring-opening polymerisation of cyclic ketene acetals 
│   │   for degradable nanoparticles/extract/clean_2026 - RAFT enables 
│   │   controlled radical ring-opening polymerisation of cyclic ketene acetals 
│   │   for degradable nanoparticles.pdf
│   ├── Saved unclean markdown to tests/runs/2026-07-31_17-39-11/2026 - RAFT 
│   │   enables controlled radical ring-opening polymerisation of cyclic ketene 
│   │   acetals for degradable nanoparticles/extract/output.md
│   ├── Saved cleaned markdown to tests/runs/2026-07-31_17-39-11/2026 - RAFT 
│   │   enables controlled radical ring-opening polymerisation of cyclic ketene 
│   │   acetals for degradable nanoparticles/extract/output_clean.md
│   ├── Saved 1 tables (txt & csv) to tests/runs/2026-07-31_17-39-11/2026 - RAFT
│   │   enables controlled radical ring-opening polymerisation of cyclic ketene 
│   │   acetals for degradable nanoparticles/extract/tables
│   └── Saved execution logs to tests/runs/2026-07-31_17-39-11/2026 - RAFT 
│       enables controlled radical ring-opening polymerisation of cyclic ketene 
│       acetals for degradable nanoparticles/extract/log_2026 - RAFT enables 
│       controlled radical ring-opening polymerisation of cyclic ketene acetals 
│       for degradable nanoparticles.pdf.log
├── ✓ Categorised extracted tables using gemma4:31b (completed in 20.28s) (Total
│   tokens: 1438 in, 66 out)
│   └── table1.txt: Not flagged (no experimental data, no polymers) (tokens: 
│       1438 in, 66 out)
├── ⚠ No tables categorized as containing required parameters. Skipping 
│   interpretation.
└── Total time taken: 33.87s📄 2026 - Reaction-Diffusion Dynamics Simulations of Bimolecular Quenching in 
Solution.pdf
├── ✓ Extracted text & tables (completed in 456.78s)
│   ├── Hardware Acceleration: GPU Active (CUDA (NVIDIA A100-SXM4-80GB))
│   ├── Extracted text & tables in-memory
│   ├── Saved cleaned PDF to tests/runs/2026-07-31_17-39-11/2026 - 
│   │   Reaction-Diffusion Dynamics Simulations of Bimolecular Quenching in 
│   │   Solution/extract/clean_2026 - Reaction-Diffusion Dynamics Simulations of
│   │   Bimolecular Quenching in Solution.pdf
│   ├── Saved unclean markdown to tests/runs/2026-07-31_17-39-11/2026 - 
│   │   Reaction-Diffusion Dynamics Simulations of Bimolecular Quenching in 
│   │   Solution/extract/output.md
│   ├── Saved cleaned markdown to tests/runs/2026-07-31_17-39-11/2026 - 
│   │   Reaction-Diffusion Dynamics Simulations of Bimolecular Quenching in 
│   │   Solution/extract/output_clean.md
│   ├── Saved 2 tables (txt & csv) to tests/runs/2026-07-31_17-39-11/2026 - 
│   │   Reaction-Diffusion Dynamics Simulations of Bimolecular Quenching in 
│   │   Solution/extract/tables
│   └── Saved execution logs to tests/runs/2026-07-31_17-39-11/2026 - 
│       Reaction-Diffusion Dynamics Simulations of Bimolecular Quenching in 
│       Solution/extract/log_2026 - Reaction-Diffusion Dynamics Simulations of 
│       Bimolecular Quenching in Solution.pdf.log
├── ✓ Categorised extracted tables using gemma4:31b (completed in 45.34s) (Total
│   tokens: 3247 in, 109 out)
│   ├── table1.txt: Not flagged (no experimental data, no polymers) (tokens: 
│   │   1574 in, 54 out)
│   └── table2.txt: Not flagged (no experimental data, no polymers) (tokens: 
│       1673 in, 55 out)
├── ⚠ No tables categorized as containing required parameters. Skipping 
│   interpretation.
└── Total time taken: 502.38s📄 2026 - Reaction‐Based Quantification of Surface Brønsted Acid Site Densities 
in Large‐Pore Zeolites and Their Consequences for Bulky Molecule 
Transformations.pdf
├── ✓ Extracted text & tables (completed in 19.70s)
│   ├── Hardware Acceleration: GPU Active (CUDA (NVIDIA A100-SXM4-80GB))
│   ├── Extracted text & tables in-memory
│   ├── Saved cleaned PDF to tests/runs/2026-07-31_17-39-11/2026 - 
│   │   Reaction‐Based Quantification of Surface Brønsted Acid Site Densities in
│   │   Large‐Pore Zeolites and Their Consequences for Bulky Molecule 
│   │   Transformations/extract/clean_2026 - Reaction‐Based Quantification of 
│   │   Surface Brønsted Acid Site Densities in Large‐Pore Zeolites and Their 
│   │   Consequences for Bulky Molecule Transformations.pdf
│   ├── Saved unclean markdown to tests/runs/2026-07-31_17-39-11/2026 - 
│   │   Reaction‐Based Quantification of Surface Brønsted Acid Site Densities in
│   │   Large‐Pore Zeolites and Their Consequences for Bulky Molecule 
│   │   Transformations/extract/output.md
│   ├── Saved cleaned markdown to tests/runs/2026-07-31_17-39-11/2026 - 
│   │   Reaction‐Based Quantification of Surface Brønsted Acid Site Densities in
│   │   Large‐Pore Zeolites and Their Consequences for Bulky Molecule 
│   │   Transformations/extract/output_clean.md
│   ├── Saved 3 tables (txt & csv) to tests/runs/2026-07-31_17-39-11/2026 - 
│   │   Reaction‐Based Quantification of Surface Brønsted Acid Site Densities in
│   │   Large‐Pore Zeolites and Their Consequences for Bulky Molecule 
│   │   Transformations/extract/tables
│   └── Saved execution logs to tests/runs/2026-07-31_17-39-11/2026 - 
│       Reaction‐Based Quantification of Surface Brønsted Acid Site Densities in
│       Large‐Pore Zeolites and Their Consequences for Bulky Molecule 
│       Transformations/extract/log_2026 - Reaction‐Based Quantification of 
│       Surface Brønsted Acid Site Densities in Large‐Pore Zeolites and Their 
│       Consequences for Bulky Molecule Transformations.pdf.log
├── ✓ Categorised extracted tables using gemma4:31b (completed in 55.03s) (Total
│   tokens: 5513 in, 183 out)
│   ├── table1.txt: Not flagged (no experimental data, no polymers) (tokens: 
│   │   1556 in, 57 out)
│   ├── table2.txt: Not flagged (no experimental data, no polymers) (tokens: 
│   │   1913 in, 69 out)
│   └── table3.txt: Not flagged (no experimental data, no polymers) (tokens: 
│       2044 in, 57 out)
├── ⚠ No tables categorized as containing required parameters. Skipping 
│   interpretation.
└── Total time taken: 74.91s📄 2026 - Reactive MD Screening of Antioxidants for Substituent-Dependent 
Phenoxyl Radical Stability.pdf
├── ✓ Extracted text & tables (completed in 14.82s)
│   ├── Hardware Acceleration: GPU Active (CUDA (NVIDIA A100-SXM4-80GB))
│   ├── Extracted text & tables in-memory
│   ├── Saved cleaned PDF to tests/runs/2026-07-31_17-39-11/2026 - Reactive MD 
│   │   Screening of Antioxidants for Substituent-Dependent Phenoxyl Radical 
│   │   Stability/extract/clean_2026 - Reactive MD Screening of Antioxidants for
│   │   Substituent-Dependent Phenoxyl Radical Stability.pdf
│   ├── Saved unclean markdown to tests/runs/2026-07-31_17-39-11/2026 - Reactive
│   │   MD Screening of Antioxidants for Substituent-Dependent Phenoxyl Radical 
│   │   Stability/extract/output.md
│   ├── Saved cleaned markdown to tests/runs/2026-07-31_17-39-11/2026 - Reactive
│   │   MD Screening of Antioxidants for Substituent-Dependent Phenoxyl Radical 
│   │   Stability/extract/output_clean.md
│   ├── Saved 0 tables (txt & csv) to tests/runs/2026-07-31_17-39-11/2026 - 
│   │   Reactive MD Screening of Antioxidants for Substituent-Dependent Phenoxyl
│   │   Radical Stability/extract/tables
│   └── Saved execution logs to tests/runs/2026-07-31_17-39-11/2026 - Reactive 
│       MD Screening of Antioxidants for Substituent-Dependent Phenoxyl Radical 
│       Stability/extract/log_2026 - Reactive MD Screening of Antioxidants for 
│       Substituent-Dependent Phenoxyl Radical Stability.pdf.log
├── ✓ Categorised extracted tables using gemma4:31b (completed in 0.00s)
│   └── No tables found to categorise
├── ⚠ No extracted tables found to interpret.
└── Total time taken: 15.11s📄 2026 - Redox Cycling in Two-Polarized Electrode Sensors_ Diagnostic Insights 
Guided by Theory.pdf
├── ✓ Extracted text & tables (completed in 190.19s)
│   ├── Hardware Acceleration: GPU Active (CUDA (NVIDIA A100-SXM4-80GB))
│   ├── Extracted text & tables in-memory
│   ├── Saved cleaned PDF to tests/runs/2026-07-31_17-39-11/2026 - Redox Cycling
│   │   in Two-Polarized Electrode Sensors_ Diagnostic Insights Guided by 
│   │   Theory/extract/clean_2026 - Redox Cycling in Two-Polarized Electrode 
│   │   Sensors_ Diagnostic Insights Guided by Theory.pdf
│   ├── Saved unclean markdown to tests/runs/2026-07-31_17-39-11/2026 - Redox 
│   │   Cycling in Two-Polarized Electrode Sensors_ Diagnostic Insights Guided 
│   │   by Theory/extract/output.md
│   ├── Saved cleaned markdown to tests/runs/2026-07-31_17-39-11/2026 - Redox 
│   │   Cycling in Two-Polarized Electrode Sensors_ Diagnostic Insights Guided 
│   │   by Theory/extract/output_clean.md
│   ├── Saved 1 tables (txt & csv) to tests/runs/2026-07-31_17-39-11/2026 - 
│   │   Redox Cycling in Two-Polarized Electrode Sensors_ Diagnostic Insights 
│   │   Guided by Theory/extract/tables
│   └── Saved execution logs to tests/runs/2026-07-31_17-39-11/2026 - Redox 
│       Cycling in Two-Polarized Electrode Sensors_ Diagnostic Insights Guided 
│       by Theory/extract/log_2026 - Redox Cycling in Two-Polarized Electrode 
│       Sensors_ Diagnostic Insights Guided by Theory.pdf.log
├── ✓ Categorised extracted tables using gemma4:31b (completed in 20.63s) (Total
│   tokens: 1328 in, 57 out)
│   └── table1.txt: Not flagged (no experimental data, no polymers) (tokens: 
│       1328 in, 57 out)
├── ⚠ No tables categorized as containing required parameters. Skipping 
│   interpretation.
└── Total time taken: 211.31s📄 2026 - Selective photocatalytic oxidative cleavage of terminal alkynes to 
carboxylic acids within a water-soluble Pd _sub_6__sub_ nanocage.pdf
├── ✓ Extracted text & tables (completed in 19.47s)
│   ├── Hardware Acceleration: GPU Active (CUDA (NVIDIA A100-SXM4-80GB))
│   ├── Extracted text & tables in-memory
│   ├── Saved cleaned PDF to tests/runs/2026-07-31_17-39-11/2026 - Selective 
│   │   photocatalytic oxidative cleavage of terminal alkynes to carboxylic 
│   │   acids within a water-soluble Pd _sub_6__sub_ nanocage/extract/clean_2026
│   │   - Selective photocatalytic oxidative cleavage of terminal alkynes to 
│   │   carboxylic acids within a water-soluble Pd _sub_6__sub_ nanocage.pdf
│   ├── Saved unclean markdown to tests/runs/2026-07-31_17-39-11/2026 - 
│   │   Selective photocatalytic oxidative cleavage of terminal alkynes to 
│   │   carboxylic acids within a water-soluble Pd _sub_6__sub_ 
│   │   nanocage/extract/output.md
│   ├── Saved cleaned markdown to tests/runs/2026-07-31_17-39-11/2026 - 
│   │   Selective photocatalytic oxidative cleavage of terminal alkynes to 
│   │   carboxylic acids within a water-soluble Pd _sub_6__sub_ 
│   │   nanocage/extract/output_clean.md
│   ├── Saved 3 tables (txt & csv) to tests/runs/2026-07-31_17-39-11/2026 - 
│   │   Selective photocatalytic oxidative cleavage of terminal alkynes to 
│   │   carboxylic acids within a water-soluble Pd _sub_6__sub_ 
│   │   nanocage/extract/tables
│   └── Saved execution logs to tests/runs/2026-07-31_17-39-11/2026 - Selective 
│       photocatalytic oxidative cleavage of terminal alkynes to carboxylic 
│       acids within a water-soluble Pd _sub_6__sub_ nanocage/extract/log_2026 -
│       Selective photocatalytic oxidative cleavage of terminal alkynes to 
│       carboxylic acids within a water-soluble Pd _sub_6__sub_ nanocage.pdf.log
├── ✓ Categorised extracted tables using gemma4:31b (completed in 52.92s) (Total
│   tokens: 6120 in, 181 out)
│   ├── table1.txt: Not flagged (no experimental data, no polymers) (tokens: 
│   │   2349 in, 69 out)
│   ├── table2.txt: Not flagged (no experimental data, no polymers) (tokens: 
│   │   1966 in, 55 out)
│   └── table3.txt: Not flagged (no experimental data, no polymers) (tokens: 
│       1805 in, 57 out)
├── ⚠ No tables categorized as containing required parameters. Skipping 
│   interpretation.
└── Total time taken: 72.55s📄 2026 - Sequence-encoded layered heteroleptic metalla-[2]catenanes for 
programmable supramolecular function.pdf
├── ✓ Extracted text & tables (completed in 14.27s)
│   ├── Hardware Acceleration: GPU Active (CUDA (NVIDIA A100-SXM4-80GB))
│   ├── Extracted text & tables in-memory
│   ├── Saved cleaned PDF to tests/runs/2026-07-31_17-39-11/2026 - 
│   │   Sequence-encoded layered heteroleptic metalla-[2]catenanes for 
│   │   programmable supramolecular function/extract/clean_2026 - 
│   │   Sequence-encoded layered heteroleptic metalla-[2]catenanes for 
│   │   programmable supramolecular function.pdf
│   ├── Saved unclean markdown to tests/runs/2026-07-31_17-39-11/2026 - 
│   │   Sequence-encoded layered heteroleptic metalla-[2]catenanes for 
│   │   programmable supramolecular function/extract/output.md
│   ├── Saved cleaned markdown to tests/runs/2026-07-31_17-39-11/2026 - 
│   │   Sequence-encoded layered heteroleptic metalla-[2]catenanes for 
│   │   programmable supramolecular function/extract/output_clean.md
│   ├── Saved 0 tables (txt & csv) to tests/runs/2026-07-31_17-39-11/2026 - 
│   │   Sequence-encoded layered heteroleptic metalla-[2]catenanes for 
│   │   programmable supramolecular function/extract/tables
│   └── Saved execution logs to tests/runs/2026-07-31_17-39-11/2026 - 
│       Sequence-encoded layered heteroleptic metalla-[2]catenanes for 
│       programmable supramolecular function/extract/log_2026 - Sequence-encoded
│       layered heteroleptic metalla-[2]catenanes for programmable 
│       supramolecular function.pdf.log
├── ✓ Categorised extracted tables using gemma4:31b (completed in 0.00s)
│   └── No tables found to categorise
├── ⚠ No extracted tables found to interpret.
└── Total time taken: 14.36s📄 2026 - Solubilization kinetics of oils by ionic and nonionic micelles_ a 
semiquantitative model.pdf
├── ✓ Extracted text & tables (completed in 39.88s)
│   ├── Hardware Acceleration: GPU Active (CUDA (NVIDIA A100-SXM4-80GB))
│   ├── Extracted text & tables in-memory
│   ├── Saved cleaned PDF to tests/runs/2026-07-31_17-39-11/2026 - 
│   │   Solubilization kinetics of oils by ionic and nonionic micelles_ a 
│   │   semiquantitative model/extract/clean_2026 - Solubilization kinetics of 
│   │   oils by ionic and nonionic micelles_ a semiquantitative model.pdf
│   ├── Saved unclean markdown to tests/runs/2026-07-31_17-39-11/2026 - 
│   │   Solubilization kinetics of oils by ionic and nonionic micelles_ a 
│   │   semiquantitative model/extract/output.md
│   ├── Saved cleaned markdown to tests/runs/2026-07-31_17-39-11/2026 - 
│   │   Solubilization kinetics of oils by ionic and nonionic micelles_ a 
│   │   semiquantitative model/extract/output_clean.md
│   ├── Saved 5 tables (txt & csv) to tests/runs/2026-07-31_17-39-11/2026 - 
│   │   Solubilization kinetics of oils by ionic and nonionic micelles_ a 
│   │   semiquantitative model/extract/tables
│   └── Saved execution logs to tests/runs/2026-07-31_17-39-11/2026 - 
│       Solubilization kinetics of oils by ionic and nonionic micelles_ a 
│       semiquantitative model/extract/log_2026 - Solubilization kinetics of 
│       oils by ionic and nonionic micelles_ a semiquantitative model.pdf.log
├── ✓ Categorised extracted tables using gemma4:31b (completed in 95.97s) (Total
│   tokens: 4925 in, 308 out)
│   ├── table1.txt: Not flagged (no experimental data, no polymers) (tokens: 869
│   │   in, 66 out)
│   ├── table2.txt: Not flagged (no experimental data, no polymers) (tokens: 
│   │   1007 in, 66 out)
│   ├── table3.txt: Not flagged (no polymers) (tokens: 1088 in, 55 out)
│   ├── table4.txt: Not flagged (no experimental data, no polymers) (tokens: 
│   │   1058 in, 67 out)
│   └── table5.txt: Not flagged (no experimental data, no polymers) (tokens: 903
│       in, 54 out)
├── ⚠ No tables categorized as containing required parameters. Skipping 
│   interpretation.
└── Total time taken: 135.99s📄 2026 - Spatiotemporal Analysis for Real-Time Non-Destructive Brix Estimation 
in Apples.pdf
├── ✓ Extracted text & tables (completed in 31.60s)
│   ├── Hardware Acceleration: GPU Active (CUDA (NVIDIA A100-SXM4-80GB))
│   ├── Extracted text & tables in-memory
│   ├── Saved cleaned PDF to tests/runs/2026-07-31_17-39-11/2026 - 
│   │   Spatiotemporal Analysis for Real-Time Non-Destructive Brix Estimation in
│   │   Apples/extract/clean_2026 - Spatiotemporal Analysis for Real-Time 
│   │   Non-Destructive Brix Estimation in Apples.pdf
│   ├── Saved unclean markdown to tests/runs/2026-07-31_17-39-11/2026 - 
│   │   Spatiotemporal Analysis for Real-Time Non-Destructive Brix Estimation in
│   │   Apples/extract/output.md
│   ├── Saved cleaned markdown to tests/runs/2026-07-31_17-39-11/2026 - 
│   │   Spatiotemporal Analysis for Real-Time Non-Destructive Brix Estimation in
│   │   Apples/extract/output_clean.md
│   ├── Saved 3 tables (txt & csv) to tests/runs/2026-07-31_17-39-11/2026 - 
│   │   Spatiotemporal Analysis for Real-Time Non-Destructive Brix Estimation in
│   │   Apples/extract/tables
│   └── Saved execution logs to tests/runs/2026-07-31_17-39-11/2026 - 
│       Spatiotemporal Analysis for Real-Time Non-Destructive Brix Estimation in
│       Apples/extract/log_2026 - Spatiotemporal Analysis for Real-Time 
│       Non-Destructive Brix Estimation in Apples.pdf.log
├── ✓ Categorised extracted tables using gemma4:31b (completed in 44.29s) (Total
│   tokens: 3262 in, 171 out)
│   ├── table1.txt: Not flagged (no experimental data, no polymers) (tokens: 717
│   │   in, 55 out)
│   ├── table2.txt: Not flagged (no experimental data, no polymers) (tokens: 698
│   │   in, 59 out)
│   └── table3.txt: Not flagged (no experimental data, no polymers) (tokens: 
│       1847 in, 57 out)
├── ⚠ No tables categorized as containing required parameters. Skipping 
│   interpretation.
└── Total time taken: 76.10s📄 2026 - Structural and dynamical crossovers in dense electrolytes.pdf
├── ✓ Extracted text & tables (completed in 313.59s)
│   ├── Hardware Acceleration: GPU Active (CUDA (NVIDIA A100-SXM4-80GB))
│   ├── Extracted text & tables in-memory
│   ├── Saved cleaned PDF to tests/runs/2026-07-31_17-39-11/2026 - Structural 
│   │   and dynamical crossovers in dense electrolytes/extract/clean_2026 - 
│   │   Structural and dynamical crossovers in dense electrolytes.pdf
│   ├── Saved unclean markdown to tests/runs/2026-07-31_17-39-11/2026 - 
│   │   Structural and dynamical crossovers in dense 
│   │   electrolytes/extract/output.md
│   ├── Saved cleaned markdown to tests/runs/2026-07-31_17-39-11/2026 - 
│   │   Structural and dynamical crossovers in dense 
│   │   electrolytes/extract/output_clean.md
│   ├── Saved 3 tables (txt & csv) to tests/runs/2026-07-31_17-39-11/2026 - 
│   │   Structural and dynamical crossovers in dense electrolytes/extract/tables
│   └── Saved execution logs to tests/runs/2026-07-31_17-39-11/2026 - Structural
│       and dynamical crossovers in dense electrolytes/extract/log_2026 - 
│       Structural and dynamical crossovers in dense electrolytes.pdf.log
├── ✓ Categorised extracted tables using gemma4:31b (completed in 58.69s) (Total
│   tokens: 3649 in, 167 out)
│   ├── table1.txt: Not flagged (no experimental data, no polymers) (tokens: 
│   │   1171 in, 56 out)
│   ├── table2.txt: Not flagged (no experimental data, no polymers) (tokens: 
│   │   1758 in, 57 out)
│   └── table3.txt: Not flagged (no experimental data, no polymers) (tokens: 720
│       in, 54 out)
├── ⚠ No tables categorized as containing required parameters. Skipping 
│   interpretation.
└── Total time taken: 372.63s📄 2026 - Suspended waveguide-enhanced near-infrared photothermal spectroscopy 
for ppb-level molecular gas sensing on a chalcogenide chip.pdf
├── ✓ Extracted text & tables (completed in 201.02s)
│   ├── Hardware Acceleration: GPU Active (CUDA (NVIDIA A100-SXM4-80GB))
│   ├── Extracted text & tables in-memory
│   ├── Saved cleaned PDF to tests/runs/2026-07-31_17-39-11/2026 - Suspended 
│   │   waveguide-enhanced near-infrared photothermal spectroscopy for ppb-level
│   │   molecular gas sensing on a chalcogenide chip/extract/clean_2026 - 
│   │   Suspended waveguide-enhanced near-infrared photothermal spectroscopy for
│   │   ppb-level molecular gas sensing on a chalcogenide chip.pdf
│   ├── Saved unclean markdown to tests/runs/2026-07-31_17-39-11/2026 - 
│   │   Suspended waveguide-enhanced near-infrared photothermal spectroscopy for
│   │   ppb-level molecular gas sensing on a chalcogenide chip/extract/output.md
│   ├── Saved cleaned markdown to tests/runs/2026-07-31_17-39-11/2026 - 
│   │   Suspended waveguide-enhanced near-infrared photothermal spectroscopy for
│   │   ppb-level molecular gas sensing on a chalcogenide 
│   │   chip/extract/output_clean.md
│   ├── Saved 0 tables (txt & csv) to tests/runs/2026-07-31_17-39-11/2026 - 
│   │   Suspended waveguide-enhanced near-infrared photothermal spectroscopy for
│   │   ppb-level molecular gas sensing on a chalcogenide chip/extract/tables
│   └── Saved execution logs to tests/runs/2026-07-31_17-39-11/2026 - Suspended 
│       waveguide-enhanced near-infrared photothermal spectroscopy for ppb-level
│       molecular gas sensing on a chalcogenide chip/extract/log_2026 - 
│       Suspended waveguide-enhanced near-infrared photothermal spectroscopy for
│       ppb-level molecular gas sensing on a chalcogenide chip.pdf.log
├── ✓ Categorised extracted tables using gemma4:31b (completed in 0.00s)
│   └── No tables found to categorise
├── ⚠ No extracted tables found to interpret.
└── Total time taken: 201.13s📄 2026 - Tailoring lithium dicyanoimidazolide_ structure–property 
relationships.pdf
├── ✓ Extracted text & tables (completed in 21.38s)
│   ├── Hardware Acceleration: GPU Active (CUDA (NVIDIA A100-SXM4-80GB))
│   ├── Extracted text & tables in-memory
│   ├── Saved cleaned PDF to tests/runs/2026-07-31_17-39-11/2026 - Tailoring 
│   │   lithium dicyanoimidazolide_ structure–property 
│   │   relationships/extract/clean_2026 - Tailoring lithium dicyanoimidazolide_
│   │   structure–property relationships.pdf
│   ├── Saved unclean markdown to tests/runs/2026-07-31_17-39-11/2026 - 
│   │   Tailoring lithium dicyanoimidazolide_ structure–property 
│   │   relationships/extract/output.md
│   ├── Saved cleaned markdown to tests/runs/2026-07-31_17-39-11/2026 - 
│   │   Tailoring lithium dicyanoimidazolide_ structure–property 
│   │   relationships/extract/output_clean.md
│   ├── Saved 3 tables (txt & csv) to tests/runs/2026-07-31_17-39-11/2026 - 
│   │   Tailoring lithium dicyanoimidazolide_ structure–property 
│   │   relationships/extract/tables
│   └── Saved execution logs to tests/runs/2026-07-31_17-39-11/2026 - Tailoring 
│       lithium dicyanoimidazolide_ structure–property 
│       relationships/extract/log_2026 - Tailoring lithium dicyanoimidazolide_ 
│       structure–property relationships.pdf.log
├── ✓ Categorised extracted tables using gemma4:31b (completed in 58.06s) (Total
│   tokens: 7253 in, 193 out)
│   ├── table1.txt: Not flagged (no experimental data, no polymers) (tokens: 
│   │   1735 in, 67 out)
│   ├── table2.txt: Not flagged (no polymers) (tokens: 3404 in, 71 out)
│   └── table3.txt: Not flagged (no experimental data, no polymers) (tokens: 
│       2114 in, 55 out)
├── ⚠ No tables categorized as containing required parameters. Skipping 
│   interpretation.
└── Total time taken: 79.57s📄 2026 - The Application of Manganese Complexes with Some Tetraazamacrocycles 
Immobilized in a Nafion Layer on a Glassy Carbon Electrode in Anodic Heterogenic
.pdf
├── ✓ Extracted text & tables (completed in 22.68s)
│   ├── Hardware Acceleration: GPU Active (CUDA (NVIDIA A100-SXM4-80GB))
│   ├── Extracted text & tables in-memory
│   ├── Saved cleaned PDF to tests/runs/2026-07-31_17-39-11/2026 - The 
│   │   Application of Manganese Complexes with Some Tetraazamacrocycles 
│   │   Immobilized in a Nafion Layer on a Glassy Carbon Electrode in Anodic 
│   │   Heterogenic /extract/clean_2026 - The Application of Manganese Complexes
│   │   with Some Tetraazamacrocycles Immobilized in a Nafion Layer on a Glassy 
│   │   Carbon Electrode in Anodic Heterogenic .pdf
│   ├── Saved unclean markdown to tests/runs/2026-07-31_17-39-11/2026 - The 
│   │   Application of Manganese Complexes with Some Tetraazamacrocycles 
│   │   Immobilized in a Nafion Layer on a Glassy Carbon Electrode in Anodic 
│   │   Heterogenic /extract/output.md
│   ├── Saved cleaned markdown to tests/runs/2026-07-31_17-39-11/2026 - The 
│   │   Application of Manganese Complexes with Some Tetraazamacrocycles 
│   │   Immobilized in a Nafion Layer on a Glassy Carbon Electrode in Anodic 
│   │   Heterogenic /extract/output_clean.md
│   ├── Saved 3 tables (txt & csv) to tests/runs/2026-07-31_17-39-11/2026 - The 
│   │   Application of Manganese Complexes with Some Tetraazamacrocycles 
│   │   Immobilized in a Nafion Layer on a Glassy Carbon Electrode in Anodic 
│   │   Heterogenic /extract/tables
│   └── Saved execution logs to tests/runs/2026-07-31_17-39-11/2026 - The 
│       Application of Manganese Complexes with Some Tetraazamacrocycles 
│       Immobilized in a Nafion Layer on a Glassy Carbon Electrode in Anodic 
│       Heterogenic /extract/log_2026 - The Application of Manganese Complexes 
│       with Some Tetraazamacrocycles Immobilized in a Nafion Layer on a Glassy 
│       Carbon Electrode in Anodic Heterogenic .pdf.log
├── ✓ Categorised extracted tables using gemma4:31b (completed in 67.13s) (Total
│   tokens: 5201 in, 171 out)
│   ├── table1.txt: raw (tokens: 1894 in, 57 out)
│   ├── table2.txt: raw (tokens: 2090 in, 57 out)
│   └── table3.txt: Not flagged (no experimental data, no polymers) (tokens: 
│       1217 in, 57 out)
├── ⚠ No tables categorized as containing required parameters. Skipping 
│   interpretation.
└── Total time taken: 90.01s📄 2026 - The bis-salphen Zn( _scp_ii__scp_ ) unit_ a versatile building block 
for self-assembled heteroleptic coordination cages.pdf
├── ✓ Extracted text & tables (completed in 20.54s)
│   ├── Hardware Acceleration: GPU Active (CUDA (NVIDIA A100-SXM4-80GB))
│   ├── Extracted text & tables in-memory
│   ├── Saved cleaned PDF to tests/runs/2026-07-31_17-39-11/2026 - The 
│   │   bis-salphen Zn( _scp_ii__scp_ ) unit_ a versatile building block for 
│   │   self-assembled heteroleptic coordination cages/extract/clean_2026 - The 
│   │   bis-salphen Zn( _scp_ii__scp_ ) unit_ a versatile building block for 
│   │   self-assembled heteroleptic coordination cages.pdf
│   ├── Saved unclean markdown to tests/runs/2026-07-31_17-39-11/2026 - The 
│   │   bis-salphen Zn( _scp_ii__scp_ ) unit_ a versatile building block for 
│   │   self-assembled heteroleptic coordination cages/extract/output.md
│   ├── Saved cleaned markdown to tests/runs/2026-07-31_17-39-11/2026 - The 
│   │   bis-salphen Zn( _scp_ii__scp_ ) unit_ a versatile building block for 
│   │   self-assembled heteroleptic coordination cages/extract/output_clean.md
│   ├── Saved 0 tables (txt & csv) to tests/runs/2026-07-31_17-39-11/2026 - The 
│   │   bis-salphen Zn( _scp_ii__scp_ ) unit_ a versatile building block for 
│   │   self-assembled heteroleptic coordination cages/extract/tables
│   └── Saved execution logs to tests/runs/2026-07-31_17-39-11/2026 - The 
│       bis-salphen Zn( _scp_ii__scp_ ) unit_ a versatile building block for 
│       self-assembled heteroleptic coordination cages/extract/log_2026 - The 
│       bis-salphen Zn( _scp_ii__scp_ ) unit_ a versatile building block for 
│       self-assembled heteroleptic coordination cages.pdf.log
├── ✓ Categorised extracted tables using gemma4:31b (completed in 0.00s)
│   └── No tables found to categorise
├── ⚠ No extracted tables found to interpret.
└── Total time taken: 20.66s📄 2026 - The role of interfacial excess charge in the reversibility of proton 
and hydroxide solvation in electrocatalysis and bipolar membranes.pdf
├── ✓ Extracted text & tables (completed in 17.83s)
│   ├── Hardware Acceleration: GPU Active (CUDA (NVIDIA A100-SXM4-80GB))
│   ├── Extracted text & tables in-memory
│   ├── Saved cleaned PDF to tests/runs/2026-07-31_17-39-11/2026 - The role of 
│   │   interfacial excess charge in the reversibility of proton and hydroxide 
│   │   solvation in electrocatalysis and bipolar membranes/extract/clean_2026 -
│   │   The role of interfacial excess charge in the reversibility of proton and
│   │   hydroxide solvation in electrocatalysis and bipolar membranes.pdf
│   ├── Saved unclean markdown to tests/runs/2026-07-31_17-39-11/2026 - The role
│   │   of interfacial excess charge in the reversibility of proton and 
│   │   hydroxide solvation in electrocatalysis and bipolar 
│   │   membranes/extract/output.md
│   ├── Saved cleaned markdown to tests/runs/2026-07-31_17-39-11/2026 - The role
│   │   of interfacial excess charge in the reversibility of proton and 
│   │   hydroxide solvation in electrocatalysis and bipolar 
│   │   membranes/extract/output_clean.md
│   ├── Saved 0 tables (txt & csv) to tests/runs/2026-07-31_17-39-11/2026 - The 
│   │   role of interfacial excess charge in the reversibility of proton and 
│   │   hydroxide solvation in electrocatalysis and bipolar 
│   │   membranes/extract/tables
│   └── Saved execution logs to tests/runs/2026-07-31_17-39-11/2026 - The role 
│       of interfacial excess charge in the reversibility of proton and 
│       hydroxide solvation in electrocatalysis and bipolar 
│       membranes/extract/log_2026 - The role of interfacial excess charge in 
│       the reversibility of proton and hydroxide solvation in electrocatalysis 
│       and bipolar membranes.pdf.log
├── ✓ Categorised extracted tables using gemma4:31b (completed in 0.00s)
│   └── No tables found to categorise
├── ⚠ No extracted tables found to interpret.
└── Total time taken: 17.98s📄 2026 - Theory in Practice_ Testing the Limits of the Randles–Ševčík 
Equation.pdf
├── ✓ Extracted text & tables (completed in 57.91s)
│   ├── Hardware Acceleration: GPU Active (CUDA (NVIDIA A100-SXM4-80GB))
│   ├── Extracted text & tables in-memory
│   ├── Saved cleaned PDF to tests/runs/2026-07-31_17-39-11/2026 - Theory in 
│   │   Practice_ Testing the Limits of the Randles–Ševčík 
│   │   Equation/extract/clean_2026 - Theory in Practice_ Testing the Limits of 
│   │   the Randles–Ševčík Equation.pdf
│   ├── Saved unclean markdown to tests/runs/2026-07-31_17-39-11/2026 - Theory 
│   │   in Practice_ Testing the Limits of the Randles–Ševčík 
│   │   Equation/extract/output.md
│   ├── Saved cleaned markdown to tests/runs/2026-07-31_17-39-11/2026 - Theory 
│   │   in Practice_ Testing the Limits of the Randles–Ševčík 
│   │   Equation/extract/output_clean.md
│   ├── Saved 0 tables (txt & csv) to tests/runs/2026-07-31_17-39-11/2026 - 
│   │   Theory in Practice_ Testing the Limits of the Randles–Ševčík 
│   │   Equation/extract/tables
│   └── Saved execution logs to tests/runs/2026-07-31_17-39-11/2026 - Theory in 
│       Practice_ Testing the Limits of the Randles–Ševčík 
│       Equation/extract/log_2026 - Theory in Practice_ Testing the Limits of 
│       the Randles–Ševčík Equation.pdf.log
├── ✓ Categorised extracted tables using gemma4:31b (completed in 0.00s)
│   └── No tables found to categorise
├── ⚠ No extracted tables found to interpret.
└── Total time taken: 58.35s📄 2026 - Thin-Layer Electrochemistry_ Visualizing the Diffusion Layer During 
Chronoamperometry and Cyclic Voltammetry.pdf
├── ✓ Extracted text & tables (completed in 11.86s)
│   ├── Hardware Acceleration: GPU Active (CUDA (NVIDIA A100-SXM4-80GB))
│   ├── Extracted text & tables in-memory
│   ├── Saved cleaned PDF to tests/runs/2026-07-31_17-39-11/2026 - Thin-Layer 
│   │   Electrochemistry_ Visualizing the Diffusion Layer During 
│   │   Chronoamperometry and Cyclic Voltammetry/extract/clean_2026 - Thin-Layer
│   │   Electrochemistry_ Visualizing the Diffusion Layer During 
│   │   Chronoamperometry and Cyclic Voltammetry.pdf
│   ├── Saved unclean markdown to tests/runs/2026-07-31_17-39-11/2026 - 
│   │   Thin-Layer Electrochemistry_ Visualizing the Diffusion Layer During 
│   │   Chronoamperometry and Cyclic Voltammetry/extract/output.md
│   ├── Saved cleaned markdown to tests/runs/2026-07-31_17-39-11/2026 - 
│   │   Thin-Layer Electrochemistry_ Visualizing the Diffusion Layer During 
│   │   Chronoamperometry and Cyclic Voltammetry/extract/output_clean.md
│   ├── Saved 0 tables (txt & csv) to tests/runs/2026-07-31_17-39-11/2026 - 
│   │   Thin-Layer Electrochemistry_ Visualizing the Diffusion Layer During 
│   │   Chronoamperometry and Cyclic Voltammetry/extract/tables
│   └── Saved execution logs to tests/runs/2026-07-31_17-39-11/2026 - Thin-Layer
│       Electrochemistry_ Visualizing the Diffusion Layer During 
│       Chronoamperometry and Cyclic Voltammetry/extract/log_2026 - Thin-Layer 
│       Electrochemistry_ Visualizing the Diffusion Layer During 
│       Chronoamperometry and Cyclic Voltammetry.pdf.log
├── ✓ Categorised extracted tables using gemma4:31b (completed in 0.00s)
│   └── No tables found to categorise
├── ⚠ No extracted tables found to interpret.
└── Total time taken: 12.07s📄 2026 - Time-Dependent Evolution of 1-Pentene Cracking Pathways on H-ZSM-5 
Zeolite_ Role of Olefin Adsorption and Diffusion.pdf
├── ✓ Extracted text & tables (completed in 34.13s)
│   ├── Hardware Acceleration: GPU Active (CUDA (NVIDIA A100-SXM4-80GB))
│   ├── Extracted text & tables in-memory
│   ├── Saved cleaned PDF to tests/runs/2026-07-31_17-39-11/2026 - 
│   │   Time-Dependent Evolution of 1-Pentene Cracking Pathways on H-ZSM-5 
│   │   Zeolite_ Role of Olefin Adsorption and Diffusion/extract/clean_2026 - 
│   │   Time-Dependent Evolution of 1-Pentene Cracking Pathways on H-ZSM-5 
│   │   Zeolite_ Role of Olefin Adsorption and Diffusion.pdf
│   ├── Saved unclean markdown to tests/runs/2026-07-31_17-39-11/2026 - 
│   │   Time-Dependent Evolution of 1-Pentene Cracking Pathways on H-ZSM-5 
│   │   Zeolite_ Role of Olefin Adsorption and Diffusion/extract/output.md
│   ├── Saved cleaned markdown to tests/runs/2026-07-31_17-39-11/2026 - 
│   │   Time-Dependent Evolution of 1-Pentene Cracking Pathways on H-ZSM-5 
│   │   Zeolite_ Role of Olefin Adsorption and Diffusion/extract/output_clean.md
│   ├── Saved 4 tables (txt & csv) to tests/runs/2026-07-31_17-39-11/2026 - 
│   │   Time-Dependent Evolution of 1-Pentene Cracking Pathways on H-ZSM-5 
│   │   Zeolite_ Role of Olefin Adsorption and Diffusion/extract/tables
│   └── Saved execution logs to tests/runs/2026-07-31_17-39-11/2026 - 
│       Time-Dependent Evolution of 1-Pentene Cracking Pathways on H-ZSM-5 
│       Zeolite_ Role of Olefin Adsorption and Diffusion/extract/log_2026 - 
│       Time-Dependent Evolution of 1-Pentene Cracking Pathways on H-ZSM-5 
│       Zeolite_ Role of Olefin Adsorption and Diffusion.pdf.log
├── ✓ Categorised extracted tables using gemma4:31b (completed in 70.07s) (Total
│   tokens: 5339 in, 269 out)
│   ├── table1.txt: Not flagged (no experimental data, no polymers) (tokens: 
│   │   1243 in, 55 out)
│   ├── table2.txt: Not flagged (no experimental data, no polymers) (tokens: 
│   │   1244 in, 67 out)
│   ├── table3.txt: Not flagged (no experimental data, no polymers) (tokens: 
│   │   1357 in, 57 out)
│   └── table4.txt: Not flagged (no experimental data, no polymers) (tokens: 
│       1495 in, 90 out)
├── ⚠ No tables categorized as containing required parameters. Skipping 
│   interpretation.
└── Total time taken: 104.47s📄 2026 - Uranium Adsorption at Increased and Ultra-Trace Levels by Humic 
Acid-Coated Alumina_ Thermodynamic and Kinetic Studies.pdf
├── ✓ Extracted text & tables (completed in 13.73s)
│   ├── Hardware Acceleration: GPU Active (CUDA (NVIDIA A100-SXM4-80GB))
│   ├── Extracted text & tables in-memory
│   ├── Saved cleaned PDF to tests/runs/2026-07-31_17-39-11/2026 - Uranium 
│   │   Adsorption at Increased and Ultra-Trace Levels by Humic Acid-Coated 
│   │   Alumina_ Thermodynamic and Kinetic Studies/extract/clean_2026 - Uranium 
│   │   Adsorption at Increased and Ultra-Trace Levels by Humic Acid-Coated 
│   │   Alumina_ Thermodynamic and Kinetic Studies.pdf
│   ├── Saved unclean markdown to tests/runs/2026-07-31_17-39-11/2026 - Uranium 
│   │   Adsorption at Increased and Ultra-Trace Levels by Humic Acid-Coated 
│   │   Alumina_ Thermodynamic and Kinetic Studies/extract/output.md
│   ├── Saved cleaned markdown to tests/runs/2026-07-31_17-39-11/2026 - Uranium 
│   │   Adsorption at Increased and Ultra-Trace Levels by Humic Acid-Coated 
│   │   Alumina_ Thermodynamic and Kinetic Studies/extract/output_clean.md
│   ├── Saved 0 tables (txt & csv) to tests/runs/2026-07-31_17-39-11/2026 - 
│   │   Uranium Adsorption at Increased and Ultra-Trace Levels by Humic 
│   │   Acid-Coated Alumina_ Thermodynamic and Kinetic Studies/extract/tables
│   └── Saved execution logs to tests/runs/2026-07-31_17-39-11/2026 - Uranium 
│       Adsorption at Increased and Ultra-Trace Levels by Humic Acid-Coated 
│       Alumina_ Thermodynamic and Kinetic Studies/extract/log_2026 - Uranium 
│       Adsorption at Increased and Ultra-Trace Levels by Humic Acid-Coated 
│       Alumina_ Thermodynamic and Kinetic Studies.pdf.log
├── ✓ Categorised extracted tables using gemma4:31b (completed in 0.00s)
│   └── No tables found to categorise
├── ⚠ No extracted tables found to interpret.
└── Total time taken: 13.81s📄 2026 - Water-Dispersible Supramolecular Nanoparticles Formed by 
Dicarboxyl-bis-pillar[5]arene_CTAB Host–Guest Interaction as an Efficient 
Delivery System of .pdf
├── ✓ Extracted text & tables (completed in 26.68s)
│   ├── Hardware Acceleration: GPU Active (CUDA (NVIDIA A100-SXM4-80GB))
│   ├── Extracted text & tables in-memory
│   ├── Saved cleaned PDF to tests/runs/2026-07-31_17-39-11/2026 - 
│   │   Water-Dispersible Supramolecular Nanoparticles Formed by 
│   │   Dicarboxyl-bis-pillar[5]arene_CTAB Host–Guest Interaction as an 
│   │   Efficient Delivery System of /extract/clean_2026 - Water-Dispersible 
│   │   Supramolecular Nanoparticles Formed by 
│   │   Dicarboxyl-bis-pillar[5]arene_CTAB Host–Guest Interaction as an 
│   │   Efficient Delivery System of .pdf
│   ├── Saved unclean markdown to tests/runs/2026-07-31_17-39-11/2026 - 
│   │   Water-Dispersible Supramolecular Nanoparticles Formed by 
│   │   Dicarboxyl-bis-pillar[5]arene_CTAB Host–Guest Interaction as an 
│   │   Efficient Delivery System of /extract/output.md
│   ├── Saved cleaned markdown to tests/runs/2026-07-31_17-39-11/2026 - 
│   │   Water-Dispersible Supramolecular Nanoparticles Formed by 
│   │   Dicarboxyl-bis-pillar[5]arene_CTAB Host–Guest Interaction as an 
│   │   Efficient Delivery System of /extract/output_clean.md
│   ├── Saved 2 tables (txt & csv) to tests/runs/2026-07-31_17-39-11/2026 - 
│   │   Water-Dispersible Supramolecular Nanoparticles Formed by 
│   │   Dicarboxyl-bis-pillar[5]arene_CTAB Host–Guest Interaction as an 
│   │   Efficient Delivery System of /extract/tables
│   └── Saved execution logs to tests/runs/2026-07-31_17-39-11/2026 - 
│       Water-Dispersible Supramolecular Nanoparticles Formed by 
│       Dicarboxyl-bis-pillar[5]arene_CTAB Host–Guest Interaction as an 
│       Efficient Delivery System of /extract/log_2026 - Water-Dispersible 
│       Supramolecular Nanoparticles Formed by 
│       Dicarboxyl-bis-pillar[5]arene_CTAB Host–Guest Interaction as an 
│       Efficient Delivery System of .pdf.log
├── ✓ Categorised extracted tables using gemma4:31b (completed in 44.55s) (Total
│   tokens: 13249 in, 108 out)
│   ├── table1.txt: Not flagged (no experimental data, no polymers) (tokens: 
│   │   6512 in, 54 out)
│   └── table2.txt: Not flagged (no experimental data, no polymers) (tokens: 
│       6737 in, 54 out)
├── ⚠ No tables categorized as containing required parameters. Skipping 
│   interpretation.
└── Total time taken: 71.39s📄 2026 - Zr-gallic acid based metal organic compound as adsorbent for 
extraction of uranium( _scp_vi__scp_ ) from nitrate solution_ adsorption 
behaviors and me.pdf
├── ✓ Extracted text & tables (completed in 39.05s)
│   ├── Hardware Acceleration: GPU Active (CUDA (NVIDIA A100-SXM4-80GB))
│   ├── Extracted text & tables in-memory
│   ├── Saved cleaned PDF to tests/runs/2026-07-31_17-39-11/2026 - Zr-gallic 
│   │   acid based metal organic compound as adsorbent for extraction of 
│   │   uranium( _scp_vi__scp_ ) from nitrate solution_ adsorption behaviors and
│   │   me/extract/clean_2026 - Zr-gallic acid based metal organic compound as 
│   │   adsorbent for extraction of uranium( _scp_vi__scp_ ) from nitrate 
│   │   solution_ adsorption behaviors and me.pdf
│   ├── Saved unclean markdown to tests/runs/2026-07-31_17-39-11/2026 - 
│   │   Zr-gallic acid based metal organic compound as adsorbent for extraction 
│   │   of uranium( _scp_vi__scp_ ) from nitrate solution_ adsorption behaviors 
│   │   and me/extract/output.md
│   ├── Saved cleaned markdown to tests/runs/2026-07-31_17-39-11/2026 - 
│   │   Zr-gallic acid based metal organic compound as adsorbent for extraction 
│   │   of uranium( _scp_vi__scp_ ) from nitrate solution_ adsorption behaviors 
│   │   and me/extract/output_clean.md
│   ├── Saved 6 tables (txt & csv) to tests/runs/2026-07-31_17-39-11/2026 - 
│   │   Zr-gallic acid based metal organic compound as adsorbent for extraction 
│   │   of uranium( _scp_vi__scp_ ) from nitrate solution_ adsorption behaviors 
│   │   and me/extract/tables
│   └── Saved execution logs to tests/runs/2026-07-31_17-39-11/2026 - Zr-gallic 
│       acid based metal organic compound as adsorbent for extraction of 
│       uranium( _scp_vi__scp_ ) from nitrate solution_ adsorption behaviors and
│       me/extract/log_2026 - Zr-gallic acid based metal organic compound as 
│       adsorbent for extraction of uranium( _scp_vi__scp_ ) from nitrate 
│       solution_ adsorption behaviors and me.pdf.log
├── ✓ Categorised extracted tables using gemma4:31b (completed in 104.65s) 
│   (Total tokens: 7865 in, 378 out)
│   ├── table1.txt: Not flagged (no experimental data, no polymers) (tokens: 701
│   │   in, 67 out)
│   ├── table2.txt: Not flagged (no polymers) (tokens: 2072 in, 55 out)
│   ├── table3.txt: Not flagged (no polymers) (tokens: 994 in, 67 out)
│   ├── table4.txt: Not flagged (no experimental data, no polymers) (tokens: 
│   │   1406 in, 67 out)
│   ├── table5.txt: Not flagged (no experimental data, no polymers) (tokens: 
│   │   1674 in, 55 out)
│   └── table6.txt: Not flagged (no experimental data, no polymers) (tokens: 
│       1018 in, 67 out)
├── ⚠ No tables categorized as containing required parameters. Skipping 
│   interpretation.
└── Total time taken: 143.90s📄 2026 - 
分子動力学シミュレーションを用いた巨大分子の拡散係数における水和効果の評価法.pdf
├── ✓ Extracted text & tables (completed in 42.73s)
│   ├── Hardware Acceleration: GPU Active (CUDA (NVIDIA A100-SXM4-80GB))
│   ├── Extracted text & tables in-memory
│   ├── Saved cleaned PDF to tests/runs/2026-07-31_17-39-11/2026 - 
│   │   分子動力学シミュレーションを用いた巨大分子の拡散係数における水和効果の評
│   │   価法/extract/clean_2026 - 
│   │   分子動力学シミュレーションを用いた巨大分子の拡散係数における水和効果の評
│   │   価法.pdf
│   ├── Saved unclean markdown to tests/runs/2026-07-31_17-39-11/2026 - 
│   │   分子動力学シミュレーションを用いた巨大分子の拡散係数における水和効果の評
│   │   価法/extract/output.md
│   ├── Saved cleaned markdown to tests/runs/2026-07-31_17-39-11/2026 - 
│   │   分子動力学シミュレーションを用いた巨大分子の拡散係数における水和効果の評
│   │   価法/extract/output_clean.md
│   ├── Saved 1 tables (txt & csv) to tests/runs/2026-07-31_17-39-11/2026 - 
│   │   分子動力学シミュレーションを用いた巨大分子の拡散係数における水和効果の評
│   │   価法/extract/tables
│   └── Saved execution logs to tests/runs/2026-07-31_17-39-11/2026 - 
│       分子動力学シミュレーションを用いた巨大分子の拡散係数における水和効果の評
│       価法/extract/log_2026 - 
│       分子動力学シミュレーションを用いた巨大分子の拡散係数における水和効果の評
│       価法.pdf.log
├── ✓ Categorised extracted tables using gemma4:31b (completed in 12.55s) (Total
│   tokens: 606 in, 55 out)
│   └── table1.txt: Not flagged (no experimental data, no polymers) (tokens: 606
│       in, 55 out)
├── ⚠ No tables categorized as containing required parameters. Skipping 
│   interpretation.
└── Total time taken: 55.47s📄 List of Mark-Houwink Parameters BOOK APPENDIX.pdf
├── ✓ Extracted text & tables (completed in 271.35s)
│   ├── Hardware Acceleration: GPU Active (CUDA (NVIDIA A100-SXM4-80GB))
│   ├── Extracted text & tables in-memory
│   ├── Saved cleaned PDF to tests/runs/2026-07-31_17-39-11/List of Mark-Houwink
│   │   Parameters BOOK APPENDIX/extract/clean_List of Mark-Houwink Parameters 
│   │   BOOK APPENDIX.pdf
│   ├── Saved unclean markdown to tests/runs/2026-07-31_17-39-11/List of 
│   │   Mark-Houwink Parameters BOOK APPENDIX/extract/output.md
│   ├── Saved cleaned markdown to tests/runs/2026-07-31_17-39-11/List of 
│   │   Mark-Houwink Parameters BOOK APPENDIX/extract/output_clean.md
│   ├── Saved 23 tables (txt & csv) to tests/runs/2026-07-31_17-39-11/List of 
│   │   Mark-Houwink Parameters BOOK APPENDIX/extract/tables
│   └── Saved execution logs to tests/runs/2026-07-31_17-39-11/List of 
│       Mark-Houwink Parameters BOOK APPENDIX/extract/log_List of Mark-Houwink 
│       Parameters BOOK APPENDIX.pdf.log
├── ✓ Categorised extracted tables using gemma4:31b (completed in 467.97s) 
│   (Total tokens: 117282 in, 1318 out)
│   ├── table1.txt: Not flagged (no polymers) (tokens: 4108 in, 54 out)
│   ├── table2.txt: Not flagged (no polymers) (tokens: 4550 in, 54 out)
│   ├── table3.txt: Not flagged (no polymers) (tokens: 4603 in, 54 out)
│   ├── table4.txt: Not flagged (no polymers) (tokens: 4663 in, 70 out)
│   ├── table5.txt: Not flagged (no polymers) (tokens: 4899 in, 70 out)
│   ├── table6.txt: Not flagged (no polymers) (tokens: 3601 in, 57 out)
│   ├── table7.txt: Not flagged (no polymers) (tokens: 6426 in, 54 out)
│   ├── table8.txt: Not flagged (no polymers) (tokens: 6973 in, 56 out)
│   ├── table9.txt: Not flagged (no polymers) (tokens: 6350 in, 56 out)
│   ├── table10.txt: Not flagged (no polymers) (tokens: 3396 in, 56 out)
│   ├── table11.txt: Not flagged (no experimental data, no polymers) (tokens: 
│   │   4754 in, 57 out)
│   ├── table12.txt: Not flagged (no experimental data, no polymers) (tokens: 
│   │   5177 in, 57 out)
│   ├── table13.txt: Not flagged (no polymers) (tokens: 5240 in, 55 out)
│   ├── table14.txt: Not flagged (no polymers) (tokens: 5313 in, 55 out)
│   ├── table15.txt: Not flagged (no experimental data, no polymers) (tokens: 
│   │   5394 in, 57 out)
│   ├── table16.txt: Not flagged (no polymers) (tokens: 5386 in, 55 out)
│   ├── table17.txt: Not flagged (no polymers) (tokens: 5004 in, 57 out)
│   ├── table18.txt: Not flagged (no polymers) (tokens: 5330 in, 55 out)
│   ├── table19.txt: Not flagged (no polymers) (tokens: 5294 in, 57 out)
│   ├── table20.txt: Not flagged (no polymers) (tokens: 4421 in, 55 out)
│   ├── table21.txt: Not flagged (no experimental data, no polymers) (tokens: 
│   │   5313 in, 69 out)
│   ├── table22.txt: Not flagged (no experimental data, no polymers) (tokens: 
│   │   5754 in, 54 out)
│   └── table23.txt: Not flagged (no experimental data, no polymers) (tokens: 
│       5333 in, 54 out)
├── ⚠ No tables categorized as containing required parameters. Skipping 
│   interpretation.
└── Total time taken: 739.73s📄 Polymer Molecular Weight BOOK CHAPTER.pdf
├── ✓ Extracted text & tables (completed in 58.96s)
│   ├── Hardware Acceleration: GPU Active (CUDA (NVIDIA A100-SXM4-80GB))
│   ├── Extracted text & tables in-memory
│   ├── Saved cleaned PDF to tests/runs/2026-07-31_17-39-11/Polymer Molecular 
│   │   Weight BOOK CHAPTER/extract/clean_Polymer Molecular Weight BOOK 
│   │   CHAPTER.pdf
│   ├── Saved unclean markdown to tests/runs/2026-07-31_17-39-11/Polymer 
│   │   Molecular Weight BOOK CHAPTER/extract/output.md
│   ├── Saved cleaned markdown to tests/runs/2026-07-31_17-39-11/Polymer 
│   │   Molecular Weight BOOK CHAPTER/extract/output_clean.md
│   ├── Saved 0 tables (txt & csv) to tests/runs/2026-07-31_17-39-11/Polymer 
│   │   Molecular Weight BOOK CHAPTER/extract/tables
│   └── Saved execution logs to tests/runs/2026-07-31_17-39-11/Polymer Molecular
│       Weight BOOK CHAPTER/extract/log_Polymer Molecular Weight BOOK 
│       CHAPTER.pdf.log
├── ✓ Categorised extracted tables using gemma4:31b (completed in 0.00s)
│   └── No tables found to categorise
├── ⚠ No extracted tables found to interpret.
└── Total time taken: 59.03s📄 
characterization-of-polymer-molecular-weight-distribution-by-nmr-diffusometry-ex
perimental-criteria-and-findings.pdf
├── ✓ Extracted text & tables (completed in 106.23s)
│   ├── Hardware Acceleration: GPU Active (CUDA (NVIDIA A100-SXM4-80GB))
│   ├── Extracted text & tables in-memory
│   ├── Saved cleaned PDF to 
│   │   tests/runs/2026-07-31_17-39-11/characterization-of-polymer-molecular-wei
│   │   ght-distribution-by-nmr-diffusometry-experimental-criteria-and-findings/
│   │   extract/clean_characterization-of-polymer-molecular-weight-distribution-
│   │   by-nmr-diffusometry-experimental-criteria-and-findings.pdf
│   ├── Saved unclean markdown to 
│   │   tests/runs/2026-07-31_17-39-11/characterization-of-polymer-molecular-wei
│   │   ght-distribution-by-nmr-diffusometry-experimental-criteria-and-findings/
│   │   extract/output.md
│   ├── Saved cleaned markdown to 
│   │   tests/runs/2026-07-31_17-39-11/characterization-of-polymer-molecular-wei
│   │   ght-distribution-by-nmr-diffusometry-experimental-criteria-and-findings/
│   │   extract/output_clean.md
│   ├── Saved 3 tables (txt & csv) to 
│   │   tests/runs/2026-07-31_17-39-11/characterization-of-polymer-molecular-wei
│   │   ght-distribution-by-nmr-diffusometry-experimental-criteria-and-findings/
│   │   extract/tables
│   └── Saved execution logs to 
│       tests/runs/2026-07-31_17-39-11/characterization-of-polymer-molecular-wei
│       ght-distribution-by-nmr-diffusometry-experimental-criteria-and-findings/
│       extract/log_characterization-of-polymer-molecular-weight-distribution-by
│       -nmr-diffusometry-experimental-criteria-and-findings.pdf.log
├── ✓ Categorised extracted tables using gemma4:31b (completed in 84.84s) (Total
│   tokens: 5934 in, 166 out)
│   ├── table1.txt: Not flagged (no experimental data, no polymers) (tokens: 
│   │   1752 in, 58 out)
│   ├── table2.txt: Not flagged (no polymers) (tokens: 3210 in, 54 out)
│   └── table3.txt: Not flagged (no polymers) (tokens: 972 in, 54 out)
├── ⚠ No tables categorized as containing required parameters. Skipping 
│   interpretation.
└── Total time taken: 191.82s📄 
dramatically-increased-binding-constant-of-water-soluble-cyclodextrin-hyperbranc
hed-polymers-explored-with-diffusion.pdf
├── ✓ Extracted text & tables (completed in 128.28s)
│   ├── Hardware Acceleration: GPU Active (CUDA (NVIDIA A100-SXM4-80GB))
│   ├── Extracted text & tables in-memory
│   ├── Saved cleaned PDF to 
│   │   tests/runs/2026-07-31_17-39-11/dramatically-increased-binding-constant-o
│   │   f-water-soluble-cyclodextrin-hyperbranched-polymers-explored-with-diffus
│   │   ion/extract/clean_dramatically-increased-binding-constant-of-water-solub
│   │   le-cyclodextrin-hyperbranched-polymers-explored-with-diffusion.pdf
│   ├── Saved unclean markdown to 
│   │   tests/runs/2026-07-31_17-39-11/dramatically-increased-binding-constant-o
│   │   f-water-soluble-cyclodextrin-hyperbranched-polymers-explored-with-diffus
│   │   ion/extract/output.md
│   ├── Saved cleaned markdown to 
│   │   tests/runs/2026-07-31_17-39-11/dramatically-increased-binding-constant-o
│   │   f-water-soluble-cyclodextrin-hyperbranched-polymers-explored-with-diffus
│   │   ion/extract/output_clean.md
│   ├── Saved 3 tables (txt & csv) to 
│   │   tests/runs/2026-07-31_17-39-11/dramatically-increased-binding-constant-o
│   │   f-water-soluble-cyclodextrin-hyperbranched-polymers-explored-with-diffus
│   │   ion/extract/tables
│   └── Saved execution logs to 
│       tests/runs/2026-07-31_17-39-11/dramatically-increased-binding-constant-o
│       f-water-soluble-cyclodextrin-hyperbranched-polymers-explored-with-diffus
│       ion/extract/log_dramatically-increased-binding-constant-of-water-soluble
│       -cyclodextrin-hyperbranched-polymers-explored-with-diffusion.pdf.log
├── ✓ Categorised extracted tables using gemma4:31b (completed in 53.03s) (Total
│   tokens: 5913 in, 178 out)
│   ├── table1.txt: Not flagged (no polymers) (tokens: 2357 in, 54 out)
│   ├── table2.txt: Not flagged (no experimental data, no polymers) (tokens: 
│   │   1784 in, 67 out)
│   └── table3.txt: raw (tokens: 1772 in, 57 out)
├── ⚠ No tables categorized as containing required parameters. Skipping 
│   interpretation.
└── Total time taken: 181.98s───────────────────────────── PROCESS ALL SUMMARY ──────────────────────────────

┏━━━━━━━━━━━━━━━━━━━━━━━━━━━━━━━━━━━━━━━━━━┳━━━━━━━━━━━━━━━━━━┳━━━━━━━━━━━━━━━━┓
┃ PDF File                                 ┃ Tables Extracted ┃ Execution Time ┃
┡━━━━━━━━━━━━━━━━━━━━━━━━━━━━━━━━━━━━━━━━━━╇━━━━━━━━━━━━━━━━━━╇━━━━━━━━━━━━━━━━┩
│ 1983 - A pulsed field gradient NMR study │                1 │        356.10s │
│ of Self-diffusion in a polydisperse      │                  │                │
│ polymer system dextran in water.pdf      │                  │                │
│ 1985 - The effect of polydispersity on   │                1 │         89.89s │
│ measuring polymer self-diffusion with    │                  │                │
│ the NMR pulsed field gradient            │                  │                │
│ technique.pdf                            │                  │                │
│ 1993 - Diffusion coefficients of several │                9 │        301.66s │
│ aqueous alkanolamine solutions.pdf       │                  │                │
│ 1993 - Resolution of Discrete and        │                0 │        171.94s │
│ Continuous Molecular Size Distributions  │                  │                │
│ by Means of Diffusion-Ordered 2D NMR     │                  │                │
│ Spectroscopy.pdf                         │                  │                │
│ 1994 - Molecular Weight Dependence of    │               19 │        858.43s │
│ Hydrodynamic and Thermodynamic           │                  │                │
│ Properties for Well-Defined Linear       │                  │                │
│ Polymers in Solution.pdf                 │                  │                │
│ 1994 - Structural Information on         │                2 │        521.64s │
│ Hyaluronic Acid Solutions As Studied by  │                  │                │
│ Probe Diffusion Experiments.pdf          │                  │                │
│ 1995 - Determination of MWD for Polymers │                2 │        177.97s │
│ by Diffusion-Ordered NMR.pdf             │                  │                │
│ 1995 - Determination of Molecular Weight │                2 │        230.06s │
│ Distributions for Polymers by diffusion  │                  │                │
│ NMR.pdf                                  │                  │                │
│ 1996 - polydispersity index and          │                0 │        510.52s │
│ molecular weight distributions of        │                  │                │
│ polymers.pdf                             │                  │                │
│ 1998 - diffusion separated NMR of        │                0 │          9.20s │
│ polymer mixtures.pdf                     │                  │                │
│ 2003 - Diffusion-Ordered NMR             │                1 │         39.47s │
│ Spectroscopy - A Versatile Tool for the  │                  │                │
│ Molecular Weight Determination of        │                  │                │
│ Uncharged Polysaccharides.pdf            │                  │                │
│ 2004 - 2D and 3D DOSY methods for        │                1 │         38.00s │
│ studying mixtures of oligomeric          │                  │                │
│ dimethoxysiloxanes.pdf                   │                  │                │
│ 2004 - Polymer Chain Dynamics and NMR    │                7 │        587.51s │
│ -.pdf                                    │                  │                │
│ 2006 - Use of Pulsed Gradient Spin−Echo  │                1 │         29.34s │
│ NMR as a Tool in MALDI Method            │                  │                │
│ Development for Polymer Molecular Weight │                  │                │
│ Determination.pdf                        │                  │                │
│ 2006 - Useful applications of DOSY       │                0 │          7.13s │
│ experiments for the study of mushroom    │                  │                │
│ polysaccharides.pdf                      │                  │                │
│ 2008 - Determination of the Chemical     │                6 │        170.94s │
│ Structure of Poly-β-pinene by NMR        │                  │                │
│ Spectroscopy.pdf                         │                  │                │
│ 2008 - Number-average molecular weight   │                3 │        153.05s │
│ of branched polymers from SEC with       │                  │                │
│ viscosity detection and universal        │                  │                │
│ calibration.pdf                          │                  │                │
│ 2009 - Improved compositional analysis   │                1 │         25.29s │
│ of block copolymers using DOSY.pdf       │                  │                │
│ 2009 - Molecular Weight Determination of │                4 │        319.80s │
│ Block Copolymers by Pulsed Gradient Spin │                  │                │
│ Echo NMR.pdf                             │                  │                │
│ 2009 - NMR Measure of Translational      │                2 │        277.92s │
│ Diffusion and Fractal Dimension.         │                  │                │
│ Application to Molecular Mass            │                  │                │
│ Measurement.pdf                          │                  │                │
│ 2009 - NMR measure of Translational      │                2 │         55.26s │
│ Diffusion and Fractal Dimension.         │                  │                │
│ Application to molecular mass            │                  │                │
│ measurement - SI.pdf                     │                  │                │
│ 2009 - NMR studies of block copolymer    │                0 │          6.25s │
│ micelles.pdf                             │                  │                │
│ 2009 - Stepto - Dispersity in polymer    │                0 │          3.20s │
│ science  IUPAC Recommendation 2009.pdf   │                  │                │
│ 2009 - The Mark–Houwink–Sakurada         │                8 │        302.12s │
│ Equation for the Viscosity of Atactic    │                  │                │
│ Polystyrene.pdf                          │                  │                │
│ 2010 - 1H NMR Spectroscopic Study of the │                1 │         24.99s │
│ Solution Structure of a Conjugated       │                  │                │
│ Polymer.pdf                              │                  │                │
│ 2010 - Investigation on extremely dilute │                2 │        134.65s │
│ solution of PEO by PFG NMR.pdf           │                  │                │
│ 2010 - Self-diffusion in polymer systems │                1 │        334.04s │
│ studied by magnetic field-gradient       │                  │                │
│ spin-echo NMR methods.pdf                │                  │                │
│ 2010 - Validation of molecular mass      │                1 │         24.43s │
│ measurements by means of diffusion       │                  │                │
│ ordered NMR spectroscopy - application   │                  │                │
│ to oligosaccharides.pdf                  │                  │                │
│ 2011 - A Simple Access to the LogNormal  │                2 │        306.65s │
│ Molecular weight distribution parameters │                  │                │
│ of Polymers using PGSTE NMR.pdf          │                  │                │
│ 2011 - DOSY Experiments to Monitor Block │                0 │          8.13s │
│ Copolymer Polymerization.pdf             │                  │                │
│ 2011 - Information derived from          │                0 │          9.32s │
│ PGSE-NMR-Ion Diffusion Behaviour.pdf     │                  │                │
│ 2011 - Polydispersity index of polymers  │                1 │        118.07s │
│ revealed by DOSY NMR.pdf                 │                  │                │
│ 2011 - Polymer Molecular Weight Analysis │                2 │        249.48s │
│ by 1H NMR Spectroscopy.pdf               │                  │                │
│ 2011 - Self-diffusion in a hyaluronic    │                2 │        137.84s │
│ acid–albumin–water system as studied by  │                  │                │
│ NMR.pdf                                  │                  │                │
│ 2011 - on the inversion of diffusion NMR │                0 │        196.71s │
│ data - tikhonov regularisation and       │                  │                │
│ optimal choice of the regularisation     │                  │                │
│ parameter.pdf                            │                  │                │
│ 2011 - polydispersity indexs of polymers │                0 │          2.04s │
│ revealed by DOSY - abstract.pdf          │                  │                │
│ 2012 - Application of 1H DOSY for Facile │                3 │         82.23s │
│ Measurement of Polymer Molecular         │                  │                │
│ Weights.pdf                              │                  │                │
│ 2012 - Diffusion ordered spectroscopy    │                0 │          6.56s │
│ (DOSY) as a powerful tool for            │                  │                │
│ amphiphilic block copolymer              │                  │                │
│ characterization and for critical        │                  │                │
│ micelle concentration (cmc)              │                  │                │
│ determination.pdf                        │                  │                │
│ 2012 - Diffusion ordered spectroscopy    │                0 │          6.81s │
│ (DOSY) as a powerful tool for            │                  │                │
│ amphiphilic block copolymer              │                  │                │
│ characterization and for critical        │                  │                │
│ micelle concentration.pdf                │                  │                │
│ 2012 - Monitoring the functionalization  │                1 │         32.24s │
│ of single-walled carbon nanotubes with   │                  │                │
│ chitosan and folic acid by               │                  │                │
│ two-dimensional diffusion-ordered NMR    │                  │                │
│ spectroscopy.pdf                         │                  │                │
│ 2012 - Online Tracing of Molecular       │                0 │          5.95s │
│ Weight Evolution during Radical          │                  │                │
│ Polymerization via high-resolution       │                  │                │
│ FlowNMR spectroscopy.pdf                 │                  │                │
│ 2013 - Application of 1H DOSY for Facile │                3 │         79.56s │
│ Measurement of Polymer Molecular         │                  │                │
│ Weights.pdf                              │                  │                │
│ 2013 - Quantitative analysis of polymer  │                4 │        167.10s │
│ mixtures in solution by pulsed           │                  │                │
│ field-gradient spin echo NMR             │                  │                │
│ spectroscopy.pdf                         │                  │                │
│ 2013 - Self-diffusion of water and       │                3 │        116.33s │
│ poly(amidoamine) dendrimers in dilute    │                  │                │
│ aqueous solutions.pdf                    │                  │                │
│ 2014 - Dal Poggetto - 19F DOSY NMR       │                0 │          3.11s │
│ analysis for spin systems with nJFF      │                  │                │
│ couplings.pdf                            │                  │                │
│ 2014 - Determination of the Average      │                4 │        301.09s │
│ Molecular Weight of Hydroxyethyl         │                  │                │
│ Starches by Diffusion Ordered NMR        │                  │                │
│ Spectroscopy.pdf                         │                  │                │
│ 2014 - Determination of the presence of  │                0 │          6.40s │
│ hyaluronic acid in preparations          │                  │                │
│ containing amino acids The molecular     │                  │                │
│ weight characterization.pdf              │                  │                │
│ 2014 - Diffusion NMR Study of            │                4 │         88.87s │
│ Generation-Five PAMAM Dendrimer          │                  │                │
│ Materials.pdf                            │                  │                │
│ 2015 - A “One NMR Tube Experiment”       │                3 │        146.87s │
│ providing data on monomer conversion,    │                  │                │
│ polymer structure, Mn and Mw.pdf         │                  │                │
│ 2015 - Accurate molecular weight         │                7 │        172.93s │
│ determination of small molecules via     │                  │                │
│ DOSY-NMR by using external calibration   │                  │                │
│ curves with normalized diffusion         │                  │                │
│ coefficients.pdf                         │                  │                │
│ 2015 - All Polymer Diffusion Regimes     │                1 │        262.36s │
│ Covered by Combining Field-Cycling and   │                  │                │
│ Field Gradient NMR.pdf                   │                  │                │
│ 2015 - Determination of the parameters   │                4 │        344.00s │
│ of molecular-weight distribution of      │                  │                │
│ hydroxyethyl starches by                 │                  │                │
│ diffusion-ordered NMR spectroscopy.pdf   │                  │                │
│ 2015 - Systematic bias in NMR diffusion  │                1 │        229.27s │
│ measurements on polydisperse systems.pdf │                  │                │
│ 2016 - 1 H DOSY NMR Determination of the │                2 │        368.42s │
│ Molecular Weight and the Solution        │                  │                │
│ Properties of Poly-( N                   │                  │                │
│ -acryloylmorpholine) in Various          │                  │                │
│ Solvents.pdf                             │                  │                │
│ 2016 - Diffusion-ordered spectroscopy    │                1 │         41.42s │
│ nmr an all-in-one tool to simultaneously │                  │                │
│ follow side-reactions, livingness and    │                  │                │
│ molar masses of polymethylmethacrylate   │                  │                │
│ by nitroxide mediated polymerisation.pdf │                  │                │
│ 2016 - Glycosylation intermediates       │                1 │         29.17s │
│ studied using low temperature 1H- and    │                  │                │
│ 19F-DOSY NMR new insight into the        │                  │                │
│ activation of trichloroacetimidates.pdf  │                  │                │
│ 2016 - Gosecka - DOSY NMR as a tool for  │                3 │         76.06s │
│ predicting optimal conditions for        │                  │                │
│ hydrogel formation.pdf                   │                  │                │
│ 2016 - The pH-responsive behaviour of    │                0 │        104.53s │
│ poly(acrylic acid) in aqueous solution   │                  │                │
│ is dependent on molar mass†.pdf          │                  │                │
│ 2016 - Xu - 19F DOSY diffusion‐NMR       │                1 │         46.01s │
│ spectroscopy of fluoropolymers.pdf       │                  │                │
│ 2017 - Analysis using size exclusion     │                0 │         30.27s │
│ chromatography of                        │                  │                │
│ poly(N-isopropylacrylamide) using        │                  │                │
│ methanol as an eleunt.pdf                │                  │                │
│ 2017 - Diffusion (DOSY) 1H NMR as an     │                1 │         49.46s │
│ Alternative Method for Molecular Weight  │                  │                │
│ Determination of Poly(ethylene           │                  │                │
│ furanoate) (PEF) Polyesters.pdf          │                  │                │
│ 2017 - Diffusion in Polymer Solutions    │                1 │         57.36s │
│ Molecular Weight Distribution by PFG-NMR │                  │                │
│ and Relation to SEC.pdf                  │                  │                │
│ 2017 - Diffusion ordered spectroscopy    │                0 │         16.28s │
│ (DOSY) as applied to polymers.pdf        │                  │                │
│ 2017 - Enzymatic and acidic degradation  │                0 │         18.26s │
│ of high molecular weight dextran.pdf     │                  │                │
│ 2017 - Fractionation and DOSY nmr as     │                2 │         56.42s │
│ analytical tools from model polymers to  │                  │                │
│ a technical lignin.pdf                   │                  │                │
│ 2017 - Molecular weight prediction in    │                4 │         98.08s │
│ polystyrene blends. Unprecedented use of │                  │                │
│ a genetic algorithm in pulse field       │                  │                │
│ gradient spin echo (PGSE) NMR.pdf        │                  │                │
│ 2017 - Scaling exponent and dispersity   │                0 │        179.79s │
│ of polymers in solution by diffusion     │                  │                │
│ NMR.pdf                                  │                  │                │
│ 2018 - Algebraic Reconstruction          │                3 │        260.71s │
│ Technique for Diffusion NMR Experiment   │                  │                │
│ Application to the Molecular Weight      │                  │                │
│ Prediction of Polymers.pdf               │                  │                │
│ 2018 - Determination of the Molecular    │                0 │        112.10s │
│ Weight of Conjugated Polymers with       │                  │                │
│ Diffusion-Ordered NMR Spectroscopy.pdf   │                  │                │
│ 2018 - Finite-Size Effects of Binary     │                2 │        434.30s │
│ Mutual Diffusion Coefficients from       │                  │                │
│ Molecular Dynamics.pdf                   │                  │                │
│ 2018 - Liquid-State NMR Analysis of      │                0 │        117.04s │
│ Nanocelluloses.pdf                       │                  │                │
│ 2018 - Novel method for the              │                0 │         15.91s │
│ determination of average molecular       │                  │                │
│ weight of natural polymers.pdf           │                  │                │
│ 2018 - PFG-NMR Studies of Linear and     │                4 │         75.08s │
│ Dendritic Polymers.pdf                   │                  │                │
│ 2019 - 1H PFG‐NMR Diffusion Study on a   │                2 │         76.19s │
│ Sequence‐Defined Macromolecule           │                  │                │
│ Confirming Monodispersity.pdf            │                  │                │
│ 2019 - Comprehensive Structural          │                1 │         37.83s │
│ Assessment of Linear Block Polymers by   │                  │                │
│ NMR and SEC.pdf                          │                  │                │
│ 2019 - Deconstructing Oligomer           │                0 │         17.76s │
│ Distributions Discrete Species and       │                  │                │
│ Artificial Distributions.pdf             │                  │                │
│ 2019 - Quantitative Studies of Block     │                6 │        329.00s │
│ Copolymers and Their Containing          │                  │                │
│ Homopolymer Components by Diffusion      │                  │                │
│ Ordered Spectroscopy.pdf                 │                  │                │
│ 2019 - Using Fractionation and Diffusion │                0 │          8.07s │
│ Ordered Spectroscopy to Study Lignin     │                  │                │
│ Molecular Weight.pdf                     │                  │                │
│ 2019 - polydispersity indexs of polymers │                0 │          1.85s │
│ revealed by DOSY - abstract.pdf          │                  │                │
│ 2020 - A multivariate approach to        │                6 │        230.53s │
│ invesigate the NMR CPMG pulse sequence   │                  │                │
│ for analysing low MW species in          │                  │                │
│ polymers.pdf                             │                  │                │
│ 2020 - Application of 1H DOSY NMR in     │                3 │        399.67s │
│ Measurement of Polystyrene Molecular     │                  │                │
│ Weights.pdf                              │                  │                │
│ 2020 - Diffusion of Polymethylene Chain  │                9 │        345.27s │
│ Molecules in Nonpolar Solvents.pdf       │                  │                │
│ 2020 - Hyperbranched polymers with       │                1 │         46.40s │
│ step-growth chemistries from             │                  │                │
│ transfer-dominated branching radical     │                  │                │
│ telomerisation (TBRT) of divinyl         │                  │                │
│ onomers.pdf                              │                  │                │
│ 2020 - Molecular Modeling to Estimate    │                1 │         38.16s │
│ the Diffusion Coefficients of Drugs and  │                  │                │
│ Other Small Molecules.pdf                │                  │                │
│ 2021 - A Method to Measure the Diffusion │                0 │         21.40s │
│ Coefficient in Liquids.pdf               │                  │                │
│ 2021 - Characterization of Polymer       │                3 │        215.25s │
│ Molecular Weight Distribution by NMR     │                  │                │
│ Diffusometry Experimental Criteria and   │                  │                │
│ Findings.pdf                             │                  │                │
│ 2021 - Is NMR Combined with Multivariate │                7 │        250.19s │
│ Regression Applicable for the Molecular  │                  │                │
│ Weight Determination of Randomly         │                  │                │
│ Cross-Linked Polymers such as Lignin.pdf │                  │                │
│ 2021 - Solvent‐Independent Molecular     │                3 │        391.80s │
│ Weight Determination of Polymers Based   │                  │                │
│ on a Truly  Universal Calibration.pdf    │                  │                │
│ 2021 - Solvent‐Independent Molecular     │                8 │        324.10s │
│ Weight Determination of Polymers Based   │                  │                │
│ on a Truly Universal Calibration SI.pdf  │                  │                │
│ 2021 - The block copolymer shuffle in    │                1 │         39.37s │
│ size exclusion chromatography the        │                  │                │
│ intrinsic problem with using elugrams to │                  │                │
│ determine chain extension success.pdf    │                  │                │
│ 2022 - Molar Mass Distribution and       │                3 │        282.44s │
│ Chemical Composition Distribution of     │                  │                │
│ PS‑b‑PMMA Block Copolymers Determined by │                  │                │
│ Diffusion Ordered Spectroscopy.pdf       │                  │                │
│ 2022 - Rapid Online Analysis of          │                0 │         20.39s │
│ Photopolymerization Kinetics and         │                  │                │
│ Molecular Weight Using Diffusion NMR.pdf │                  │                │
│ 2023 - 1H DOSY analysis of high          │                0 │         48.31s │
│ molecular weight acrylamide-based        │                  │                │
│ copolymer electrolytes using an          │                  │                │
│ inverse-geometry diffusion probe.pdf     │                  │                │
│ 2023 - A fast and efficient way of       │                8 │        364.52s │
│ obtaining the average molecular weight   │                  │                │
│ of block copolymers via DOSY.pdf         │                  │                │
│ 2023 - Diffusion NMR of Poly(acrylic     │                0 │        200.30s │
│ acid) Solutions Molar Mass Scaling and   │                  │                │
│ pH-Induced Conformational Variation.pdf  │                  │                │
│ 2023 - Diffusion-Ordered Spectroscopy    │                1 │         38.72s │
│ for Rapid and Facile Determination of    │                  │                │
│ Consumer Plastic Molecular Weight.pdf    │                  │                │
│ 2023 - Direct Extraction of Sodium       │                2 │         52.87s │
│ Hydroxide by Calix[4]pyrrole-Based       │                  │                │
│ Ion-Pair Receptors.pdf                   │                  │                │
│ 2023 - Polymer Molecular Weights via     │                0 │        106.18s │
│ Dosy nmr.pdf                             │                  │                │
│ 2023 - Silicone-specific identification  │                1 │        126.91s │
│ of trace polydimethylsiloxanes in wines  │                  │                │
│ with 2D-diffusion-ordered nuclear        │                  │                │
│ magnetic resonance spectroscopy          │                  │                │
│ (DOSY-NMR).pdf                           │                  │                │
│ 2023 - The Universal Calibration for     │                4 │        154.13s │
│ Structure- and Solvent-Independent Molar │                  │                │
│ Mass Determinations of Polymers Using    │                  │                │
│ Diffusion-Ordered Spectroscopy - SI.pdf  │                  │                │
│ 2023 - The Universal Calibration for     │                1 │        332.27s │
│ Structure- and Solvent-Independent Molar │                  │                │
│ Mass Determinations of Polymers Using    │                  │                │
│ Diffusion-Ordered Spectroscopy.pdf       │                  │                │
│ 2024 - Accurate Estimation of Diffusion  │                0 │         16.03s │
│ Coefficients and their Uncertainties     │                  │                │
│ from Computer Simulation.pdf             │                  │                │
│ 2024 - Diffusion Coefficients of Coated  │                5 │        297.44s │
│ Plasmonic Nanoparticles in Viscous       │                  │                │
│ Environment.pdf                          │                  │                │
│ 2024 - How Do We Set Up or Choose An     │                3 │        336.30s │
│ Optimal Procedure to Determine the       │                  │                │
│ Molecular Weight of Polymers with A Good │                  │                │
│ Accuracy Using Size Exclusion            │                  │                │
│ Chromatography.pdf                       │                  │                │
│ 2024 - Impedimetric Measurement of       │                0 │         97.60s │
│ Exchange Currents and Ionic Diffusion    │                  │                │
│ Coefficients in Individual               │                  │                │
│ Pseudocapacitive Nanoparticles.pdf       │                  │                │
│ 2024 - MaDDOSY  Mass Determination       │                0 │         17.39s │
│ Diffusion Ordered Spectroscopy  using an │                  │                │
│ 80 MHz Bench Top NMR for the Rapid       │                  │                │
│ Determination of Polymer and             │                  │                │
│ Macromolecular.pdf                       │                  │                │
│ 2024 - MaDDOSY (Mass Determination       │                7 │        190.55s │
│ Diffusion Ordered Spectroscopy) using a  │                  │                │
│ 80 MHz Bench Top NMR for the Rapid       │                  │                │
│ Determination of Polymer and             │                  │                │
│ Macromolecular Molecular Weight - SI.pdf │                  │                │
│ 2024 - Molar Mass Determination for      │               11 │       1226.19s │
│ Small and Large Molecules Using          │                  │                │
│ Diffusion-Ordered Spectroscopy - SI.pdf  │                  │                │
│ 2024 - Molar Mass Determination for      │                3 │        344.42s │
│ Small and Large Molecules Using          │                  │                │
│ Diffusion-Ordered Spectroscopy.pdf       │                  │                │
│ 2024 - Photophysical, thermal and        │                4 │        109.13s │
│ imaging studies on vancomycin functional │                  │                │
│ branched poly(N-.pdf                     │                  │                │
│ 2024 - Real-Time Determination of        │                0 │         21.06s │
│ Molecular Weight Use of MaDDOSY (Mass    │                  │                │
│ Determination Diffusion Ordered          │                  │                │
│ Spectroscopy) to Monitor the Progress of │                  │                │
│ Polymerization Reactions.pdf             │                  │                │
│ 2024 - Surface Plasmon Resonance Allows  │                2 │         63.64s │
│ to Correlate Molecular Properties With   │                  │                │
│ Diffusion Coefficients of Linear Chain   │                  │                │
│ Alcohols.pdf                             │                  │                │
│ 2024 - Towards the universal use of DOSY │                0 │         96.55s │
│ as a molar mass characterization tool    │                  │                │
│ temperature dependence investigations    │                  │                │
│ and a software tool to process diffusion │                  │                │
│ coefficients (2).pdf                     │                  │                │
│ 2024 - Towards the universal use of DOSY │                0 │         96.58s │
│ as a molar mass characterization tool    │                  │                │
│ temperature dependence investigations    │                  │                │
│ and a software tool to process diffusion │                  │                │
│ coefficients.pdf                         │                  │                │
│ 2024 - Tratz - Potential of Benchtop NMR │                5 │        335.09s │
│ for the Determination of Polymer         │                  │                │
│ Molar.pdf                                │                  │                │
│ 2025 - A Hierarchical Model for          │                1 │         89.91s │
│ Longitudinal and Intraparticle Diffusion │                  │                │
│ Coefficients in Liquid                   │                  │                │
│ Chromatography.pdf                       │                  │                │
│ 2025 - Accurate Determination of         │                1 │         43.50s │
│ Molecular Sizes of a Solute in Water     │                  │                │
│ From its Translational Self‐Diffusion    │                  │                │
│ Coefficient.pdf                          │                  │                │
│ 2025 - Beyond diffusion_ ion and         │                0 │         18.31s │
│ electron migration contribute to charge  │                  │                │
│ transport in redox-conducting            │                  │                │
│ metal–organic frameworks.pdf             │                  │                │
│ 2025 - Brenninkmeijer - Quantifying the  │                0 │         18.30s │
│ Biodegradation of Water‐Soluble Polymer  │                  │                │
│ Mixtures with Diffusion NMR              │                  │                │
│ Spectroscopy.pdf                         │                  │                │
│ 2025 - Broad‐Spectrum Diffusion          │                1 │        121.63s │
│ Coefficient Measurements via Surface     │                  │                │
│ Plasmon Resonance_ From Thermodynamics   │                  │                │
│ to Protein Conformational Disorders.pdf  │                  │                │
│ 2025 - Chemical structure                │                0 │         45.81s │
│ characterization of polysaccharides      │                  │                │
│ using diffusion ordered spectroscopy     │                  │                │
│ (DOSY).pdf                               │                  │                │
│ 2025 - Concentration-independent         │                0 │        155.86s │
│ molecular weight determination of        │                  │                │
│ polymers via diffusion NMR A universal   │                  │                │
│ approach across solvents.pdf             │                  │                │
│ 2025 - Determination of Mark-Houwink     │                0 │          1.07s │
│ parameters by NMR-DOSY.pdf               │                  │                │
│ 2025 - Determining the molecular         │                2 │         58.70s │
│ diffusion coefficient of naphthenic acid │                  │                │
│ in water as a heavy oil pollutant by     │                  │                │
│ experimental method.pdf                  │                  │                │
│ 2025 - Diffusion-programmed catalysis in │                0 │         12.74s │
│ nanoporous material.pdf                  │                  │                │
│ 2025 - Highly porous metal-organic       │                1 │         42.25s │
│ framework glass design and application   │                  │                │
│ for gas separation membranes.pdf         │                  │                │
│ 2025 - Hydration dynamics of             │                4 │         89.98s │
│ hydrocolloid particles - Part 2_         │                  │                │
│ Molecular dynamics simulation and        │                  │                │
│ correlation of self-diffusion            │                  │                │
│ coefficients with water vapor s.pdf      │                  │                │
│ 2025 - Molecular dynamics insights into  │                2 │         92.26s │
│ the adsorption mechanism of acidic gases │                  │                │
│ over iron based metal organic            │                  │                │
│ frameworks.pdf                           │                  │                │
│ 2025 - Overcoming ‘Diffusion Limits’ –   │                0 │         45.30s │
│ Principles required to measure high      │                  │                │
│ molar mass polymers by diffusion ordered │                  │                │
│ NMR.pdf                                  │                  │                │
│ 2025 - Revealing the Complexity of       │                8 │        140.55s │
│ Polysaccharides Advances in NMR          │                  │                │
│ Spectroscopy for Structural Elucidation  │                  │                │
│ and Functional Characterization.pdf      │                  │                │
│ 2025 - Silva - Polymer Dispersity        │                0 │        102.67s │
│ Determination by Diffusion‐Ordered       │                  │                │
│ Spectroscopy.pdf                         │                  │                │
│ 2025 -                                   │                1 │        124.37s │
│ maddflosy(mass-determination-via-diffus… │                  │                │
│ 2026 - A Dual‐Piezoelectric              │                0 │        116.33s │
│ Metal–Organic Cage_COF Z‐Scheme          │                  │                │
│ Heterojunction for Solar‐Mechanical      │                  │                │
│ Water Splitting.pdf                      │                  │                │
│ 2026 - A Molecular Dynamics              │                9 │        198.98s │
│ Investigation of Wax Crystallization in  │                  │                │
│ Crude Oil under Varying Pressures,       │                  │                │
│ Temperatures, and CO _sub_2__sub_        │                  │                │
│ Contents.pdf                             │                  │                │
│ 2026 - A multi-objective                 │                8 │        166.82s │
│ optimization-driven screening approach   │                  │                │
│ for maximizing hydrogen storage          │                  │                │
│ capacities in MOFs.pdf                   │                  │                │
│ 2026 - A neutral cyclic aluminium (I)    │                0 │         18.36s │
│ trimer.pdf                               │                  │                │
│ 2026 - Adsorption-Coupled Oxidation of   │                0 │        100.26s │
│ Single Ag Nanoparticles as Resolved by   │                  │                │
│ Stochastic Scanning Electrochemical      │                  │                │
│ Microscopy.pdf                           │                  │                │
│ 2026 - Advanced mixed-linker UiO-66 MOFs │                8 │        190.54s │
│ as high-performance functional materials │                  │                │
│ for removing emerging contaminants_      │                  │                │
│ DFT-guided design and real wastewater    │                  │                │
│ v.pdf                                    │                  │                │
│ 2026 - Assessment of Optical Properties  │                5 │        190.62s │
│ and Monte Carlo Multilayered Simulation  │                  │                │
│ of Light Propagation in Cherries for SSC │                  │                │
│ and MC Detection.pdf                     │                  │                │
│ 2026 - Asymmetric Xanthene with          │                3 │         86.81s │
│ Noncovalent Conformation Locks to Attain │                  │                │
│ High Fluorescence &gt;1500 nm.pdf        │                  │                │
│ 2026 - Atomically thin gold embedded in  │                0 │         32.55s │
│ inkjet-printed PVA hydrogels_ flexible   │                  │                │
│ catalysts for ambient phenol             │                  │                │
│ degradation.pdf                          │                  │                │
│ 2026 - Atomistic insights into fluoride  │                2 │         51.93s │
│ ion conduction in Ba1−xSnxF2 from 19F    │                  │                │
│ PFG-NMR studies.pdf                      │                  │                │
│ 2026 - Bi(III) Ion Electroreduction in   │                4 │        183.91s │
│ the Presence of Ethanol and Sodium       │                  │                │
│ 1‐Octanesulfonate at a Thin‐Layer        │                  │                │
│ Amalgam Electrode (Renewable Liquid      │                  │                │
│ Silver Amalga.pdf                        │                  │                │
│ 2026 - Calixarene-Based Nanostructures   │                1 │        132.32s │
│ for Delivering Coumarin 6 for Tumor-Cell │                  │                │
│ Imaging and Photoinduced Toxicity.pdf    │                  │                │
│ 2026 - Chelation-Driven Self-Assembly of │                0 │          8.62s │
│ Luminescent Magnesium Coordination       │                  │                │
│ Cages.pdf                                │                  │                │
│ 2026 - Chromatographic peak shape from a │                0 │        538.13s │
│ stochastic model_ Analytic time-domain   │                  │                │
│ expression in terms of physical          │                  │                │
│ parameters and conditions under which    │                  │                │
│ heterog.pdf                              │                  │                │
│ 2026 - Comparative Evaluation of Fe-MOF, │                0 │         32.88s │
│ Cu-MOF, and Bimetallic Fe_Cu-MOF for     │                  │                │
│ Enhanced CO₂ Adsorption_ Synthesis,      │                  │                │
│ Characterization, and Performance        │                  │                │
│ Analysis.pdf                             │                  │                │
│ 2026 - Conductive metal–organic          │                6 │        237.65s │
│ frameworks_ emerging strategies for      │                  │                │
│ high-performance energy storage.pdf      │                  │                │
│ 2026 - Counterion condensation, ion      │                3 │        117.62s │
│ pairing and scattering properties of     │                  │                │
│ carboxymethyl cellulose with mono- and   │                  │                │
│ di-valent ions.pdf                       │                  │                │
│ 2026 - Crown Ether Rotaxane‐Induced      │                0 │         21.05s │
│ Construction of COF Membranes With       │                  │                │
│ Recognition Channels for High‐Efficiency │                  │                │
│ Ion Sieving.pdf                          │                  │                │
│ 2026 - Curvature Dynamics of PEGDA       │                0 │        112.63s │
│ Asymmetric Networks via Frontal          │                  │                │
│ Photopolymerization_ Effect of Chain     │                  │                │
│ Length and Optical Attenuation.pdf       │                  │                │
│ 2026 - DOSY 1H NMR as an Accessible      │                2 │         61.14s │
│ Technique for Characterizing Trends in   │                  │                │
│ Bottlebrush Polymer Molecular Weight.pdf │                  │                │
│ 2026 - Dermal Absorption and             │                4 │         78.55s │
│ Quantitative Analysis of Amaranth, a     │                  │                │
│ Cosmetic Colorant, in Rat Skin Using an  │                  │                │
│ In Vitro Franz Diffusion Model.pdf       │                  │                │
│ 2026 - Design of Adsorption‒Diffusion    │                0 │         15.81s │
│ Dual‐Driven MOF Membranes for Efficient  │                  │                │
│ CO _sub_2__sub_ Separation.pdf           │                  │                │
│ 2026 - Determination of hydrocortisone   │                3 │         77.41s │
│ and cortisone in artificial saliva by    │                  │                │
│ spray assisted fine droplet formation    │                  │                │
│ liquid phase microextraction coupled to  │                  │                │
│ LC.pdf                                   │                  │                │
│ 2026 - Development of functionalized     │               11 │        290.11s │
│ MWCNT-Nafion modified glassy carbon      │                  │                │
│ electrode as a sensor for                │                  │                │
│ electrochemical studies and voltammetric │                  │                │
│ determination of .pdf                    │                  │                │
│ 2026 - Diethanolamine-assisted           │                1 │         50.74s │
│ construction of a hierarchical zeolite   │                  │                │
│ framework for enhanced diffusion and     │                  │                │
│ transformation of key intermediates in   │                  │                │
│ tandem cata.pdf                          │                  │                │
│ 2026 - Diffusion and Adsorption of       │                2 │        154.45s │
│ 2-Methylpentane and 3-Methylpentane in   │                  │                │
│ MFI-Type Zeolite Crystals.pdf            │                  │                │
│ 2026 - Diffusion in Ternary Electrolyte  │                6 │        230.70s │
│ Mixtures by Dynamic Light Scattering and │                  │                │
│ Molecular Dynamics Simulations.pdf       │                  │                │
│ 2026 - Diffusional aging at water_oil    │                0 │         18.75s │
│ interfaces laden with charged            │                  │                │
│ nanoparticles studied by single-molecule │                  │                │
│ tracking.pdf                             │                  │                │
│ 2026 - Diffusiophoretic transport of     │                0 │        151.61s │
│ colloids in porous media.pdf             │                  │                │
│ 2026 - Dimensionality reduction of       │                0 │         25.38s │
│ COSMO-RS molecular descriptor using      │                  │                │
│ functional principal component analysis  │                  │                │
│ (FPCA) for organic solvent mapping.pdf   │                  │                │
│ 2026 - Discovery of new formula          │                2 │        205.97s │
│ accurately determining organic compounds │                  │                │
│ aqueous diffusion coefficients by        │                  │                │
│ symbolic regression.pdf                  │                  │                │
│ 2026 - EVOLUTION OF FCC CATALYSTS AND    │                0 │          6.24s │
│ SELECTIVITY MECHANISMS_ A CONCEPTUAL     │                  │                │
│ MODEL BASED ON THE                       │                  │                │
│ STRUCTURE–ACIDITY–DIFFUSION APPROACH.pdf │                  │                │
│ 2026 - Electrodeposition of zero-valent  │                2 │        387.04s │
│ selenium nanoparticles onto glassy       │                  │                │
│ carbon electrode from ethaline deep      │                  │                │
│ eutectic solvent.pdf                     │                  │                │
│ 2026 - Electrolyte-Dependent,            │                4 │        285.64s │
│ “Microscopically Irreversible” H-Atom    │                  │                │
│ Transfer Kinetics of Ce-Based            │                  │                │
│ Metal–Organic Framework, Ce-MOF-808.pdf  │                  │                │
│ 2026 - Eliminating the negative pore     │                0 │         86.80s │
│ synergy in hierarchical porous           │                  │                │
│ metal-organic frameworks for isomer      │                  │                │
│ separation.pdf                           │                  │                │
│ 2026 - Elucidation of superionic         │                1 │         50.58s │
│ conduction in K _sub_2__sub_ NiF         │                  │                │
│ _sub_4__sub_ -type Ba–Li oxyhydrides     │                  │                │
│ from a first-principles molecular        │                  │                │
│ dynamics study.pdf                       │                  │                │
│ 2026 - Enhancing Temperature Sensitivity │                1 │         37.08s │
│ of Redox Potential via Redox-Induced     │                  │                │
│ Change in Copper Coordination Number by  │                  │                │
│ an External Ligand.pdf                   │                  │                │
│ 2026 - Entropic Tug of War_ Topological  │                0 │        380.02s │
│ Constraints Spontaneously Rectify the    │                  │                │
│ Dynamics of a Polymer with Heterogeneous │                  │                │
│ Fluctuations.pdf                         │                  │                │
│ 2026 - Evaluation of Green Solvents for  │                7 │        165.70s │
│ Soybean Oil Extraction Through           │                  │                │
│ Integration of COSMO-RS Screening,       │                  │                │
│ Accelerated Solvent Extraction, and      │                  │                │
│ Diffusion Kinet.pdf                      │                  │                │
│ 2026 - Exploiting a high-performance     │                0 │         43.74s │
│ magnesium-fluoride battery prototype     │                  │                │
│ enabled by anion-receptor-mediated       │                  │                │
│ electrolyte.pdf                          │                  │                │
│ 2026 - First-Principles Simulations of   │                0 │         24.16s │
│ Chemical Transformations in Nanoporous   │                  │                │
│ Materials and Industrial Catalysts.pdf   │                  │                │
│ 2026 - First-principles simulation of    │                5 │        197.35s │
│ spin diffusion in static solids using    │                  │                │
│ dynamic mean-field theory.pdf            │                  │                │
│ 2026 - Functionalized                    │                7 │        282.73s │
│ poly(glycidylmethacrylate) for selective │                  │                │
│ uranium( _scp_vi__scp_ ) adsorption_     │                  │                │
│ experimental and theoretical calculation │                  │                │
│ insights.pdf                             │                  │                │
│ 2026 - Harnessing confinement effect and │                0 │         26.78s │
│ interpretable machine learning to        │                  │                │
│ predict alkane diffusion in zeolite      │                  │                │
│ catalysts.pdf                            │                  │                │
│ 2026 - Henry’s Solubility and Diffusion  │                3 │        247.49s │
│ Coefficients for 29 Volatile Organic     │                  │                │
│ Compounds in Polydimethylsiloxane        │                  │                │
│ Sylgard 184 at 293 K.pdf                 │                  │                │
│ 2026 - Hydrophobic hydration of          │                2 │        155.03s │
│ analgesics and diltiazem complexes       │                  │                │
│ explored by electrochemical impedance    │                  │                │
│ spectroscopy and diffusion-ordered       │                  │                │
│ spectroscopy.pdf                         │                  │                │
│ 2026 - Hydroxyalkylation of Benzylic C─H │                1 │         26.34s │
│ Bonds via Heterogeneous                  │                  │                │
│ Photocatalysis.pdf                       │                  │                │
│ 2026 - Impact of Common Additives on the │                2 │         68.43s │
│ Micellization Properties of a            │                  │                │
│ Short-Alkyl-Chain Surface-Active Ionic   │                  │                │
│ Liquid in Aqueous Solution.pdf           │                  │                │
│ 2026 - In situ electro-polymerized       │                3 │         72.21s │
│ polyaniline thin film on highly porous   │                  │                │
│ carbon fiber felt for extraction and     │                  │                │
│ chromatographic detection of             │                  │                │
│ non-steroidal ant.pdf                    │                  │                │
│ 2026 - Incorporation of Ion Transport    │                0 │         16.85s │
│ Chains into Multivariate MOF for         │                  │                │
│ Improved Water Oxidation.pdf             │                  │                │
│ 2026 - Incorporation of NU-1000 into     │                2 │         96.80s │
│ cellulose acetate membranes with         │                  │                │
│ preserved indoxyl sulfate adsorption.pdf │                  │                │
│ 2026 - Integral-equation analysis of     │                2 │        303.69s │
│ transient diffusion-limited currents at  │                  │                │
│ disk electrodes_ Asymptotic expansion    │                  │                │
│ and compact approximation.pdf            │                  │                │
│ 2026 - Integrated Experimental and       │                3 │        168.69s │
│ Computational Insights into the          │                  │                │
│ Systematic Synthesis of                  │                  │                │
│ Cyclodextrin-based MOF.pdf               │                  │                │
│ 2026 - Intermolecular interactions       │                3 │        157.96s │
│ governing adsorption of bulky molecules  │                  │                │
│ on ZIF-8_ Insight from adsorption        │                  │                │
│ kinetics of benzene and 6-membered ring  │                  │                │
│ alicycli.pdf                             │                  │                │
│ 2026 - Ion Mobility Suite (IMoS) 2_ A    │                0 │        119.92s │
│ General Computational Framework for      │                  │                │
│ Solving the Generalized Boltzmann        │                  │                │
│ Equation with Rotational Transport for   │                  │                │
│ Polyatomic.pdf                           │                  │                │
│ 2026 - Lateral resolution of DGT         │                0 │         70.84s │
│ LA-ICP-MS for chemical imaging of metal  │                  │                │
│ solutes.pdf                              │                  │                │
│ 2026 - Mechanism-Inspired Ligand Design  │                0 │          9.01s │
│ for Efficient Copper-Catalyzed C–N       │                  │                │
│ Coupling of Aryl and Heteroaryl          │                  │                │
│ Chlorides.pdf                            │                  │                │
│ 2026 - Medium controlled redox activity  │               12 │        254.04s │
│ and coordination behavior of a triazole  │                  │                │
│ indolinone ligand with vanadyl lons.pdf  │                  │                │
│ 2026 - Methane diffusion path in HKUST-1 │                2 │        102.82s │
│ metal-organic framework revealed by      │                  │                │
│ atomistic simulations.pdf                │                  │                │
│ 2026 - Microporous MOF for simultaneous  │                0 │         19.17s │
│ high thermodynamic and kinetic           │                  │                │
│ synergistic separation of propylene and  │                  │                │
│ propane.pdf                              │                  │                │
│ 2026 - Modelling diffusion, decay and    │                3 │         97.56s │
│ ingrowth of U–Pb isotopes in zircon.pdf  │                  │                │
│ 2026 - Molecular diffusion enhanced      │                7 │        282.87s │
│ performance evaluation of metal-organic  │                  │                │
│ frameworks for CO2 capture.pdf           │                  │                │
│ 2026 - Monte Carlo simulations of ion    │                2 │        269.07s │
│ correlations and transport in highly     │                  │                │
│ concentrated liquid electrolytes.pdf     │                  │                │
│ 2026 - Multiphysics-guided design of     │                5 │        126.49s │
│ ZIF-67_MWCNT-modified electrodes for     │                  │                │
│ highly selective electrochemical         │                  │                │
│ detection of sunset yellow in complex    │                  │                │
│ food matrice.pdf                         │                  │                │
│ 2026 - NOCI-F Electronic Couplings in    │                5 │        202.49s │
│ Assemblies of Indolonaphthyridine        │                  │                │
│ Molecules_ From Dimers to the Full       │                  │                │
│ Stack.pdf                                │                  │                │
│ 2026 - Negative Gaseous Ions in          │                0 │         16.53s │
│ Positive-Voltage Electrospray Ionization │                  │                │
│ Mass Spectrometry.pdf                    │                  │                │
│ 2026 - Orbital-Engineered Amorphous 4d   │                1 │         34.25s │
│ Chloride Cathodes Enabling High-Voltage, │                  │                │
│ Multi-Electron, Electrolyte-Free         │                  │                │
│ Solid-State Batteries.pdf                │                  │                │
│ 2026 - Photothermal activation by hollow │                2 │         48.60s │
│ multishelled structure for efficient     │                  │                │
│ uranium extraction.pdf                   │                  │                │
│ 2026 - Precise Temperature-Gradient      │                0 │         24.67s │
│ Regulated Structure–Activity             │                  │                │
│ Relationship of PCN-224 as Bifunctional  │                  │                │
│ Nanocarriers.pdf                         │                  │                │
│ 2026 - Precise synthesis of π-conjugated │                0 │         21.13s │
│ [3]catenanes and Solomon link for        │                  │                │
│ photothermal responses via a dual-tuning │                  │                │
│ strategy.pdf                             │                  │                │
│ 2026 - Prediction of diffusion           │               10 │        214.48s │
│ coefficients in mixtures with tensor     │                  │                │
│ completion.pdf                           │                  │                │
│ 2026 - Programming Interfacial           │                2 │        176.39s │
│ Polymerization_ Machine Learning Unveils │                  │                │
│ Quantitative Rational Design Rules for   │                  │                │
│ Microcapsules and Beyond.pdf             │                  │                │
│ 2026 - RAFT enables controlled radical   │                1 │         33.87s │
│ ring-opening polymerisation of cyclic    │                  │                │
│ ketene acetals for degradable            │                  │                │
│ nanoparticles.pdf                        │                  │                │
│ 2026 - Reaction-Diffusion Dynamics       │                2 │        502.38s │
│ Simulations of Bimolecular Quenching in  │                  │                │
│ Solution.pdf                             │                  │                │
│ 2026 - Reaction‐Based Quantification of  │                3 │         74.91s │
│ Surface Brønsted Acid Site Densities in  │                  │                │
│ Large‐Pore Zeolites and Their            │                  │                │
│ Consequences for Bulky Molecule          │                  │                │
│ Transformations.pdf                      │                  │                │
│ 2026 - Reactive MD Screening of          │                0 │         15.11s │
│ Antioxidants for Substituent-Dependent   │                  │                │
│ Phenoxyl Radical Stability.pdf           │                  │                │
│ 2026 - Redox Cycling in Two-Polarized    │                1 │        211.31s │
│ Electrode Sensors_ Diagnostic Insights   │                  │                │
│ Guided by Theory.pdf                     │                  │                │
│ 2026 - Selective photocatalytic          │                3 │         72.55s │
│ oxidative cleavage of terminal alkynes   │                  │                │
│ to carboxylic acids within a             │                  │                │
│ water-soluble Pd _sub_6__sub_            │                  │                │
│ nanocage.pdf                             │                  │                │
│ 2026 - Sequence-encoded layered          │                0 │         14.36s │
│ heteroleptic metalla-[2]catenanes for    │                  │                │
│ programmable supramolecular function.pdf │                  │                │
│ 2026 - Solubilization kinetics of oils   │                5 │        135.99s │
│ by ionic and nonionic micelles_ a        │                  │                │
│ semiquantitative model.pdf               │                  │                │
│ 2026 - Spatiotemporal Analysis for       │                3 │         76.10s │
│ Real-Time Non-Destructive Brix           │                  │                │
│ Estimation in Apples.pdf                 │                  │                │
│ 2026 - Structural and dynamical          │                3 │        372.63s │
│ crossovers in dense electrolytes.pdf     │                  │                │
│ 2026 - Suspended waveguide-enhanced      │                0 │        201.13s │
│ near-infrared photothermal spectroscopy  │                  │                │
│ for ppb-level molecular gas sensing on a │                  │                │
│ chalcogenide chip.pdf                    │                  │                │
│ 2026 - Tailoring lithium                 │                3 │         79.57s │
│ dicyanoimidazolide_ structure–property   │                  │                │
│ relationships.pdf                        │                  │                │
│ 2026 - The Application of Manganese      │                3 │         90.01s │
│ Complexes with Some Tetraazamacrocycles  │                  │                │
│ Immobilized in a Nafion Layer on a       │                  │                │
│ Glassy Carbon Electrode in Anodic        │                  │                │
│ Heterogenic .pdf                         │                  │                │
│ 2026 - The bis-salphen Zn( _scp_ii__scp_ │                0 │         20.66s │
│ ) unit_ a versatile building block for   │                  │                │
│ self-assembled heteroleptic coordination │                  │                │
│ cages.pdf                                │                  │                │
│ 2026 - The role of interfacial excess    │                0 │         17.98s │
│ charge in the reversibility of proton    │                  │                │
│ and hydroxide solvation in               │                  │                │
│ electrocatalysis and bipolar             │                  │                │
│ membranes.pdf                            │                  │                │
│ 2026 - Theory in Practice_ Testing the   │                0 │         58.35s │
│ Limits of the Randles–Ševčík             │                  │                │
│ Equation.pdf                             │                  │                │
│ 2026 - Thin-Layer Electrochemistry_      │                0 │         12.07s │
│ Visualizing the Diffusion Layer During   │                  │                │
│ Chronoamperometry and Cyclic             │                  │                │
│ Voltammetry.pdf                          │                  │                │
│ 2026 - Time-Dependent Evolution of       │                4 │        104.47s │
│ 1-Pentene Cracking Pathways on H-ZSM-5   │                  │                │
│ Zeolite_ Role of Olefin Adsorption and   │                  │                │
│ Diffusion.pdf                            │                  │                │
│ 2026 - Uranium Adsorption at Increased   │                0 │         13.81s │
│ and Ultra-Trace Levels by Humic          │                  │                │
│ Acid-Coated Alumina_ Thermodynamic and   │                  │                │
│ Kinetic Studies.pdf                      │                  │                │
│ 2026 - Water-Dispersible Supramolecular  │                2 │         71.39s │
│ Nanoparticles Formed by                  │                  │                │
│ Dicarboxyl-bis-pillar[5]arene_CTAB       │                  │                │
│ Host–Guest Interaction as an Efficient   │                  │                │
│ Delivery System of .pdf                  │                  │                │
│ 2026 - Zr-gallic acid based metal        │                6 │        143.90s │
│ organic compound as adsorbent for        │                  │                │
│ extraction of uranium( _scp_vi__scp_ )   │                  │                │
│ from nitrate solution_ adsorption        │                  │                │
│ behaviors and me.pdf                     │                  │                │
│ 2026 -                                   │                1 │         55.47s │
│ 分子動力学シミュレーションを用いた巨大 … │                  │                │
│ List of Mark-Houwink Parameters BOOK     │               23 │        739.73s │
│ APPENDIX.pdf                             │                  │                │
│ Polymer Molecular Weight BOOK            │                0 │         59.03s │
│ CHAPTER.pdf                              │                  │                │
│ characterization-of-polymer-molecular-w… │                3 │        191.82s │
│ dramatically-increased-binding-constant… │                3 │        181.98s │
├──────────────────────────────────────────┼──────────────────┼────────────────┤
│ Total                                    │              527 │      32805.30s │
└──────────────────────────────────────────┴──────────────────┴────────────────┘

